sample	KEGG_N_GLYCAN_BIOSYNTHESIS	KEGG_OTHER_GLYCAN_DEGRADATION	KEGG_O_GLYCAN_BIOSYNTHESIS	KEGG_GLYCOSAMINOGLYCAN_DEGRADATION	KEGG_GLYCOSAMINOGLYCAN_BIOSYNTHESIS_KERATAN_SULFATE	KEGG_GLYCEROLIPID_METABOLISM	KEGG_GLYCOSYLPHOSPHATIDYLINOSITOL_GPI_ANCHOR_BIOSYNTHESIS	KEGG_GLYCEROPHOSPHOLIPID_METABOLISM	KEGG_ETHER_LIPID_METABOLISM	KEGG_ARACHIDONIC_ACID_METABOLISM	KEGG_LINOLEIC_ACID_METABOLISM	KEGG_ALPHA_LINOLENIC_ACID_METABOLISM	KEGG_SPHINGOLIPID_METABOLISM	KEGG_GLYCOSPHINGOLIPID_BIOSYNTHESIS_LACTO_AND_NEOLACTO_SERIES	KEGG_GLYCOSPHINGOLIPID_BIOSYNTHESIS_GLOBO_SERIES	KEGG_GLYCOSPHINGOLIPID_BIOSYNTHESIS_GANGLIO_SERIES	KEGG_RIBOFLAVIN_METABOLISM	KEGG_NICOTINATE_AND_NICOTINAMIDE_METABOLISM	KEGG_PANTOTHENATE_AND_COA_BIOSYNTHESIS	KEGG_AMINOACYL_TRNA_BIOSYNTHESIS	KEGG_BASAL_TRANSCRIPTION_FACTORS	KEGG_NON_HOMOLOGOUS_END_JOINING	KEGG_SNARE_INTERACTIONS_IN_VESICULAR_TRANSPORT	KEGG_LYSOSOME	KEGG_CARDIAC_MUSCLE_CONTRACTION	KEGG_RENIN_ANGIOTENSIN_SYSTEM	KEGG_CIRCADIAN_RHYTHM_MAMMAL	KEGG_TASTE_TRANSDUCTION	KEGG_PROXIMAL_TUBULE_BICARBONATE_RECLAMATION	KEGG_PATHOGENIC_ESCHERICHIA_COLI_INFECTION	KEGG_SYSTEMIC_LUPUS_ERYTHEMATOSUS	KEGG_PRIMARY_IMMUNODEFICIENCY	KEGG_HYPERTROPHIC_CARDIOMYOPATHY_HCM	KEGG_ARRHYTHMOGENIC_RIGHT_VENTRICULAR_CARDIOMYOPATHY_ARVC	KEGG_DILATED_CARDIOMYOPATHY	KEGG_GLYCOLYSIS_GLUCONEOGENESIS	KEGG_CITRATE_CYCLE_TCA_CYCLE	KEGG_PENTOSE_PHOSPHATE_PATHWAY	KEGG_PENTOSE_AND_GLUCURONATE_INTERCONVERSIONS	KEGG_FRUCTOSE_AND_MANNOSE_METABOLISM	KEGG_GALACTOSE_METABOLISM	KEGG_ASCORBATE_AND_ALDARATE_METABOLISM	KEGG_FATTY_ACID_METABOLISM	KEGG_STEROID_BIOSYNTHESIS	KEGG_PRIMARY_BILE_ACID_BIOSYNTHESIS	KEGG_STEROID_HORMONE_BIOSYNTHESIS	KEGG_OXIDATIVE_PHOSPHORYLATION	KEGG_PURINE_METABOLISM	KEGG_PYRIMIDINE_METABOLISM	KEGG_ALANINE_ASPARTATE_AND_GLUTAMATE_METABOLISM	KEGG_GLYCINE_SERINE_AND_THREONINE_METABOLISM	KEGG_CYSTEINE_AND_METHIONINE_METABOLISM	KEGG_VALINE_LEUCINE_AND_ISOLEUCINE_DEGRADATION	KEGG_VALINE_LEUCINE_AND_ISOLEUCINE_BIOSYNTHESIS	KEGG_LYSINE_DEGRADATION	KEGG_ARGININE_AND_PROLINE_METABOLISM	KEGG_HISTIDINE_METABOLISM	KEGG_TYROSINE_METABOLISM	KEGG_PHENYLALANINE_METABOLISM	KEGG_TRYPTOPHAN_METABOLISM	KEGG_BETA_ALANINE_METABOLISM	KEGG_TAURINE_AND_HYPOTAURINE_METABOLISM	KEGG_SELENOAMINO_ACID_METABOLISM	KEGG_GLUTATHIONE_METABOLISM	KEGG_STARCH_AND_SUCROSE_METABOLISM	KEGG_AMINO_SUGAR_AND_NUCLEOTIDE_SUGAR_METABOLISM	KEGG_GLYCOSAMINOGLYCAN_BIOSYNTHESIS_CHONDROITIN_SULFATE	KEGG_GLYCOSAMINOGLYCAN_BIOSYNTHESIS_HEPARAN_SULFATE	KEGG_INOSITOL_PHOSPHATE_METABOLISM	KEGG_PYRUVATE_METABOLISM	KEGG_GLYOXYLATE_AND_DICARBOXYLATE_METABOLISM	KEGG_PROPANOATE_METABOLISM	KEGG_BUTANOATE_METABOLISM	KEGG_ONE_CARBON_POOL_BY_FOLATE	KEGG_FOLATE_BIOSYNTHESIS	KEGG_RETINOL_METABOLISM	KEGG_PORPHYRIN_AND_CHLOROPHYLL_METABOLISM	KEGG_TERPENOID_BACKBONE_BIOSYNTHESIS	KEGG_LIMONENE_AND_PINENE_DEGRADATION	KEGG_NITROGEN_METABOLISM	KEGG_SULFUR_METABOLISM	KEGG_METABOLISM_OF_XENOBIOTICS_BY_CYTOCHROME_P450	KEGG_DRUG_METABOLISM_CYTOCHROME_P450	KEGG_DRUG_METABOLISM_OTHER_ENZYMES	KEGG_BIOSYNTHESIS_OF_UNSATURATED_FATTY_ACIDS	KEGG_ABC_TRANSPORTERS	KEGG_RIBOSOME	KEGG_RNA_DEGRADATION	KEGG_RNA_POLYMERASE	KEGG_DNA_REPLICATION	KEGG_SPLICEOSOME	KEGG_PROTEASOME	KEGG_PROTEIN_EXPORT	KEGG_PPAR_SIGNALING_PATHWAY	KEGG_BASE_EXCISION_REPAIR	KEGG_NUCLEOTIDE_EXCISION_REPAIR	KEGG_MISMATCH_REPAIR	KEGG_HOMOLOGOUS_RECOMBINATION	KEGG_MAPK_SIGNALING_PATHWAY	KEGG_ERBB_SIGNALING_PATHWAY	KEGG_CALCIUM_SIGNALING_PATHWAY	KEGG_CYTOKINE_CYTOKINE_RECEPTOR_INTERACTION	KEGG_CHEMOKINE_SIGNALING_PATHWAY	KEGG_PHOSPHATIDYLINOSITOL_SIGNALING_SYSTEM	KEGG_NEUROACTIVE_LIGAND_RECEPTOR_INTERACTION	KEGG_CELL_CYCLE	KEGG_OOCYTE_MEIOSIS	KEGG_P53_SIGNALING_PATHWAY	KEGG_UBIQUITIN_MEDIATED_PROTEOLYSIS	KEGG_REGULATION_OF_AUTOPHAGY	KEGG_ENDOCYTOSIS	KEGG_PEROXISOME	KEGG_MTOR_SIGNALING_PATHWAY	KEGG_APOPTOSIS	KEGG_VASCULAR_SMOOTH_MUSCLE_CONTRACTION	KEGG_WNT_SIGNALING_PATHWAY	KEGG_DORSO_VENTRAL_AXIS_FORMATION	KEGG_NOTCH_SIGNALING_PATHWAY	KEGG_HEDGEHOG_SIGNALING_PATHWAY	KEGG_TGF_BETA_SIGNALING_PATHWAY	KEGG_AXON_GUIDANCE	KEGG_VEGF_SIGNALING_PATHWAY	KEGG_FOCAL_ADHESION	KEGG_ECM_RECEPTOR_INTERACTION	KEGG_CELL_ADHESION_MOLECULES_CAMS	KEGG_ADHERENS_JUNCTION	KEGG_TIGHT_JUNCTION	KEGG_GAP_JUNCTION	KEGG_COMPLEMENT_AND_COAGULATION_CASCADES	KEGG_ANTIGEN_PROCESSING_AND_PRESENTATION	KEGG_TOLL_LIKE_RECEPTOR_SIGNALING_PATHWAY	KEGG_NOD_LIKE_RECEPTOR_SIGNALING_PATHWAY	KEGG_RIG_I_LIKE_RECEPTOR_SIGNALING_PATHWAY	KEGG_CYTOSOLIC_DNA_SENSING_PATHWAY	KEGG_JAK_STAT_SIGNALING_PATHWAY	KEGG_HEMATOPOIETIC_CELL_LINEAGE	KEGG_NATURAL_KILLER_CELL_MEDIATED_CYTOTOXICITY	KEGG_T_CELL_RECEPTOR_SIGNALING_PATHWAY	KEGG_B_CELL_RECEPTOR_SIGNALING_PATHWAY	KEGG_FC_EPSILON_RI_SIGNALING_PATHWAY	KEGG_FC_GAMMA_R_MEDIATED_PHAGOCYTOSIS	KEGG_LEUKOCYTE_TRANSENDOTHELIAL_MIGRATION	KEGG_INTESTINAL_IMMUNE_NETWORK_FOR_IGA_PRODUCTION	KEGG_LONG_TERM_POTENTIATION	KEGG_NEUROTROPHIN_SIGNALING_PATHWAY	KEGG_LONG_TERM_DEPRESSION	KEGG_OLFACTORY_TRANSDUCTION	KEGG_REGULATION_OF_ACTIN_CYTOSKELETON	KEGG_INSULIN_SIGNALING_PATHWAY	KEGG_GNRH_SIGNALING_PATHWAY	KEGG_PROGESTERONE_MEDIATED_OOCYTE_MATURATION	KEGG_MELANOGENESIS	KEGG_ADIPOCYTOKINE_SIGNALING_PATHWAY	KEGG_TYPE_II_DIABETES_MELLITUS	KEGG_TYPE_I_DIABETES_MELLITUS	KEGG_MATURITY_ONSET_DIABETES_OF_THE_YOUNG	KEGG_ALDOSTERONE_REGULATED_SODIUM_REABSORPTION	KEGG_VASOPRESSIN_REGULATED_WATER_REABSORPTION	KEGG_ALZHEIMERS_DISEASE	KEGG_PARKINSONS_DISEASE	KEGG_AMYOTROPHIC_LATERAL_SCLEROSIS_ALS	KEGG_HUNTINGTONS_DISEASE	KEGG_PRION_DISEASES	KEGG_VIBRIO_CHOLERAE_INFECTION	KEGG_EPITHELIAL_CELL_SIGNALING_IN_HELICOBACTER_PYLORI_INFECTION	KEGG_LEISHMANIA_INFECTION	KEGG_PATHWAYS_IN_CANCER	KEGG_COLORECTAL_CANCER	KEGG_RENAL_CELL_CARCINOMA	KEGG_PANCREATIC_CANCER	KEGG_ENDOMETRIAL_CANCER	KEGG_GLIOMA	KEGG_PROSTATE_CANCER	KEGG_THYROID_CANCER	KEGG_BASAL_CELL_CARCINOMA	KEGG_MELANOMA	KEGG_BLADDER_CANCER	KEGG_CHRONIC_MYELOID_LEUKEMIA	KEGG_ACUTE_MYELOID_LEUKEMIA	KEGG_SMALL_CELL_LUNG_CANCER	KEGG_NON_SMALL_CELL_LUNG_CANCER	KEGG_ASTHMA	KEGG_AUTOIMMUNE_THYROID_DISEASE	KEGG_ALLOGRAFT_REJECTION	KEGG_GRAFT_VERSUS_HOST_DISEASE	KEGG_VIRAL_MYOCARDITIS
EA595500	6.217560929547294	3.8954224120923517	2.3009034457387436	2.7782905765576285	0.9954262324995952	3.163299931200516	4.577595685492149	5.416408814306005	3.1559966511625683	4.620841144140962	1.5809974053849591	-0.0	2.987231972021016	2.312927823810986	1.581444657133137	1.5723767529056771	-0.0	2.3136420978302095	3.142267369215271	2.577051427751084	3.1653497431780613	1.5487995663683356	3.5825398915974844	9.592304035054536	7.2570756400842455	2.309256440963096	-0.0	3.691456350479704	2.801683091137852	7.575463937663214	7.383867456625052	6.425633012160301	6.358177937514666	5.841195604427813	6.611460475715326	6.800424415572054	6.6319818601273814	4.567596759815325	5.0071197079748995	4.515582431754888	3.3158414529994817	4.818774173516129	6.615816422953268	3.3018093479355928	0	4.961986998668717	10.453741621229746	7.561705808358683	6.834487322501994	3.6844459582765614	4.791892719419737	4.23686942585412	7.097080999152055	0	5.576871064569996	5.382716322611503	3.9845684425624794	3.99285868587877	2.9898731489184653	5.571985703550692	4.891590887644877	0	1.996918172361993	5.437505569915008	5.522945371728345	5.420087619636656	4.388492060359854	2.8030165354418237	5.846190214614987	5.9885933875400035	3.6825187765867824	5.990285865652111	5.194789667293165	2.320460559820794	0	5.355335861670778	4.816023495434316	-0.0	3.1641795734423397	0	0	5.321569756354828	5.640311490306022	5.549215254197841	0.9958457699602528	4.137433104508477	11.519818769106552	7.319348090223673	2.320255784932382	5.575283294508032	9.688017177544015	8.224536217293451	6.056440563734937	5.8968381937072065	4.085241232490529	5.6936030980709775	3.8030861777027565	2.802338335166132	10.187625484210542	7.407711900956678	7.626111689446084	8.850239624633131	9.333065325403588	6.730202120384174	6.976633797874256	8.477018209877933	8.514259706739118	5.607045426185848	9.669047092991832	3.803307401058644	9.708882320144664	6.934479951835916	7.021256016452879	7.433529556575223	7.5487636512747	8.516411076304188	3.7885425149062613	5.960036111185324	3.9943193060167714	6.9084229453702	8.005068473687942	6.846777098495529	10.23738822918849	7.737877606202453	8.406895686785615	7.213299531061922	8.202836703595425	6.943457965564934	6.83819839072068	8.44298282575928	8.435457564950633	6.976002804970967	6.635585791092648	4.080662613792737	8.478774169541476	7.092317691051448	8.614911939643223	8.710500839026885	7.90599891722083	7.1654596987439065	8.247221602464322	8.596955102721969	6.162022185381096	6.803601480715778	9.225647429168777	5.717503905306337	9.72195848837716	10.033494104484031	8.724183695809149	7.489584519644999	7.189243184134556	6.418951377949556	6.6788493673023694	4.850996804930562	6.680399796323282	1.9902898554348014	3.9882183701031204	5.200019673182109	10.409210225633403	10.353685202694356	4.56941078060317	10.635481549622238	4.4655697010532736	7.326323095842828	7.168925227235101	7.982120621943588	10.552984070490163	7.22765930947807	7.754507563160129	7.238031723233857	6.615677986018244	6.806621267437177	7.106145910391196	4.451753957871585	3.164634669455334	6.176161854214998	5.121155451345613	7.382168669558	6.8217125568223596	7.300572687924434	6.347064957599282	5.70008208647868	6.67952089541823	6.666402345097498	6.652872998767338	7.770919171331984
EA595522	6.394529148498396	4.375685346834869	2.9805515235557998	2.9689574737575932	0.9996791748859216	4.44839201562893	4.385668202505694	6.009597570604813	3.674014203254847	5.264835023540725	0.999130934074133	0	4.305713135434179	2.9880837528864164	1.9951331018014808	0.9805272613433004	2.583658332219492	2.796536164807803	3.4317069335347212	3.311072056375426	4.316640091654505	0.9716698251146983	5.237593826165367	9.830516651819064	7.718029737552183	2.575169218143675	-0.0	3.447446132092787	4.081281020157463	7.494553420306062	7.532078306498438	6.566515890275264	6.538137214586615	6.177268053401678	6.802726357297447	7.242746302455337	6.992170530355665	5.02622757391263	4.919514428796157	5.118892258756297	3.1622407366858014	5.092640144545883	7.503629235476411	3.674916102435299	1.5839536799147926	5.0066853955290345	10.894846278448497	8.205441753196109	7.310732103514981	4.7396485342384995	5.1429155238334365	4.231468156081066	8.016856446486102	0	6.3963078803492905	6.137832565047824	4.983987406504916	4.079150990560731	2.9940068923574326	6.501005310642386	5.568618674521839	0	1.5831132850794316	5.913389976813123	5.579935930363225	5.718351384283388	4.165554171116035	2.802129192624565	6.075565741777972	6.52182463974056	4.068154007091198	6.76334919782547	6.249946847949935	2.995472901360391	-0.0	5.518758142404005	5.166288439175096	1.5829998661481057	4.3832589281564	0	0.9978959483939999	5.664439186539653	6.01280632155413	5.547728630609875	3.9002824006733388	3.870874321052155	11.660204804669553	7.645659575022964	4.635994997585818	5.383411485983043	10.098616672265143	8.578081583002248	6.915315524106732	6.701126643501033	3.80492750416046	6.291025618726827	4.239371848058067	3.8983089663676567	10.258199154973653	7.5268189168742685	8.307916575877636	9.045878522487712	9.667741051203539	7.106950433083669	7.5559036112220275	8.589436409903804	8.996142147010294	5.847472694338959	9.804167759792653	4.07701842042387	9.696344022294424	7.799789898343586	7.325429691893468	7.338780094360878	8.011499022580873	8.805549311854428	3.677138273285225	5.934652180058031	4.383807986091488	7.194554739150944	8.44398557797149	7.173461229264823	10.311227288654527	7.882732668261859	8.625932146520634	7.398726476636102	8.351068754499384	7.115433775209547	7.083807663538742	8.528253759567749	8.232743852958597	6.844229566029533	6.574636283321898	4.238280991573289	8.524496436069537	7.448810959697643	8.751833678697288	8.800913931502789	7.952240592336147	7.349972396779342	8.501512495465276	8.71287296134871	6.341638115109687	7.431746285998506	9.412493908327692	6.090446280109036	8.572213514688151	10.249806486822019	9.03099621472853	7.810754642476827	7.4955141797508915	7.243620082316297	6.483970350084988	5.54588417796445	6.963666094241636	2.566598216149046	4.9880293407585565	5.894516419138437	10.90919186415291	10.739802265126423	5.186764656432047	11.220177846722011	4.398898802999981	7.745749334001898	7.515318641420936	7.844017402183242	10.631236182695648	7.446187563661873	8.026215414443447	7.4608981365932285	6.753208022283519	6.984183872265916	7.334765504858202	4.8930768200232055	3.4536153541856915	6.3245249669300465	5.0725915186672985	7.422524322392333	6.931953485978878	7.175446578191464	6.36253759965136	5.750954238997402	6.973929654416182	6.952250689943375	6.941044424224799	7.922351296909651
EA595529	6.252870598521335	4.293179125040675	1.5643637310795548	2.970492181975562	-0.0	4.380488142815158	4.510122465965808	6.8577464500328285	3.7985770668736167	4.165978996395909	2.315502436284926	0.9981531828284577	4.124773241152853	3.1593407246559564	2.9896743061475957	1.9868468823480718	2.3103271273155537	4.426903994713	2.7817685905083334	2.973985573306138	3.320265571005341	1.97804857702849	4.89504241461277	9.820530780264367	8.15436515562551	1.576289695699904	0.9926984441600146	3.3140840919949235	2.9961536695908584	7.182822950808883	7.194248843508918	6.409729538821633	6.841492516328312	6.378972135071637	6.961167866564134	6.694528500190351	6.476453972634511	4.630630859317918	4.966494547051015	4.239161374249493	2.994863731690745	4.871739382577854	6.398671987384799	3.967665195268047	2.307282511794338	5.213809308369381	10.776525698880485	8.35570011796621	7.127909595683651	4.378398160013553	4.792704198155465	3.6782425250761985	6.860082225712838	0	5.4185351687934045	5.2395649168432765	3.891396729470898	2.799913938065047	2.578002369769192	5.445433186411094	4.8457718482309575	0.9985809472721423	2.7923887055011094	5.267291290620582	5.805129644179966	5.7919510821203195	4.317484209624756	2.3194562743539917	5.819249938083309	5.370104018055952	3.1497141294035056	5.846571825613593	4.938053317214311	1.9991581613704115	-0.0	5.321915689186495	4.966238621463641	-0.0	2.8033306376249905	-0.0	0.9999813728691718	5.6405370243556785	5.876011090015379	5.489712803538477	3.581777438452972	3.777448122310396	11.575297328834457	7.2083182183015575	2.8028848819761945	4.692667831473748	9.588269298203542	8.635476028992667	6.479405282055343	6.256149881486097	3.891916537649855	5.660175512374786	1.9908858912800371	2.583727316353778	10.475573249118584	7.0997842507761435	8.441140314226722	8.750705552742623	9.085652324782211	6.91953381469016	8.633711363987606	8.509602606054177	8.614917434549488	5.6065431708880755	9.694194548359423	3.1674673083184937	9.578734144752065	6.759967960204501	6.74253260983994	6.822749366937563	7.774650974137613	8.278514663882538	4.624259190224703	5.781965506373942	4.079506475524713	6.729265587073064	8.263316467216802	6.589164988887232	10.205970663338496	8.23549392110551	8.388324711303692	7.0197636677353294	7.956460586978734	7.236566329129844	6.66688095342225	8.320380363180918	7.7557438800641965	6.603271221185849	6.121289131555342	3.903361781166347	8.0648261771003	7.088618121294103	8.379670910922055	8.370521632133546	7.4068674367088665	6.964300825450091	8.105925524530884	8.305676303613325	6.036427404163104	6.940453126407755	8.928238631140847	5.481246882769979	9.061005496823055	9.957668983823066	8.654750560479375	7.407679239266983	7.245385892236703	6.332723543364338	5.99150377553177	4.946979679533983	6.799800275674335	2.9822693906165383	4.077094590175621	5.51501844182592	10.750414716561956	10.539331068666153	5.072102329354867	10.92812322420634	3.628316280510844	7.477560499634395	7.412403923854863	7.522323677705821	10.46389616579592	6.717481379467076	7.64282293054873	6.836371260307721	6.217967354933455	6.527517897492955	6.954685422411295	4.080306871681958	2.9917424042136718	6.185100764552329	4.799436633618993	6.7048864763197	6.348990733654129	6.790589584074102	5.847778420731693	5.529704719090342	6.78695292968807	6.774680746302799	6.7620474148507705	7.671877198324865
EA595624	6.396799400731155	4.310585042364136	2.7882928231083355	2.9669863884719443	0.9972989645269852	4.7966450274181085	4.449699985951674	6.076673296842646	2.979987835266431	4.516374428725586	0.9971782663818483	0	4.153493686512318	2.5760805785259864	1.9972482453380602	1.9883329247868289	1.5821410997496497	2.989907285448503	3.5589848162229507	2.797441953125756	4.1658327091570015	1.544026718966973	4.383075821422105	9.69828001930426	7.446664609689273	2.5745912585047437	-0.0	3.3076886854996186	2.8053743612399282	7.398508061978278	7.867907762828688	6.6947733714807125	6.668920202319164	6.176147162965676	6.911646774632648	6.9753123221617495	6.478055583636686	4.738063100929699	5.007216519445795	4.847392798616828	3.8016629555675796	5.049471927340585	7.229305507456113	3.672776998877429	0.9991975531912177	5.047732359312296	10.581943897145921	8.01855132425659	7.021560269920598	4.440535149416949	5.182317518128082	4.152450737317838	7.51981003933294	0	6.177843516672906	6.137847862132092	4.982778080433059	3.989492409240864	3.160297215892271	6.1510035270628105	5.409103073138421	0	1.9935979961178252	5.344931070498997	5.745684870716969	5.745516075136335	4.2434260411592195	2.8010183920976393	6.393869215509282	6.051985893187056	2.977987988033503	6.340891194416154	5.864867147463574	2.5831703118658282	0	5.485660568076691	4.8172039989308475	-0.0	3.9914200542618454	-0.0	-0.0	5.662703896864226	5.8978605843235785	5.8181922250276	2.8044531676809816	4.550945453030873	11.5756448139873	7.579666564828802	2.5827882102812905	5.349432815289487	9.758110201675574	8.240675951400178	6.460944568250465	6.616568022646648	3.5839556391583383	5.943456923093044	3.5780331748884926	3.318566333590294	10.387068197077895	7.787199790058236	8.281000094933935	9.51077548842196	9.755428583719992	7.500375278544939	7.706531208847689	8.760019400295405	8.904804767781945	5.847245773649373	9.768709440938672	4.693617561062113	9.784202842336544	7.225401986379714	7.600801089914241	7.5358881542836205	8.028138249018578	8.784194854567948	3.980219640350489	6.109705749280618	4.383869508935068	7.278137160940472	8.457857003114821	7.263115817609811	10.48430912323535	7.951185583039863	8.825672681747706	7.36837086571067	8.381349298666608	7.250757194103872	7.358965015211693	8.643951416427246	8.442638058217032	6.928839204537669	6.810907012098055	4.745505807355092	8.96062615841265	7.755158088035184	8.992561192977702	8.934460155716824	8.213418878460386	7.632575571584851	8.83847075353279	8.926209509439236	6.577552048146795	7.310967886493928	9.4781486960638	6.1343676225007515	8.895757035975304	10.383374959884186	9.17724675557365	7.692342954765001	7.57133558124282	7.064718547655683	6.547394230673686	5.79746803075846	7.101593728377609	2.3020741353415812	5.542303318579126	5.480818118544189	10.596250369839389	10.46903412581733	4.9802679923980975	10.828657009467424	4.315135537607981	7.436168814679748	7.243592873010737	8.243566918854507	10.833502093135355	7.6375294664917	8.070843296562494	7.549550167417361	7.0596752129405065	7.101519096224309	7.459513442848302	4.940648568191424	4.16415692676159	6.537326717836005	5.156470249462919	7.532302209789617	7.430159148499929	7.540074052767022	6.700246679876214	5.849792137787561	7.180296389361039	7.091182472126103	7.0809909946992295	8.058112715192399
EA595635	6.2894898219211655	4.0740558081731795	2.3002322919787286	2.777001597306087	1.5836112363184633	4.079945770544036	4.161294623769297	6.23403512343234	3.5664775146080463	4.314868034640253	1.5791077627075802	-0.0	3.3108360075003658	4.15619206377387	0.9987237390143264	1.573981262200746	1.9975863385205157	2.5738011026839196	3.5609331186646234	3.157909502188555	4.799982781436966	0.9980085569961465	4.577298971522672	9.68079283776409	7.657397306990584	3.6962341168352943	-0.0	3.575365637116246	3.1655970974647545	7.73274157645359	7.616256345732847	6.392715438070916	6.849247048124489	6.422698085484283	7.130656284890747	6.773750625098958	6.428491330835802	4.505106787564502	5.134036419185974	4.576958009460556	4.071906320975285	5.0037877676763864	6.630183763388206	4.6277875923878	0.9996847638851591	6.139440981460468	10.577203649027295	8.195496041191607	7.000962908884059	4.365648661748476	5.733237167711938	3.7892614710989516	7.010361324517899	-0.0	5.4507076659459095	6.050027893720297	4.441170410170359	3.574218116639478	2.801122068509383	5.628961371215175	4.893487885708392	0	1.9996925399169754	5.769108856809075	6.013964837280949	5.772200943968264	4.316051264797718	2.5819325068571874	5.964019767764311	5.961052518047167	2.9833614127825943	5.9659633017575056	5.303047269303489	3.5823029282004217	-0.0	5.20987872248672	5.4884981472622165	1.5804518867294894	3.167161982856053	-0.0	-0.0	5.551296806238788	5.992286889266642	5.719396119985217	3.159039113889243	4.217717633988771	11.592490986711523	7.573702369459906	3.1680247597733295	5.2388120897944095	9.767808507856431	8.498532916956622	6.600090076457119	6.363411635183007	2.8064761198254278	6.395673812277066	3.899343770025811	3.899554820584458	10.43043873134716	7.396645742619683	8.172567943315748	9.18351252650403	9.46857608213827	6.8572570040916005	8.536360188782565	8.676714307184366	8.917355339652099	6.0797587447392205	9.841241076791295	4.237089230167303	9.69772648752289	6.6476782793764935	7.084859271878052	7.275593878922222	7.701983025616788	8.690801719821579	3.7908974528877533	5.89005043612664	4.575187202949396	6.986909905405649	8.315844734469984	6.9030277996209835	10.248550031169975	7.879305438245467	8.538345646225357	7.492299339661421	8.677113903925804	7.629555882768499	7.010344408168724	8.513798980176297	8.112727400149193	6.76919229236585	6.348296159284107	3.992295897705576	8.42427506893565	7.349677209448441	8.650215545356065	8.59290807665644	7.722417812697062	7.112359337721527	8.353462489774289	8.58352453478185	6.3618375684435025	7.172371995646942	9.25751848747813	6.116079990076096	9.142129660252273	10.339036743452308	8.87590223576487	7.591478934422117	7.293485962194995	7.074746121041201	6.2965152251816034	4.946336257958668	6.894860874520485	2.767934762828661	4.237460781101544	5.717984553143769	10.652676715914872	10.518123430969009	5.868674363477946	10.876424406012989	4.461736366875781	7.601709070078145	7.427656175759317	7.958704753297278	10.705134327297204	7.283431509457224	8.010485093809834	7.178472277183501	6.568928403034634	6.628827013905412	7.041229979624077	4.795622436149525	3.166778265447002	6.634326613794782	5.157260087559544	7.226935642968741	6.512037099594849	6.88030165402914	6.11675358067197	5.7533330819472726	6.905717103337451	6.883089240065943	6.871381040570911	7.969028859151272
EA595647	6.326956458829077	4.3078832132876865	2.986259253632914	2.56377792522134	0.9996875495352562	4.161920558722373	4.514862263607489	5.896230592907414	2.9902699885416735	4.241608859296563	0.9993287609275523	0	3.4422503238374897	2.5721506733995434	1.9971791665038396	1.9833059280592487	2.312719207345126	3.1534443823634604	3.559423706646965	2.574969015064691	4.084589061627513	2.7941521503433973	4.312495144256984	9.632542614144333	7.423966621839791	1.989963246702056	-0.0	3.308777363998411	3.319095780672555	7.364842761729334	7.388920302953418	6.907107774265425	6.5382076058646765	5.9860073968171035	6.738362267807629	6.954162504480356	6.477309093863643	4.739629234145655	5.168688167740115	4.57665071133852	3.4470696679112964	5.0048609087077836	7.122278950493356	3.5595872391194288	0.9992693663278741	5.207168926053927	10.555819756031383	7.785808422294419	7.127828372910716	4.2298234110683595	4.886371792596018	4.0697790624884815	7.3140201623055345	-0.0	6.011236596727946	5.848083993835383	4.377825345896797	3.57471940266012	2.9915435101295818	5.9833198703486685	5.269448546363404	0	1.5825265958336678	4.893675257197637	5.748649225740752	5.797666225573726	4.08274336087499	2.8023019109750478	6.214660050805203	6.11308363456166	2.9835628980869204	6.288667862914887	5.792729666665372	2.3202964882047783	0	5.315210025942812	4.912187607627953	0.9991148528288374	3.9002271690595687	0	0	5.635443484236382	5.799670299892825	5.687586446673991	2.3202175365978706	4.357347557430586	11.51065039155608	7.478660850983063	2.806464399004147	5.080861173759957	9.57630861266038	8.212882903616817	6.341751341079075	6.431331126039488	3.805324327067686	5.9636517506688635	3.9018017337674005	3.1649128780778257	10.450168922291157	7.594715405050585	8.132181310786436	9.368576407238576	9.603672007782068	7.145551160069127	7.881496054312267	8.709454511395837	8.79534624524578	6.097652087678488	9.986156294513647	4.317198768282031	9.830239224833491	7.000466692528979	7.420284176304716	7.498084435300024	7.837401424374181	8.908951684535127	3.786050715529454	6.132172569000646	4.797623593509712	7.11516393123261	8.40833856969438	7.206336353184769	10.370161149144854	7.928762150173916	8.715026606346422	7.315346091814053	8.37720186664801	6.915677021807645	7.32447722526928	8.579225372206784	8.300939830694222	7.195710243255613	6.84910243724421	4.314701286271572	8.87884829671074	7.607520502862902	8.943026353407813	9.01473707246944	8.002548700965612	7.368053118351235	8.467470133273249	8.773471391476088	6.288229855207574	7.047510891092846	9.370521539961242	6.176797364772754	8.990373980843577	10.29569417036841	9.087412807065249	7.664998990082531	7.363188000983777	6.744699216192181	6.719905114924688	5.3819739181634585	7.0184597386058165	2.3107254516308524	4.742304127606699	5.4452469665854935	10.56273465406956	10.495384190640502	5.070576836717131	10.814920166060507	3.4867676003783594	7.352445420214816	7.40388677955358	7.9035391531052275	10.798187968536928	7.564251071856418	8.0434197294939	7.63195111082418	6.682914405923502	6.9609419391764895	7.297019288585905	4.575188964327169	3.696364133122711	6.492368751459938	5.237622156162599	7.495291467340809	6.8719531076353855	7.485199977473333	6.429555595766851	5.696633147090735	7.039068994840499	7.007410335211055	6.996479683773565	7.892482390172755
EA595654	6.362198421529412	4.310613816515685	2.303690355842668	4.069286842616775	0.9959402278503584	3.89981858674244	4.237478995257426	5.451247057788466	2.794791454977183	3.903417395408921	0.9986109304680443	0	3.7971863697078443	2.5725989326103793	0.9983319358993199	1.5778604573377208	1.5807058002539756	1.998056475983733	3.2982358342012206	2.3179737078572855	4.237324580796758	-0.0	4.750924982704402	9.974153613465244	7.448689784996011	2.3098294528072025	-0.0	4.575478115577867	2.8027103377934455	7.295967861615232	7.527743673689359	6.442145994065269	6.231337249554746	5.601859705050385	6.6839505706671085	6.733659699913223	6.271185085514672	4.740230484476455	5.171076052206634	4.632527265536145	3.8002678695770626	4.914641336031256	6.701974920003088	2.9797187273191628	-0.0	5.170220740048338	10.484614271871862	7.598814835855892	6.873289731013876	4.074155263597102	4.737343598847536	3.5705157131807277	7.148392109999247	0	5.745336073269872	5.691209140513621	4.153166512597912	3.3000025270877225	2.5759171675998207	5.711384962372515	4.890757732048402	0	0	5.11822269207317	5.640181556115468	5.386247961516876	4.743964862270746	3.4548217758155486	5.943786692299434	5.895171216869794	3.1508044269493953	6.0971028078590255	5.193679333991387	2.320693364163458	0	5.281340299582126	5.087687399254431	-0.0	3.158529361879657	-0.0	0	5.422276219239167	5.695885403000594	5.606656836177757	2.8050476092718997	4.557325317350332	11.544463405070909	7.2083837176610785	3.167589609189954	4.576901216524911	9.505450908972628	8.320589389481432	6.139079432838896	6.200901214246173	3.994351333398478	5.121350182386658	1.995281813119968	1.9985865651174823	9.947080946551923	7.2751256805519935	7.925011443526551	9.092629056297344	9.474387238249545	6.9311202797097815	7.473951216346697	8.342536560567446	8.494330296448297	5.482413121411592	9.431144113122704	3.3168867700208513	9.594493107452227	6.812135107135339	7.455168170791388	7.339186102219677	7.67365960127525	8.456818890127579	3.4359736341939633	5.710361091275711	4.081117920164605	6.833296332041567	7.948555910560768	6.8212588425261185	10.138437379520731	7.740586057259499	8.60159009904239	6.893318474434948	8.097874849954692	6.870802094054365	6.8389179146991355	8.81644870106562	7.887262846090688	6.617638763790643	6.605015535825787	3.80427305710403	8.438142203412372	7.278704811370194	8.820645771963889	8.55955495707317	7.768645227916956	7.222113183262559	8.293317150470374	8.578532706275919	6.139875626230176	6.937701113598115	9.172603150054167	5.798833356563809	9.075066195508615	10.049004818831428	8.896539085709048	7.415070263069375	7.139147894706982	6.576496681887523	6.079513673416462	5.035759427044996	7.019888294895335	1.9917560417936777	4.38230600542323	5.543024072744118	10.450720226271796	10.353539702991359	4.510070975815735	10.66283591184349	4.016450747160117	7.378073203682832	7.074921857998534	7.969401364141501	10.423887009577822	7.076730367824812	7.83179503643078	7.045689041262965	6.555427980590032	6.659342277880194	6.999128425276848	4.384636672078466	3.1664691481382525	5.917154816276016	4.898562473408804	7.159314538642192	6.745036716507211	7.063429000889347	6.464978389281852	5.725055808253097	6.986677279164913	7.009214402459894	6.98729998537039	8.029416745758763
EA595719	6.527508000496619	4.312095805217643	2.8029799506508164	3.6797614083934453	1.5848827373739316	4.899602802302117	4.8005266567589215	6.077725491134729	4.06864512721791	4.992750835515567	1.5842022316765192	0	4.313229300333593	3.9938629144529227	0.9985019242639487	1.575047277975595	1.583627105991296	1.996413961485669	3.8870246228941623	2.3189490446452754	3.6962147643563408	-0.0	3.901053743205172	9.783392970422364	7.359427394460286	1.9955086222076874	0.9994933411026887	4.433907895569285	3.8033272764448043	7.250693005327887	8.056313212907728	7.024720412921775	6.4473161354930975	6.460210066682728	6.71590469478346	7.189273985566645	6.479036241982501	4.841464976313097	5.426171760342915	5.272992869169475	3.4462568810522702	5.456606743145193	7.393012423010675	2.9725670311459775	0	5.284825410337002	10.533579966419131	7.585734228947353	6.514698366902465	5.157581685222296	4.9827286341405275	3.986798917634367	7.765055581779997	-0.0	6.156966519886803	6.217692765904143	4.743373409706022	3.900507509406368	3.1626183903713287	6.269726645632257	5.688519865574448	0	2.3202228099967526	4.896458758662355	5.89922406992932	5.604989845453504	4.313939515202526	3.4522241045141167	6.179418909314602	6.413562530485387	2.7864338175850794	6.658026959066383	6.175457829491477	2.5792299574709894	-0.0	5.6403186323755	5.357158926347426	-0.0	4.3156415348629915	2.320789655648655	-0.0	5.666979483310833	5.993616311524921	5.919587943289306	2.31968409891939	4.218806727033047	11.54108157169947	7.265712568099471	2.9991032854626534	4.518352426561924	9.38914125300276	8.079342066062516	6.348369040597572	7.012058304512789	2.5841757360218365	5.545931376472525	2.8007358011284302	1.5844048596374778	10.076471161774661	7.557469614837935	8.520402755844366	9.895990493977623	9.90928827931715	7.355038613809629	7.274347267082397	8.103399010981592	8.589984547133833	5.449682110524763	9.429657868600975	4.242092996435817	9.399578459187499	7.804195288285918	7.095948737629196	7.067504329955393	8.070712447340755	8.808818999568901	3.789544000206874	6.071337786011788	4.638869906974833	7.084810604629036	8.27326360480473	7.177175840296136	10.262695763492182	7.898400126533764	8.943246901659293	7.263052823358028	8.346505867745757	7.260570733552904	7.589417421658558	8.366947792758296	8.428311508340828	6.868934198197051	6.259359247220233	3.9937084222366326	8.69072161958105	8.317754933259009	8.862253752793658	8.972425439695744	8.184099043320671	7.747913394108401	8.671343560066177	8.574074118612057	7.088293577755588	7.287545153006522	9.070223765680954	6.766980799456845	8.729549713994718	10.143739009348998	8.870390869438571	7.771342158140489	7.572073353817954	7.681677639133808	6.257990702716504	5.158120661322535	7.0325930409157476	2.566800853499839	4.939264250732099	5.823762168619712	10.520024705637073	10.372345036080917	4.507166684956262	10.716754618430663	4.752617554395779	7.4465052900685516	7.1379715972633475	8.414570411810317	10.701018621857035	7.40601639971402	7.8750578982322	7.301802616466465	7.021855218690348	7.0214324880193315	7.646881249974458	4.79813214832484	4.57203897311443	6.4788370065449445	5.478808868975358	7.336043316056529	7.2085319749088095	6.9522468097906795	6.572756172122061	6.058523070270171	7.16562796460334	7.0330857001488205	6.932628568796761	8.150423959440126
EA595720	6.3615911952811235	4.233867459111602	2.7876955090421602	3.4294180944130312	0.9985033313447642	4.4475097025928205	4.314254569106228	5.942981909688111	2.9849805443317043	4.635063438680309	2.318440440637601	-0.0	3.4437556327097996	2.795532840790118	1.9989160776405392	1.5772279877964308	1.5830556413052679	2.8000916003358762	3.434409312165809	2.798459162612004	4.165723062222568	1.5649588056013288	4.080804683920141	9.780894226720092	7.486355044618329	1.9899781731046233	-0.0	3.5679134458943715	3.1674100257628703	7.446543851470492	7.565894049786693	6.706804536706706	6.5529810289532975	5.984873147354512	6.911982274395342	6.950370874392633	6.461532144669037	4.6265655101500425	5.315005357833986	4.688697184805205	3.309083793682354	5.239661774822059	7.017774528270809	3.6753464910513762	-0.0	5.347180589691477	10.584134275789602	7.861254672630872	6.988770069548437	4.230647495917261	4.9763797866236805	3.7899548064534674	7.242620423680367	0	5.872355049244193	5.687783794849673	4.439558913000904	3.988469103118288	3.15933973042977	5.889115846698793	5.193837413701342	-0.0	2.5837055912588807	5.2720365333705095	5.8933331747461795	5.719472956540271	4.317134214762551	2.80158837108008	6.176491993482888	5.915749384364443	2.9810125720907137	6.253031045394091	5.567688721742174	2.5829671583087537	0	5.820269785224836	5.200952288210978	-0.0	3.7988885966021058	-0.0	0.9997815798916416	5.914799955564859	6.093501318839423	5.765526341609184	2.9976189363946992	4.3475553262919515	11.595014459655808	7.630445425824425	2.9990237588433692	5.634828553718415	9.695878412139882	8.29551971094176	6.411560882899113	6.486178680974604	3.905034965678301	5.896364111791888	3.994926694882399	2.992551609236187	10.307958160276542	7.541933577629951	8.171709409203233	9.30473129568354	9.572265290716556	7.166408291504597	7.73390559400065	8.795110502228352	8.834895950124201	5.743873184270113	9.81880804139105	3.9022340066552537	9.7127390927826	7.096579687795489	7.416614176229813	7.398825884109166	7.86699801783782	8.680286542259656	3.7847688752289352	5.909022010258927	4.5152691252236705	7.063184546539749	8.335405070251687	6.997649782632721	10.321098293817121	7.920324569064143	8.730811497586938	7.155203093987301	8.339037613526997	7.040277510285296	7.242479345681136	8.63931902617663	8.211351951833274	6.927891851148127	6.691082888665071	4.24019771447539	8.580442918565254	7.594541880421272	8.805436440481943	8.818371946801323	7.96876649739277	7.276918690129241	8.400214912233213	8.710036994648908	6.499710076589894	7.189935751949843	9.345969107138686	5.964320583899665	8.849240441798182	10.195063001620225	9.104316321128582	7.678326717534864	7.479291679159332	6.797265710070379	6.544414705963868	5.348860978144305	7.07868938863289	2.3008853708346932	4.738986372437073	5.309787477527445	10.580776448462968	10.470608758969078	4.890005439946778	10.794150335304721	4.088384004726682	7.4598363909559415	7.252488632725834	7.977100949331552	10.665944360700081	7.345455787535802	7.965571398099782	7.2833732070429456	6.697266114953621	6.938071385575078	7.223016889606544	4.574766661259336	3.9023266662526055	6.4107166416533685	5.158463380240838	7.3625713217772795	6.883914104673502	7.24280045116069	6.361660038928865	5.86799788363582	7.098854446738097	7.068284897489581	7.057811081505637	7.98717649280514
EA632123	6.178150966830145	3.8974060889347864	3.5737393842428897	3.1410484716309033	0.9989555865034814	4.242454963994747	3.899568570212584	6.051630043898554	2.988035008006895	5.154547153925433	2.967688346656007	0	2.5687120182813685	3.574907141328603	1.9952405199976921	1.573763136120697	0.9999873367303374	2.311622126805258	3.560124758159576	2.315107206550312	3.6960923598115114	-0.0	3.901386893203533	9.467301202529802	7.340361790486548	2.313012305248989	-0.0	4.231153707037059	3.3153955340828944	7.321753491175114	7.381383525410356	6.440518433659024	6.454215275908875	5.98335602091558	6.597618908332977	6.955552549605432	6.3808791772483735	4.629334451682876	5.051239533478128	4.799021424337243	3.314767701615773	5.00652848921414	7.0837100555377726	3.3028125339184107	0.9994679608761826	5.212920420119592	10.408281635618518	7.641972319984422	6.731712634089586	4.445274173662043	5.10900156460366	3.793006092456062	7.233708648350736	0	5.872342359914704	6.033944252298403	4.627230266933466	4.078409310850513	2.9947864066801113	6.133732184141378	5.272626522401334	0	1.584900739301105	5.0725345546339815	5.610880684205537	5.278608527546026	3.9963779158264066	3.1619006715014035	5.8956050642480635	6.1566258160983915	3.439125238349729	6.309199261758465	6.023018448709149	2.802060115479254	0.9946311794141729	5.896513033228467	5.046333950969318	-0.0	3.7987185870136546	0	0	5.518571510445858	6.013764502213312	5.609412927732642	2.801959979802388	4.140459011790411	11.539204751266542	7.292582579075127	2.5819853988551733	4.850701127177075	9.554155472120737	8.12501646831916	6.2560363447348655	6.347318484495936	2.8047527359927495	5.63675562492842	3.1648513348346086	3.317472517606279	10.099036423662838	7.247342064403659	8.131820804898972	9.114792961084135	9.325390111132927	6.795653919610741	8.160429115725725	8.35532153918273	8.57044439321428	5.605806255276447	9.527364713255322	3.1649093051766144	9.73219242127356	7.3804413183219095	6.953110482042447	7.477335165734007	7.623705180278739	8.549232782160017	3.677064630444146	5.564358748298412	5.1152442275434264	6.806941705145962	8.1685162296698	6.743547779698844	10.104726110800797	7.822608846676876	8.49261590184563	6.856703441295218	8.034560906531265	6.729289433514254	6.944058644607895	8.670587688408949	8.060818784984255	6.527808271205616	6.435472128020295	4.080422780191874	8.413038645313712	7.23087526571412	8.705730754216978	8.520246985068507	7.660715025218325	7.061414507485276	8.189302409422982	8.509403727162097	6.092601248533435	7.01627971089672	9.113738431721606	5.60381639034921	8.816113355926712	9.933132746064159	8.716513757421556	7.293107195491344	7.077203131319958	6.990103464617257	6.183349735882209	4.747284922287163	7.011275397235593	2.5615717749431974	4.0779535203426045	5.118691804255888	10.426883819900615	10.34190949919072	5.7395527244811655	10.6261514231347	3.3727314711391463	7.176231619529349	6.966239660989986	7.693420472277544	10.432150283712065	7.012288214703476	7.726303655400059	6.945512714232325	6.379860563971993	6.631165461164271	6.906265436823915	4.31315794512828	4.842071188349332	5.79420005664986	4.744838013396851	7.045702478540802	6.635361711291611	6.906011150622006	5.921049839958583	5.699198768479373	7.021153763115384	7.000461495814457	6.989566633717263	7.938874461497241
EA632234	6.119270007603415	3.693890667842007	3.570189840558562	2.291753559483535	1.576221884725896	4.371097851513036	3.802591057622568	5.506598131086676	3.1396143398987735	4.694012314677863	0.9998776793038602	0	3.2974547892812005	2.3124529547690935	1.5818837752547505	1.5764473139118973	0.9992748991561888	1.9916328586488754	2.9634278993399703	2.5774239154154235	3.803697233563025	-0.0	3.6967756695089866	9.452329017354181	7.632957744091566	2.7900297413074977	0.9912774937794604	3.894276338109675	3.3146146658333038	7.006152399703748	7.416035664067038	6.40942376759695	7.375594719483117	6.89037499226227	7.7104214808720455	6.720987880045868	6.380920533825678	4.508876274976518	5.417030675849657	4.578525850372643	2.9961799964684985	5.681221477143777	7.076432442307754	2.7837447803088264	1.9976126309058322	5.681958312559139	10.434546327710324	7.737176566355625	6.717697304116091	4.739654027492551	5.188151640131159	4.23195052426016	7.158048844721745	0	5.606490788971687	6.076247257206096	5.109121292949935	5.026449285308105	3.5707624583955675	6.3053061278337195	5.271348284550487	-0.0	1.5794469743820516	4.937768285054854	5.958996321249907	5.278542151389032	4.244299580475427	1.5848210381767334	5.821875187409297	5.823112568800485	2.984634815985257	6.1987697961335435	5.600031090140339	1.9984143495780444	-0.0	6.166522411278306	5.762609211926444	0	3.901085459455445	0.999816543108137	0	6.485265427641282	6.932701037117276	6.1250819471336495	1.9960098871205023	3.9644203439880585	11.540673634308703	7.372504623480604	1.999489696965018	4.747869434877434	9.287656205271562	8.002646596945073	5.944152123438068	6.398166665536649	2.9944856290617263	5.452050219378572	2.31361327504998	2.317635474248825	10.192469409997445	6.989805898709081	8.604505787246849	9.181121705927746	9.164079587581874	6.717836306732526	8.800192195032075	8.747966400001982	8.704766149311494	5.79790158945634	9.564678102426528	2.8051746447480723	9.405729383827966	6.9103169844351156	6.869727178942593	6.955897329191664	8.082753536469282	8.320504400921903	3.97300662817122	5.644141402023283	4.165252964742153	7.149610736380232	8.490056863306128	6.675326833379449	10.351555084027156	8.253994559179434	8.783434796601234	6.883393056607487	8.10766871612921	7.07014554347743	6.934496797837934	8.44250141708868	7.753949549510248	6.327518047036315	6.014488550472065	3.4525671478667057	8.070106040021843	7.130475151437028	8.448483328438602	8.351837002934154	7.504543484401483	6.8422331524401905	8.056847845430802	8.619847761086449	6.34174037031116	6.938349728898671	8.967845083664116	5.4815037410804335	9.052829454181682	10.046206602549185	8.619413825969808	7.207662835855707	7.440118255246199	6.84924472591549	5.774535614191007	4.946380612987033	6.899151894041293	2.971004712209391	4.682621433817251	5.0348217879936055	10.389445693383413	10.368015816577902	4.741051184295649	10.567891853948014	3.50224273624538	7.13854623236092	6.920191817216285	7.735896631861497	10.521458044153594	6.84801721054544	7.698764972622234	6.909100379631605	6.271994428074171	6.570433151282133	6.95152989435857	4.163090934399462	3.319952494149474	6.09227138866927	4.632841588442559	6.822093763024803	6.416585796875848	6.927012096266452	5.8471331064958685	5.725186451228265	6.874847999108902	6.875403810363243	6.875403810363243	7.704898080651598
EA632688	6.197322116039891	3.792439386584958	1.9843406724562964	2.968729351176463	1.582113035113721	4.5145190506963635	4.24095329934501	5.76946975227144	3.149238215413197	4.696117878163588	2.319041848357914	0	2.9818689027825	2.5742394348340767	1.5828680604789813	1.575250240440662	1.9981210704007246	3.158695955419799	3.5609880786878216	2.5770554115200976	3.6967255135975363	0.9808812057941831	3.8035635947292152	9.530124432718624	7.423251448788054	1.9880117185341368	0.9992619586278426	3.797165172390596	3.1665532755766472	7.293756025616241	7.454106004452006	6.550054408745611	6.3772875270368825	5.939563895986167	6.738211177235272	6.785236479366719	6.272981638299002	4.684287129627306	5.090322625086214	4.576698237045716	3.1675717118234794	5.167561202858603	6.892521752204793	3.3044139003060584	-0.0	5.0898734772245655	10.43291258270257	7.592137711402363	6.660821134362769	4.07126692276553	5.148709420287548	3.7927994330581676	7.426892878179041	0	5.895479101276118	5.942763971474212	4.791145499306449	3.9893136124250974	3.310901297584178	5.93751298279192	5.378083090215189	0	1.5838133146832054	5.155983686658106	5.720084262424644	5.348576431217228	4.241902055019022	2.992634584751767	6.032074251212857	6.009048274334929	2.7865200615783223	6.458256701445002	5.765498518562447	2.5821302467846188	0	5.516668198055537	5.000512501096153	-0.0	3.8015734587943992	0	0	5.635523362720121	5.9224642972430654	5.7443349498074845	1.5835984611955873	4.053472127353465	11.554697798960802	7.5787003631844385	2.320420561035801	5.036895131217231	9.847514000326415	8.159386988018333	6.2727428228341475	6.292979910942923	2.9988506998265043	5.483063464205104	3.578857091077443	2.5738424970349585	10.160513408934667	7.5731612604336345	8.027158570964582	9.34697249947536	9.396870551129817	6.906682827173686	7.985904767013348	8.671745721383632	8.725740594067133	5.719239800243064	9.611308087321515	4.38516252687681	9.609366156122375	6.95443570517674	7.336772470376946	7.310531064454453	7.933854257336291	8.702946261506897	3.678097247093776	6.0471308384676306	4.637414041443828	7.281579933410521	8.267961865103658	6.975360790313613	10.311441764071633	7.8224272681138896	8.639928155179147	7.292057755136746	8.250786851950348	7.031281837418028	7.032811882080735	8.51978853990071	8.029029106517923	6.9518531454051695	6.483588128828994	4.3850105999816344	8.544155202227683	7.3283731932504566	8.764868885319812	8.638222236469007	7.781268515533998	7.1540831498830135	8.448367063098068	8.628695643689964	6.305999546448552	7.111798240981582	9.28084157408847	5.743682576450605	9.84686849969507	10.173259485193768	8.898513598508943	7.38944733045219	7.380832661166881	6.898040638573799	6.014588562535941	5.453209369230651	7.017479402134917	2.3022445761653327	4.747108246170849	5.343653455652338	10.41226369607942	10.324215618942153	4.682429047194734	10.613142764063452	3.826372647770712	7.316403933408467	7.105585496791209	7.843519205775086	10.585297283883612	7.371958526475969	7.939792446123861	7.246988838419934	6.657309791198558	6.793629443361103	7.298581686684886	4.5144938059039905	3.8032693385465164	6.174701202947738	4.8967989561189285	7.310198932380507	6.895390213121953	7.182682755159982	6.273258383369238	5.774340525819105	7.080907176577244	7.006572550410213	6.995746843187205	7.84332343684669
EA632758	6.364401232681143	4.570983865528939	4.367313445730545	4.507000187573886	2.5688495923950527	4.850671191903324	3.8999984812437307	6.013801111031383	2.318878347066819	4.748178087265131	2.9944837696564215	0	5.78428251467314	2.9921396482558276	2.9881411335607453	2.5821301306918816	0.9999485242003692	3.163794320418213	3.4358471551859746	2.316049013179995	3.8050764087349602	-0.0	3.6986719522424325	9.90004061132865	7.468224899714028	1.9899196944654431	-0.0	3.894635556440804	3.56104978340669	7.7529046164516195	7.199529944826265	6.172464927952051	7.414855563162219	7.410513107438837	7.565711318402635	6.801034660680126	6.119609514793969	4.6298104179667945	6.026476459948378	4.635461184589046	4.450304960171537	6.107081390054526	6.329433989389308	3.307517276068557	-0.0	6.961136329543503	10.266726268056022	8.248634489716949	7.075119957551111	4.6901307234996885	5.064921490187671	4.080146812819438	7.03473196421131	0	5.544303870342309	6.251178991778215	4.9851643144611995	5.211378355511803	3.9800357064981666	5.685876242524062	5.116568244260841	0	-0.0	5.381626563293208	7.3907666525902656	5.713761948384014	4.632522565466633	3.313950298172031	6.763001157596187	5.276914618183149	2.793269174362672	5.94457015415847	5.231148674978927	2.58385774924375	0	7.166618594826072	6.146957733692548	2.7970875388399725	3.1684735170698475	0.9996979743084456	-0.0	7.1543062983805195	7.510652483593557	7.190358456696314	1.9997041156027935	4.888086409043605	11.49223446263892	7.1317773360873185	0.9992957881387816	4.899875041385531	9.200582451000647	8.117469975222054	5.897171222886094	6.31156706854184	3.5821629694508736	5.0389535933199765	1.5848948464703354	2.581065636530281	10.23015101220869	8.013593531494358	7.847015739718806	8.920048043204204	9.291995654806916	7.502082917530713	8.222888646012633	8.93744252469333	8.619068797393798	5.874769619415293	9.299189672089977	3.319552971443098	9.580897714871506	6.56077384326443	7.450733495561129	7.359815091303969	7.648225505926568	8.973497550349387	3.3096275529564125	6.310191059616507	5.41606756846033	7.196820676107509	8.830531220188107	7.071659657334051	10.943443850243769	8.633053137612595	8.619007350795197	7.213808504464508	9.021774371622206	7.432940373926041	6.913731338350342	8.114758533283807	8.189349466838554	6.677076011868237	6.484188591146653	3.8005413380911484	8.143785486561033	7.01968605715378	8.43085317005373	8.485785802312495	7.709609821840831	7.28930293028859	8.440714740975718	8.900975345145751	5.997030049371643	6.600708717704947	9.32753249968266	6.01440290373559	8.549232515138877	10.393622209424164	9.058273109779485	7.6128682778990795	7.452312608313511	7.275788597893629	6.3848249533846895	5.708549401486543	6.671596573864426	3.432050446219955	4.672589749912141	5.383391955904389	10.281738705827562	10.22801245792552	4.239049869828172	10.464510095421929	3.6346596042560884	7.622520252362859	7.216262258827805	7.650616498059868	11.087592028217827	7.386566924149933	7.986044650685188	7.761629581923307	6.7426676468895534	7.455311623902012	7.647126398667552	4.454336319655493	5.271206907714076	7.030673290766827	6.414520339250123	7.884461125683176	6.794533319825522	7.580450694688378	6.9529559800537655	5.560120992747468	6.584419254547511	6.585136931850316	6.585136931850316	7.653043047355872
EA632768	6.462883526458675	4.158074178506408	2.785583500230166	3.4329074396457204	0.9997355352006605	4.313012949906758	4.239860817664494	5.963981423150999	3.1528417403977365	4.945782456671183	2.3159001493044435	0	3.303803148121036	3.5691867188154145	1.9975946965121845	1.5762120676779983	0.9999850440621867	2.7927268996578425	3.6723511995942584	2.5749489903752463	4.08237700062409	1.9704727577375574	4.162690673371483	9.731607294070264	7.493368033506502	2.314978331835855	0.9977102490620552	3.685368326486866	3.8010825877977505	7.470732581066507	7.544297200913455	6.6649966816741735	6.6120635637173955	5.940379887292356	6.912196994953846	7.081712414206214	6.539860322774038	4.936035204287697	5.601191248747184	4.989011372272046	3.572553318485404	5.683950089112375	7.287111554671439	3.784243861272192	-0.0	5.6260537409446485	10.536167819191098	7.909649797858129	7.022012773044272	4.5658517273327215	4.977915224494772	3.8892394605513854	7.528903158591846	0	5.965980571772608	6.136754095919683	4.93681857704649	3.98778855605748	3.1590780903182702	6.109590899433692	5.41043808415442	0	1.9988688089475692	5.412733629715332	6.190243800866305	5.632827590063069	4.165726740007271	2.8025195987636966	6.196081021297093	6.195149797753602	3.5589034802812245	6.40971226752512	6.091533207699947	2.8022515850977476	0	5.959397705154494	5.537091414308252	0	3.9935840358917303	-0.0	-0.0	6.025353300063447	6.174099841314295	6.12878598031874	2.5808719549844787	4.487347048799996	11.58172130396682	7.693461213677634	2.8046201271043047	5.23850995436134	9.725108147619821	8.267612148356939	6.359761061898336	6.72956109506656	3.58385024206091	5.847296815330048	3.577910964294614	2.9934649590361357	10.393873238987016	7.495135792955988	8.379671762446375	9.320297599536449	9.545516118935174	7.176292320277777	7.548379426196707	8.769058113494687	8.817819207125526	5.7448299169945996	9.855676734605082	4.895587927981776	9.77959722414281	7.413597392691483	7.41986674684113	7.56711874856259	7.973067688168186	8.799692425072939	3.5596154992942894	5.956632567310677	4.943335090540114	7.15620622658074	8.356480716276476	7.19516296111605	10.382298125330582	7.995139341646235	8.690049524208563	7.184659771786273	8.361790858370023	7.050395471846922	7.154979835279768	8.639882098301594	8.291165666087657	6.879148700216827	6.908609836627415	4.988822791232398	8.67089094263576	7.548805162292712	8.92080932923878	8.867822618939496	7.956270649388498	7.337872292180297	8.512939930013301	8.729687422499614	6.421850088743522	7.197644846438881	9.360488640343371	6.074894992580947	9.611236839378575	10.20677954367133	9.063223343610392	7.570057906908589	7.462911741309563	6.822320801211979	6.562098308565081	5.4182937668635915	7.047980474845972	2.5681393630074743	4.893554293525905	5.413251836811437	10.554365126860946	10.434850130883413	5.374529567168631	10.76172957709127	3.915476600849188	7.393862932453221	7.233005313191977	7.96019175571764	10.73574159080896	7.463136772030117	7.999398440282978	7.397287046918827	6.724222548993116	6.86572583255308	7.1842010228637125	4.6342740876457915	4.163913657843095	6.192999390750518	5.3076118997007296	7.397576116833141	6.943198156285974	7.334322949098999	6.37909693472359	5.746888285070994	7.208814555589272	7.037263695632522	7.026565230402452	7.9553800265734935
EA632802	6.344715056647962	4.446516598569425	2.5648780723054236	3.136512498255254	0.999831633841269	4.160487318377917	4.635880335552825	5.9187131480459705	3.29892338156439	4.747708743200533	1.9915851327517902	0	2.98645995760856	2.794863811042111	1.9973781086434044	1.9844822908855788	0.9994461058653913	2.8020561091033214	3.559737810049471	2.798056235142513	4.243340597413401	1.5505818026914835	4.080735671943663	9.830150589403825	7.554493559950623	1.9905500132839022	-0.0	3.687288576250567	3.4537421361741845	7.461835082145135	7.580238035082503	6.637421951662541	6.537518293509514	6.073104841127267	6.958389050304949	6.99546876376913	6.44518401796632	4.8880279735159915	5.205189213166136	4.846589913684403	3.5739203350112754	5.040901634072579	7.03885713575953	3.8827712719485583	0.9999333970782668	5.239179326785852	10.620736899732966	7.897602821138417	6.988766896071935	4.303918222635748	5.019905244612215	3.9819707861565563	7.250949687700183	0	5.8961588542432555	5.795029757119392	4.622599541779343	3.689689572906957	3.1583170057070444	5.839988234292773	5.071862164397583	-0.0	1.58391159611894	5.343369780842937	5.846160525982871	5.690625709266599	4.2437658484281595	2.802702078972101	6.156426266859568	5.9387404203735095	2.9798154209521113	6.195016511450444	5.568088536627789	2.8037781041151533	0	5.599936114005586	5.1598709211644	-0.0	3.6941077756901834	-0.0	-0.0	5.739516460996523	5.940868046276252	5.815501025648672	2.584047914576465	4.603647770277155	11.590064697079697	7.651545981934149	2.9950609635585446	5.663284025608053	9.799000984988716	8.386700894818283	6.409988900580675	6.328027339800427	4.085645850648311	6.033978643150254	4.163665831315541	2.996874346051847	10.318816200651336	7.525800335921201	8.25322214980594	9.279588266815031	9.581319684466129	7.12556929564764	8.057936979128513	8.772304806797479	8.818726709128192	5.690031405580651	9.800854131130976	3.6942972667241127	9.74439428569908	7.167811479518608	7.333847771427006	7.480410894238747	7.949070860474523	8.69368544920509	3.8829560751676744	6.168711993408225	4.746704462340566	7.104309288265465	8.339274102273505	7.094052375131421	10.367744279846121	7.954840354747483	8.726251511671396	7.21286153481222	8.382800627659615	7.071585955525576	7.131999140216253	8.624638858812201	8.196024624757793	6.891480507968128	6.705206396229208	3.993716851103837	8.624804419153572	7.463226204935838	8.833284345033567	8.802644518279678	7.957021130118	7.285622186057975	8.493509083533802	8.706124024508416	6.497901962300895	7.140414873940217	9.381724452290399	6.029710803397018	9.932556727271066	10.226765282713787	9.049946321429863	7.6006132824858765	7.396587240798353	6.8476244934284844	6.434685522334258	5.200438437404958	7.067344094150713	2.5574917165777005	4.740592023369606	5.41414892153452	10.61485947066664	10.498533415892691	5.1488807511469625	10.81802849334321	4.087284291160701	7.583569377659877	7.333154963433669	7.998525022765289	10.686431346100552	7.308545387412646	8.015450164575352	7.327669432394791	6.710554584047198	6.878974954867016	7.241550892789957	4.795265626150401	4.242711687737699	6.305461519598563	5.076400577090737	7.413505387330284	6.895292634822034	7.27019410857919	6.344401759028216	5.819630326601991	7.07708582246623	7.056722440887935	7.046236155174974	8.040174112883998
EA632813	6.274850626242531	4.160053109735435	1.979948266692626	3.300766414692533	-0.0	3.9903102871073126	4.4520802080014645	5.769490008085556	3.1522389562823783	4.5781206961814656	1.9953945378180065	0	3.308520362303515	2.990477341512386	1.5768363739070892	1.5782139603725875	0.996786899245724	2.3127814015072126	3.4317447883630763	2.3159634936345928	3.8030904956430764	1.5646049576706988	3.9951738229171854	9.588656610854745	7.548347460302948	1.9902573737557934	0.9914324940242327	3.568158016863263	3.1673684242069804	7.336461533452192	7.443497096198737	6.502574485960574	6.655223734289421	6.232932067320438	6.970277282598346	6.881331240877929	6.308001204352193	4.789248462074924	5.208942693538301	4.742795729594737	3.447617139292241	5.2034852661963535	6.903553547756203	3.438071016992201	-0.0	5.279805932103437	10.50015226867354	7.824673750033526	6.782700732860447	4.232010761437732	4.934877686818816	3.683999398219585	7.195479941878582	0	5.7452467029483465	5.943257549257069	4.505827263320034	2.984866115734693	2.989706302743161	5.841827588628139	5.233002188614201	-0.0	1.9996328388731281	5.074226887297464	5.8205466064316465	5.63366584480309	4.31320710154016	2.8002337014449536	6.096316371657873	5.79364954165766	2.7893539789070227	6.156559446748662	5.303833281400047	2.320414921367112	0	5.939238545880802	5.124643170318515	-0.0	3.694710215627752	0.9999482778454042	1.9992515498244963	5.820776045795591	6.009480953042721	5.714143979081257	1.99875334927633	4.552648464774612	11.570872237113432	7.48682855875748	2.5843691212534394	5.313334412905929	9.681833127015985	8.188083514690044	6.197484492259624	6.157065929004972	4.242484387896853	5.7439895235140535	3.454158520608103	2.5755651497747363	10.331795300357292	7.320067531481489	8.157177185682638	9.09624688487589	9.505513483233806	6.940607599321453	7.674759471435862	8.757057586202919	8.801477856558499	5.7949767806425125	9.65189670200365	3.8017942764099812	9.605964127369777	7.02241135815884	7.298990757530799	7.256376698284129	7.785994507272726	8.521676950095435	3.6753602466582507	6.001572630977357	4.516156502986474	6.8687672343860795	8.160948453363295	6.893596255094121	10.258577643829767	7.939091307046177	8.620095324541772	7.050975892991799	8.181351775117314	6.962207070889158	6.987058907764987	8.459180174242345	8.172588009844807	6.832231866107202	6.4002536489585315	3.9908636592422853	8.548060271346072	7.480385112793047	8.706236456392004	8.70366721647432	7.922195523407573	7.257107150205244	8.449652464091306	8.672621296794668	6.321877485781679	7.130440765941321	9.304277074214095	5.846613542844872	9.041892441866313	10.083659391122842	8.820338868480112	7.494162038679168	7.448350968075507	6.68976017015495	6.315131478596792	5.240077728163947	6.936418248125645	2.303897304611477	4.631919748956271	5.1983500519280925	10.484867949711816	10.373013553611141	5.069598915492734	10.68523857506617	3.915173019214637	7.386833479164461	7.167020738904793	8.004873167971533	10.553506771200915	7.207415414794352	7.842552715514838	7.218834927556557	6.508558214433904	6.726791371658882	7.115800925327467	4.382280187294698	3.692386265695515	6.155666903448232	5.033526929299448	7.237573773033421	6.784746824189047	7.084117485673783	6.179016551210552	5.797383009706655	6.92462390233046	6.913483793579926	6.901996296352794	7.85415312718052
EA639018	6.4305320562650135	4.160237223725671	3.5682886810205208	2.7751986401015785	1.998962465852057	3.9867704094321232	4.079416644867453	6.197844409104421	4.049236878210795	4.956429013640782	3.131398260142963	1.5583289828719296	3.303227100811297	2.5740218430953297	1.9960128002761417	1.5748624616432276	0.9996127497039828	2.5756464809468653	3.1414566368659567	2.5755227841333728	3.455734578404477	1.9756819839392448	3.579207741209762	9.693952031381361	7.448210710597131	1.9898269931248949	0.9986995223676143	3.309137545824098	3.317954223766014	7.487795331825172	7.453558534841804	6.457129438574482	6.553888540975881	5.962303358890366	6.852398411034143	6.7568593243551405	6.309953428410733	4.887691695606639	5.130584741614681	4.575490840256563	3.9008971169255884	5.001741444413401	6.854391100221641	3.4380184449824482	0.9999846633208365	5.047455366205988	10.501635863679018	7.759183776119004	6.870827427473739	3.9845573013102937	4.83779001127717	3.8894894020380826	7.154431955924323	0	5.718137432249768	5.743796301335338	4.441536939900537	3.897046462612325	2.8010718084837345	5.71120702034182	5.1131899225427535	0	1.581542544966978	5.196793347276509	5.799394636724482	5.5767121812053935	4.314683529596601	2.3190877375087093	6.097326118007478	5.741309183880276	2.984150410331492	6.070882223239934	5.338910726020132	2.3196304865430006	0	5.418948230475054	5.084635981289871	0	3.4525198626204747	0	0.999981896730001	5.422119729399842	5.7493390160325415	5.6613951313281765	2.321412723716888	4.211381433047694	11.586670643887018	7.354468455727174	2.8066450894236623	5.120943788319521	9.65372621389104	8.270101446488006	6.326747675170331	6.480270486782718	3.4584847232468148	5.720243619632666	3.6954191559059417	2.804213961829295	10.292630891468049	7.518419162788121	8.021599727546754	9.080385702530974	9.40550631942114	7.032661631659449	7.788031197917167	8.621046728062868	8.682195112781946	6.074708451978464	9.615227988238672	3.5815220076690832	9.643038708414005	6.7701967206525016	7.126599734865081	7.237026825705665	8.052447285132377	8.499732093763805	3.7829314035379906	5.733711866778828	4.515783199069136	6.929956704645418	8.162748354751928	7.106206229489605	10.300899863187505	7.88754414483553	8.551597482492083	7.124805586065675	8.20277785211384	7.095233780280762	7.167743103527121	8.496074709747907	8.230676992875123	6.699506169306153	6.576869165902308	4.1622610451864235	8.509466097109456	7.2670912117331365	8.659786606265861	8.639231918354428	7.887628374722433	7.3606142793464535	8.345983847991215	8.588684916424786	6.322427584465074	7.080824208389017	9.298122422014753	6.273485369140073	8.96642142170737	10.123837842048017	8.901458763712846	7.710290005200885	7.118383211286622	6.719477220569781	6.331571683536206	5.162922195305767	6.869482179843107	2.303899028277845	4.847533803301419	5.198783512965754	10.495350426338737	10.394457158346526	4.980435829033062	10.721743670936112	4.333667713883822	7.492614154143306	7.126475985443523	7.927061677517143	10.563612495649819	7.345143304008328	7.939644671599564	7.208745748548543	6.570779878237137	6.819961014775106	7.084270387254431	4.311515741988936	3.3172060455232146	6.23488463322622	5.415442836408778	7.354973290076224	6.883898949381304	7.063609413776982	6.274742652058863	5.800964909934647	6.856927515362352	6.85724529707852	6.8453239922659	7.891335817236549
EA639040	6.50900046401814	4.156694426566863	2.785761531762192	2.967206939137547	0.998248712199032	3.8973667597661774	4.448803545505815	6.178246544462312	3.788810984657735	4.799644499699332	2.5714128732372616	0	3.4448800412380693	2.983378729897594	1.9976771610509685	1.5763187226142104	1.5821268982817824	2.7913311789377766	3.783863397755217	2.5761403593483543	4.454593633394345	0.9779192572391175	4.451001257491415	9.768927935744262	7.4958177071260215	2.3132106199229185	-0.0	3.4454655114729253	3.3162976240611592	7.438392598184564	7.560794386377438	6.580915196960114	6.359715683051237	5.868769933584476	6.724498891403087	6.782828131072237	6.4779074519278375	4.568692961825139	5.091126352728288	4.690936599945424	2.7978142980492295	4.9588794596475285	6.880638938925679	3.886027142076904	0.9988004887260392	5.089233933163604	10.63573733705655	7.904010844381618	7.011227609706564	4.372949756362727	5.023186723843615	3.7912501522441366	7.234016327699507	0	5.798404784509999	5.845461042290624	4.62373607683331	3.6897104536660414	3.1595096561152913	5.790823379852446	5.155190127891343	0	1.9987704654453102	5.196713582012083	5.667480579405473	5.919921457001427	4.083523398204536	2.8022288086579943	6.234924926305835	5.841658047973081	2.7893556445459575	6.156752682569784	5.444355594976638	3.167857124325811	0	5.351791512343086	5.045416234398805	-0.0	3.801875356356478	0	-0.0	5.422191796320981	5.774630750044937	5.7162124515210735	3.1641314455941694	4.134864725119791	11.593044154483232	7.8071589782020485	2.997906509589251	5.719940902873277	9.958188222600054	8.500587053822288	6.539450651633965	6.255645770126169	3.805141543230122	6.294538975255425	4.51913820834984	3.1665285931212885	10.460563062843658	7.580865462806494	8.285377836513783	9.166688025248467	9.581554806205421	7.194554479125524	7.273097646980472	8.785543767600222	9.028408541832963	5.822515974594703	9.936718121949452	4.302999583113789	9.866760161087699	7.000770687067377	7.468339357510897	7.688725543253171	7.945219133697434	8.849695870550766	3.7861925349614864	5.887342615535434	4.691767356765538	7.175790569243613	8.333815120103027	7.252036290181848	10.35281166342756	7.950869593570535	8.589418490489878	7.212753051022219	8.339189750974755	6.96427268728084	7.073295812562093	8.573036470739458	8.318660923119507	6.974780497434762	6.846010757011223	4.565749095483053	8.587541739933014	7.373525064139419	8.849965693602071	8.872070573326809	8.02546345667294	7.452171703464307	8.449545351723938	8.71240452175204	6.39080082975552	7.397669467635479	9.44635063662927	6.153209151807891	8.9947342223941	10.270385650793912	9.071160347810576	7.765726912332958	7.609560368778398	6.89542279324471	6.60551239063668	5.313011530533236	7.028598789144046	2.5612391043365195	4.942247205748723	5.658353505561808	10.659972715424486	10.502158554223517	5.5946035778872485	10.831095980327	4.17257182486334	7.546390495310168	7.444795128992565	7.939196694790833	10.6886520715213	7.463492492232772	8.095954209168466	7.446730487249162	6.752590830261966	6.937942238488692	7.394913377710839	4.745367521787402	3.694804324930322	6.358640045020691	5.1173914569554135	7.448693847470977	6.990208259770258	7.453290303735522	6.397951608574677	5.748308377894767	7.091846467765372	7.0176843800648125	7.0069305047944335	7.939148154041183
EA639069	6.430418250481366	4.379460281735505	2.787696844783436	3.553727574272832	0.9991105497230434	4.69004397484003	4.381970332083292	5.741731868111023	2.975395188703619	4.451421354190119	0.9976249476368497	0	3.7924192660141967	2.5685155141784977	1.9979189702463278	1.573534721655391	1.5826924512679412	2.5764861944873294	3.4309837674221706	2.7974110314060985	4.163201209729874	1.9758684423004031	4.080468126187276	9.808574552248455	7.584039941554268	2.308977558952885	0.9822091262740642	3.3093355278177694	3.45359313398493	7.485858794778597	7.580856229779019	6.623518959448759	6.596651160589967	6.175960772948771	6.992045454821951	6.857588991951456	6.446194686213152	4.78747575659741	5.130118441906488	4.847739737361157	3.5749574166559634	5.126903453019697	6.961425877435437	3.7859350090258737	-0.0	5.313013375146372	10.600072830404288	7.860035251074655	6.965273474477887	4.1514143211110826	5.062019621197353	3.982760946064119	7.297158483713841	0	5.920213059016625	5.868935442485372	4.565276108557142	3.894970431817857	2.9916025913687823	5.888025417588061	5.154233210796576	0	1.5816294091155183	5.272579418194672	5.744598325708906	5.634492114018049	4.386114068191875	2.9930750926218463	6.1369928424181674	6.006778321293093	2.980096059015599	6.23329544354534	5.596764232045416	2.5837949243562846	-0.0	5.4822594517864065	5.1642605184653885	-0.0	3.69161955961894	-0.0	0.9996093495548484	5.715103371408834	5.871822762091329	5.767363926752857	2.582354204047225	4.482750186567869	11.573771106713163	7.593631880963477	2.9975674182692154	5.2389284866731485	9.753263599705154	8.27263747351396	6.443544320770451	6.362221119403892	3.5830914566210756	5.797257347601184	3.6934281625639755	3.164739943476745	10.334652803536644	7.526714714599186	8.249209389264484	9.255771944621351	9.530490962422961	7.063234530383816	7.615312428375071	8.75509605582072	8.758015775302876	5.894876176038461	9.735553669107714	4.975354739771748	9.702570500681054	7.097601137044732	7.428536821882145	7.520216218960878	7.961472043092442	8.693552116785808	3.977424300269943	6.042988101468273	4.3831989657568	7.165521867601841	8.316664072675737	7.007589985039529	10.417055707050423	8.032876588709161	8.67580188366147	7.193892338128799	8.37421564849471	7.082767287264612	7.062847506747378	8.64930057774571	8.286712422225348	6.8057817800964076	6.8968891674739385	5.034252625061566	8.695992910943856	7.454670340297114	8.846323624758204	8.741645327187014	7.929015757096438	7.277863020495287	8.462139122421183	8.713177208244955	6.483557162449294	7.208652895469882	9.321652445043734	5.917495275270438	8.853234631152194	10.220097915827903	8.96753356442598	7.578626076316	7.413743597758499	6.859989526319158	6.43505765850968	5.313070316119117	7.067201223203826	2.568089952509375	4.795869769525185	5.378904895451581	10.597501266587308	10.485294418165314	5.066442791102111	10.787451255972877	3.915902546779279	7.435997279719332	7.299575923942692	7.924648905508769	10.684019530739452	7.327029472413947	8.04831153163225	7.273794998543353	6.69854023236853	6.8912329123813025	7.2698199305811455	4.743931955006984	3.8014090831188545	6.250571431258019	5.156688178031919	7.336553145528846	6.931469768017251	7.4023990569120715	6.396252014880336	5.819216784172532	7.207158486530348	7.04647941723259	7.0359555591707315	8.003171300589583
EA639109	6.2926455413518765	3.894551786401544	2.2932292713121303	2.7667433551039555	-0.0	3.9923431706214108	4.453032522976604	5.989696909181246	3.4445571832616766	4.801842724728262	1.5830492808926913	0	3.4472328136607118	2.988089889251651	1.5837740456847609	0.9931670708946657	1.9952687834956735	2.316418795817577	3.4326036225545433	2.575396203379741	3.8026841653808283	1.5570449357939546	4.164360297499467	9.461836900403899	7.504148136034391	1.5788290478010443	-0.0	3.8953814476846818	3.580738440314217	7.356127935903599	7.470232269277409	6.4576064963472986	6.4276696111487786	5.986818936393079	6.684427565457459	6.919163064750719	6.510735261302922	4.8428401669874095	5.249664380772167	4.57517990226674	3.4530739791152616	5.170994873663187	6.975121834869843	3.2993633840505003	0.9984040337341513	5.24737191804166	10.50804919448361	7.772434474570739	6.78289544751259	4.626203671181644	4.937390148776137	4.0733487416230885	7.186440944790376	0	5.689799409991272	5.744045628914369	3.7902677425938256	3.799865746619658	2.9946776599568725	5.788835087087687	5.153238468651173	-0.0	1.9983787430589994	5.155031920883629	5.748255035775786	5.34862060161677	4.388475284294025	2.804295168027888	5.964252573104267	6.057031499356629	4.065632263637346	6.0540825544470245	5.5694238866138726	2.799835238065296	0.9956078815314433	5.578630778703929	5.047774816851121	0	3.5742142462351123	0.9986172591503666	-0.0	5.747507637165459	6.078465630085657	5.744435364657347	1.9945668770852159	4.876695166783299	11.54420483578238	7.463906805994657	2.5834944823240753	5.082422629929495	9.494850135812264	8.164120129021837	6.327151149006133	6.3116405773083795	3.1666237510551904	5.664312901837371	2.7994053048454677	1.9994617815014764	10.232481645406981	7.504537623489477	8.10243106598288	9.091449513064015	9.365504535709688	7.095598720713955	7.594165548178745	8.36859352984516	8.585002041834857	5.849816504121172	9.753772556006679	4.784760914015978	9.790922112952915	7.54527947820745	7.299437061789396	7.777077069052928	7.8005242284191025	8.565485504470107	3.680118399256821	5.710575247147224	5.450845098470644	7.085644288957608	8.12710573510054	7.0856351653590455	10.214716266611429	7.921201688857537	8.64725945627698	7.053086087848176	8.393385327940942	6.986519460448021	7.074900309405589	8.56909059912741	8.25520848361316	6.687876379050242	7.118096108814811	5.160507784500767	8.49850430635053	7.312934994899295	8.729234843078435	8.720360641124794	7.795660093913628	7.23260573449428	8.319506335782991	8.669087162754469	6.374081229260999	7.089858403346391	9.246554780381112	5.872686210171852	9.07595670058557	10.006587657187891	8.910874568880471	7.430770706987319	7.283303842825322	6.676927208718159	6.65081581242937	5.1205310597074005	7.040911319175195	2.57405785245013	4.311811825971418	5.275559943092352	10.509243492976658	10.440778347965091	4.983356112851553	10.687795308167882	3.9152450407452286	7.186278176325868	7.075120486528196	7.843398369796809	10.610461755966025	7.198838860369365	7.89744715884645	7.09891737139665	6.508381850393256	6.6288263979297355	7.030655844342584	4.515507821873572	3.4545868731031018	6.049432865199512	5.118048231830548	7.227459412461718	6.93254803083264	7.379019526322856	6.11755244055014	5.773705161846789	7.173028844244613	7.0301626065374165	7.019540948218619	8.044563431484155
EA639120	6.326535681106472	4.233198656547275	2.5654795279296585	3.1369381994193954	1.5830708012576666	4.240074053673414	4.383106301562181	6.009521092375099	3.437308231195273	5.037868796896327	1.994103669926579	0	3.4435081394173803	2.7957580905763146	1.9952549744902401	1.572743422671293	1.581566383747655	2.576382781611515	3.5577725576154156	2.576427501006853	4.083616667828536	1.9795007568489966	3.9936710027761735	9.746862361418291	7.560297277463395	2.3128906174867168	-0.0	3.3036743408837363	3.4537486432660836	7.500989006880769	7.566918760703372	6.775091326228627	6.567743779538135	5.984972890409819	6.81441924879234	7.018300095833165	6.540147338550909	4.886496936010692	5.168121963728827	4.633541151627428	3.4505024321713726	5.202630180786032	7.211232544241302	3.784825804029517	-0.0	5.087477445858016	10.680432703954883	7.745554745866727	6.931375958674582	4.565823321083506	5.185426510693101	3.9837279680154816	7.407981456443628	0	6.118110142956622	5.869846883908806	4.679890671396924	3.798588879280633	3.1615257804391614	6.14840355719403	5.3396963142179565	-0.0	2.8028342709600995	5.196203345537121	5.8435548238139265	5.6048285576915875	4.637633123502277	3.1617133855332566	6.15690648334169	6.071570185798557	2.7914196848760415	6.408566924270765	5.8638417918260375	2.5834808395025393	-0.0	5.481067768043853	5.201215518361295	-0.0	4.077850696870226	-0.0	-0.0	5.660755893334792	5.919620862360746	5.791453790355603	2.582306695999811	4.278316709810188	11.583298584528931	7.6018088465204405	2.998803023722842	5.239977081069069	9.724424670123245	8.30457882100542	6.360960889640364	6.659150123362273	3.5833037833602646	5.797090149431906	3.4524046074494836	2.8043839282307004	10.366394689729619	7.572485215364175	8.271971704167445	9.346975357964212	9.662936926745797	7.166113978995755	7.7614988198307335	8.742453865804436	8.809991016146647	5.896090322339756	9.838445774570895	4.165039643061669	9.823609311905122	7.2359126256889015	7.290376611190371	7.464662809110077	7.949829444966104	8.704165958557383	3.9716119552281683	5.977135528145983	4.576657436080298	7.114636790822803	8.395187857890116	7.0948111730439996	10.434275074676968	8.069144089419984	8.67191657661551	7.250271674995516	8.412113898898648	7.1024738944217125	7.348277945576679	8.551307167597379	8.282555574633209	6.904046220686593	6.676776991194367	4.159524475408496	8.62478896945478	7.610015707670052	8.845886641977232	8.874406504481643	8.062165263612995	7.399963277903031	8.473092507555172	8.779546338553095	6.42088850198715	7.161139850698835	9.382052206933427	5.9408164996165915	9.306243496975647	10.215143880957527	9.028578716606635	7.658362285226871	7.3891491266478875	6.758489996523859	6.515277986432367	5.383747081451132	6.948256453121051	3.4326014905126385	4.939631287274439	5.4131767595800895	10.633697904845247	10.561647259189215	4.978812468853495	10.887208006697103	4.158869672950046	7.442820190976846	7.410586678825223	7.959631398032828	10.724515642053817	7.345207579911583	7.988480084816718	7.362912655222803	6.738992503995464	6.9039841033451665	7.224364870227271	4.6884335972320645	3.9944278671881377	6.411071531829169	5.1179287178816795	7.380328656150254	6.932111647487986	7.368304051264949	6.345520285459766	5.694960033203423	6.991835071000098	6.94860563988633	6.937077895363724	7.9234574304106316
EA639146	6.327381217847691	4.234286459165965	2.9748062785607665	2.7741196561578354	-0.0	4.1601926999302545	4.080311753024101	5.689547886762625	2.9806959537517943	4.386470586379768	0.9993964845339376	0	2.982025346799774	2.7985109978534704	1.9970406180151188	1.5733378161876903	1.5842094747641036	2.7996959048639636	3.4354770575100484	2.9903173763938895	4.083131187455666	1.578810923197345	3.995360940812479	9.657158340613849	7.398130870705813	1.991459185149016	-0.0	3.5711598065557864	2.997717154286455	7.398176219193516	7.71008771891648	6.6097525208126875	6.684135101149539	6.326854596457904	7.027820544723948	6.810914377155793	6.362153880375137	4.79030811613236	5.1298742263984645	4.795782790932087	3.5769454082132794	5.087799825877629	6.949241568664357	3.43610747902124	0.9999762541397823	5.167844250278482	10.536065833223686	7.719121740063794	6.846988190426364	4.229673394492944	4.975604055787206	3.789516735676691	7.314722554292092	0	5.847827074880151	5.743253198128597	4.507905119337232	3.894779407487823	3.1587756314773165	5.889609109352274	5.194941383054344	-0.0	1.583129811131295	5.075591080725026	5.797657369433844	5.692115671165296	4.452872970571768	2.8000063849126486	6.215422014826474	5.940432910415924	2.9800284879969547	6.2883070362467635	5.570150550451131	2.582755828158209	0	5.515245847599816	5.125430722189647	0	3.802313351410898	-0.0	0.9999171019002784	5.743430583762598	5.9209555608567	5.716848755261999	2.805452464996396	5.116587080716857	11.570360623450592	7.4474423098009055	2.582687523112519	5.451376010535273	9.556128611432122	8.188565344647815	6.42908885802001	6.21807967715979	3.904588070586645	5.824125983623327	3.6946535782569763	2.799998065445399	10.300471391092792	7.5020900960427435	8.216407073654631	9.375751466875396	9.654345543980181	7.1559389214604945	7.986908698585327	8.786417246969961	8.878448709530495	5.821893983199034	9.651875207723123	4.082951045594074	9.670577670671507	6.930418840518156	7.429115080134195	7.3551348838367225	7.933622889451199	8.721635523654754	3.8878790681135977	5.887053254855528	4.745245172570923	7.307039459933238	8.392085545803894	6.976137340277429	10.298634351299285	7.879683953913041	8.787449145721657	7.252609665081206	8.361245126798302	7.1336047881117945	7.052783059470828	8.629937601706928	8.207567003026332	6.881514361308181	6.59051657127095	3.9912113425531555	8.745075936879458	7.534882967309158	8.932670478232636	8.809428237421024	7.985250947319337	7.415598577838374	8.567291794049257	8.731462851737444	6.454742843252687	7.10113724214698	9.311620864073191	5.9643344802322416	9.727879427681598	10.29623167821281	9.07008969375087	7.578514701183365	7.455212365989934	6.872497120887765	6.333925046010519	5.450873765819802	7.081031893574186	2.563776506509713	5.078178634943576	5.380984176030827	10.529602164179844	10.467659360883289	4.736841384713826	10.75671991161717	3.8212034863716995	7.377863025692313	7.157257768467022	8.11321902174639	10.61608187577915	7.337124465268857	7.8660701913030815	7.283097590388773	6.724175910109265	6.828885307090084	7.241132443885822	4.690733822717993	3.9041053544013145	6.286349116324555	4.942052263043778	7.290896427556378	6.95378476591092	7.134902251776821	6.307858007640175	5.847904645171019	7.100509246175295	7.070382014179581	7.060046508153198	7.983773045011693
EA639153	6.493401283827091	3.8952042084065504	2.2976385823572305	3.672392193908557	1.9974371843420398	4.4509475802471465	4.240372771852256	5.897637975619508	2.7929639856554513	4.241835107253438	1.9931978808560262	0	4.4978982777012835	2.3089673244982154	2.791482444096518	1.9894725446276156	0.999243401500943	3.4503023337652516	3.554751382200297	2.575600130986378	3.9051831261326444	1.5648151093749205	3.8025359862272032	9.779182342359722	7.416864353955651	1.9887059405718972	-0.0	4.553924758076977	2.575868588522585	7.473678942329514	7.331108139931125	6.53215736205171	6.793434600631818	6.360669604882344	7.21105111903965	6.930347607525337	6.2920245744207675	4.627342537730906	5.092144302050952	4.745693747183529	4.572784877824447	5.006146957980412	6.740319027538835	2.975829231923584	0	5.0522283457576425	10.445323820623102	7.897982787047562	7.096641279121384	4.287876114323129	4.977403383434339	3.7912492852381607	7.134893451920873	0	5.663867020645829	6.235265686362853	3.9885684542060162	3.161951720712011	2.5581408346531727	5.759537598977697	5.152688158066568	0	1.5833071613508767	5.346436718546848	5.921647092944683	5.66139379556232	4.851965632708419	3.6905327533791707	6.139386575018649	5.868377021213039	2.7878756886439664	6.007503089924323	5.474931090015426	1.9998054277961046	-0.0	5.548083083814456	5.004852530820637	-0.0	3.4557805543391606	3.315659504208144	-0.0	5.5496401083751845	5.826620018920291	5.94310157275247	1.9987079432788986	4.669866298188615	11.539524148236316	7.431927758646128	2.806712619210897	5.544493564796158	9.483178774556604	8.190292874449167	6.196786458067004	6.646153978420849	3.99748042355497	5.84918243560406	3.901782031241491	3.1606115719336465	10.381013833871759	7.646770553879548	8.238190054004122	9.321690801632199	9.545895143027229	6.931563252923701	7.65788285473222	8.744158545960099	8.693193807797693	6.055750997713686	9.572463021710696	3.6962541225081407	9.778763516808679	7.105898072629679	7.263312594768127	7.256580088760256	8.025437825832288	8.68262634602843	3.8694824468993496	6.165053654303783	4.163034220733068	7.010668141975769	8.444147104159285	6.832811145225596	10.56450307150503	8.361303231021582	8.766363363778074	7.232210585620004	8.628364488537962	7.368931009170778	7.194406147315496	8.453060660318808	8.06722968674358	6.906598052664001	6.514589438179899	3.8985365104380407	8.44525731910987	7.469096317206596	8.546825073330536	8.619776031372457	7.645694927827231	7.092780582893297	8.260830412529081	8.729495019461252	6.324166199693845	7.058097784352501	9.195776841403873	6.233276856214871	9.117741268825483	10.221901233180473	9.03574159152586	7.795682331918846	7.382039351613445	7.055867860595301	6.418665246371297	5.629746990221124	6.88146699827465	3.151834265808698	4.447027821608879	5.599957592608699	10.446680386425378	10.341224946863418	4.889126598589634	10.662095450484436	4.991102322994731	7.395286010392739	7.085515260979379	7.832199249047938	10.896278955336463	7.2925457531078095	7.927374147215702	7.355950262098395	6.728235435572527	6.89454762160308	7.261584993753841	4.6897520106376795	3.6932685645396113	6.2720935230019395	5.687295476597608	7.46339821455017	6.87294250446598	7.393924295294383	6.364239870480413	5.667763588059212	6.8689877790363365	6.869530545948932	6.869530545948932	7.819527086978335
EA647820	5.895359165045233	3.79637942021239	4.713468610515944	2.2867880377394867	0.9994180117755485	4.075628805174184	3.9017446111681893	6.935160364706316	4.404032098883293	5.710480748431126	3.827455628888352	2.5073258432510763	2.5656449136079753	2.3205913083719194	1.5835168610211547	3.156551983958157	1.583363431315525	2.3146975498408806	3.29862722345425	2.31475820574976	3.9021030576880342	0.9762825703909845	3.696565870607533	9.47707249813124	7.392043202553082	1.9842591544376482	0.9943525915373371	4.1570855407808205	2.3176421073259306	7.203033244235338	7.4716056611292965	6.375980887118531	6.4931036321678	6.678001702429739	6.739009822396294	6.919475906644624	6.118990613712736	5.303253382661359	5.609057727787407	5.117275492004495	3.4537140892270783	5.421188829084052	6.599936020933375	3.564464085006405	1.5846037338437355	6.050973276510086	10.382907680178404	7.961808315322062	7.089256957899806	4.069997722690877	4.92675282657734	3.5734272552767012	6.895330112713113	0	6.196081855005548	5.962634999051336	3.892339905034834	3.3141157256271607	2.7999745886621143	5.600684838047045	4.628574698902645	0	1.9992524235052653	6.074740568745329	6.34323408161014	5.078670748675712	3.9031686673171775	2.5812156945887628	5.771311861551543	5.54467676997376	2.9871013526751193	5.871607063370179	5.068379765214453	2.9962360068132456	0	6.370143166624571	5.663221996410045	-0.0	3.167195873719036	2.3118644816037577	0	6.663227075097952	6.883820050941177	6.426691336368249	2.3189605125464596	4.289319525061013	11.545496027663638	7.252877060254984	4.056580884614544	4.947799528048003	9.353590176304133	8.057349051546387	6.177686588664204	6.196464914867593	2.998944906163892	5.54692738494481	3.165908905171106	1.998957157548657	10.238754990129726	7.1811367935020245	8.350107267221844	8.899044725064423	9.147029001263144	7.075915812032511	7.736835067277968	8.266502169046229	8.551163633840217	5.992638341696653	9.558811178997848	3.160895020102143	9.545603830332256	6.87272732308328	6.86958238697634	7.067510062752307	8.135812362635415	8.440930720145046	3.676152863052975	5.710381747675563	4.082345432280529	7.15499211851811	8.093045816466947	6.771326704951527	10.071563878672805	7.818687818623941	8.503170831499025	7.043105237608698	8.303258218429907	6.729356564328278	7.2487336426997775	8.458766128350184	7.838054389181055	6.39772803404968	6.240272758500516	4.144866519766789	8.212066976800127	7.305443697489908	8.57381234323825	8.424761163446966	7.550687895622707	7.155357795915617	8.04631816962675	8.430385291095877	6.179505281816201	7.187075914699174	9.023050556600166	6.160980466327497	9.52347426758043	9.8458282489207	8.821453713476355	8.041256997813385	6.96822538038209	7.081986302010948	6.142904899475219	5.199048363519039	6.8962759646106555	3.882304814162686	4.160156916056087	4.990865610419037	10.442852531022766	10.269592616129474	4.939695983893411	10.581866539507718	4.690881482622762	7.166878373304438	6.9656890343629785	7.740638173556645	10.411078633508872	6.989769320607697	7.694042953121	7.002738695180788	6.431046698951024	6.910399255213653	7.108423134155641	4.627429947532518	4.1623739462455855	6.011527122962274	5.276599015509868	7.057546980056584	6.757630321083834	6.74228127207225	5.8983288473695685	5.644951830805738	6.965690469291189	6.849465383957622	6.849465383957622	7.775667253554866
EA647824	6.479478830447683	4.235272347380914	2.9804062505282127	3.1401820842038	0.9988736273244995	4.237746717032212	4.797848693680626	5.6872644552341916	2.983593102483485	4.239426702445992	1.5836099564485877	0	3.5689132055638138	2.571947629006869	2.3161998856166535	1.5749775022311074	0.9999992981927591	2.5768337657503793	3.4351434413548887	2.577515744511137	3.9024149223814573	0.9771223287757256	3.994671408988154	9.766188150346526	7.502450548103574	1.989813646326795	-0.0	4.378381538933679	3.1660061481332065	7.414442184900142	7.530535764496916	6.504323107021019	6.375136697001733	5.793176075250634	6.775794374238432	6.8812096645156355	6.509825871657647	4.888810402927103	5.084669722472716	4.69035236958772	3.31359196939886	5.119480800488286	6.938564421820491	3.5638944709419267	0.9992593935630648	5.041143807884499	10.59099959950103	7.985098002638811	7.117814152568156	4.070988973465679	4.932361681177884	3.9830065335227207	7.2333065367262215	0	5.872781438069932	5.895116723255263	4.503490271513515	3.8967114452368747	2.9921669000667004	5.8899449740462355	5.114559434043973	0	1.9995507772834005	5.308982699988323	5.606454159299719	5.663474786027579	4.242021324372338	2.79743523749506	6.176764166237619	5.961525732676183	2.982880332048942	6.157255952585679	5.409337252341742	2.3185775942241675	0	5.478525852605045	5.081352451798694	0.9994316381856088	3.801085127336408	-0.0	-0.0	5.511588312485667	5.795928348095027	5.629367825418703	3.1677659024120497	4.42402100165435	11.603608736775843	7.479507383586247	3.3198376691446123	5.577404665008268	9.809512659614333	8.375254901835246	6.379310603199344	6.217254559392302	3.998349618122662	5.896910119045897	4.079785982470722	3.165969848566448	10.218714558973662	7.496077914439689	8.216775606437777	9.351233683987173	9.472273704151094	7.05288050325461	7.838182337760811	8.855240176028277	8.838443108656964	5.921468694691364	9.727925919248559	3.8038747813113636	9.6600393172718	7.055033589559421	7.2422296691091566	7.399263563363963	7.823688598978677	8.586548554237632	3.6779359027342613	6.000937134778724	4.634658827766701	7.1257894737599115	8.15647396433833	7.00908132507369	10.28392451889036	7.875071528238629	8.659186793282224	7.12349909425161	8.357325576875171	7.039996323301785	7.08386106115173	8.636429167765568	8.142602302967791	6.700240727048598	6.64904704532572	4.0804352997097615	8.607190097996936	7.364869309157914	8.763620598491768	8.708253692960563	7.887428757248331	7.249601651843892	8.442291856313265	8.719557367624848	6.438217440788624	7.079084927330697	9.306176836165756	5.963397226313877	9.11816983042943	10.111433883781638	8.956496086166768	7.463008687237106	7.363962007553106	6.731207259789915	6.2218499665436475	5.276681617709998	7.090517714522302	2.3012366626888765	4.843598764457871	5.158968547762276	10.589213107589952	10.47742926531928	5.068834099402987	10.815867148866486	4.1687673308848545	7.476824057690102	7.18559319397326	7.943631665025361	10.588472565525157	7.335529864456865	7.949007977087366	7.345986399844837	6.6428911826472845	6.879886800066348	7.135394917382402	4.514609189908965	3.6932016227792226	6.324349919716327	5.198302642271105	7.388574505210885	6.896053602564614	7.165205541414549	6.291673844372577	5.822374884393953	7.047018982259145	7.038289899448055	7.00547672867268	7.953347844000811
EA647826	6.180378319426755	3.4491075520455152	1.9776734703033214	1.9621817952879619	-0.0	4.068662251826272	3.6919171740985672	5.718657295820152	2.9857852067730803	4.162659401048105	1.5844782954516639	0	3.3016696898788953	3.5646193649248916	1.9620309356076115	0.9867220803916306	0.9996792980704371	2.3124619373495023	3.2943451197916014	3.4490709247234115	3.7998310266256103	0.9864800048897233	4.305519132573393	9.402471926409829	7.287554058984816	1.991913325068438	-0.0	4.232814305751658	2.804738447607174	7.249682312018636	7.609588513528854	6.488739077652704	6.252448846915619	5.769309280687162	6.523532139921702	6.872707237563945	6.117337998462527	4.73714635245202	5.054893294652353	4.744327346029285	2.992857901795167	4.822193894793007	6.615229059627229	3.1493369616638827	0.9993145065000784	5.0502419363146185	10.366685531663544	7.52950991379667	6.701414553482701	3.8903373524721587	4.790293916134199	3.6849367225505296	7.009796904804597	0	5.572698741539133	5.448233358546578	4.070615880395444	3.79989574072992	2.99296852188247	5.8305614355072155	4.985084193842896	0	1.5844232889743186	4.942541137331718	5.803598409070971	5.482140817308595	4.165862934890952	2.8032634494675968	5.821035683975516	5.414158177511626	2.7864687215052393	5.895504653371381	5.07218238894346	1.9982682206693296	0	5.992577743144182	4.821175159407281	0	3.3184721280909395	0.9999535801305053	-0.0	5.4558329870466	5.970652022481438	5.578279145293396	1.9990094995310956	3.9656268152617495	11.559129120026215	7.255635010128445	1.999746929209802	5.275401260585872	9.594954312996302	8.160400732986718	6.2348946897054995	6.113163837735978	3.164524252101061	6.074604206337083	2.309303850750883	2.577829938274578	10.171338044733544	7.247818714311705	7.931459032576502	9.632886223567889	9.405280330005334	6.796642303850133	8.357309224397428	8.4161844983252	8.599073483577047	5.824239102513298	9.425546910715564	3.3111424486269447	9.406558037230365	6.835658138923416	6.894705362091259	7.320968108060891	7.580700124317816	8.484807412051735	3.677672141050443	5.8151168581912325	4.387070562457334	6.884552767328379	8.168160604815192	6.602465690700781	10.162032560156755	7.829738009624434	8.594504430170792	6.768451504408149	8.076151512894397	6.893172584219754	7.043453705099809	8.400757753329941	8.148821334667755	6.558573088678784	6.558781700051221	4.161050357129457	8.506511506722505	7.718787898708904	8.642846418236688	8.720782916156487	7.694488262458569	6.950975138952308	8.062499541076752	8.429671124484889	6.393457997212431	6.913936371222082	9.132536637699324	5.575356582039669	10.061716810785626	10.000276917357327	8.665681152006192	7.311347193056394	7.196479376293845	6.746481800484941	6.279633269865491	4.799196168267603	6.978116798882811	2.5772472992840236	3.8963021678879577	4.796348197392226	10.33975859040422	10.281253365261872	4.89435701174279	10.58066790228284	3.933238766464353	7.137956854951382	7.021857760450806	7.935227013039594	10.398175372987598	6.909846637063031	7.747942309855968	7.024170326027426	6.380229588834047	6.617249426257186	7.107198811651925	4.241255609694976	4.082688282876589	5.964945212592142	4.7980462129223795	7.265821733168471	6.647341054004523	7.21622725621473	5.96773847181538	5.803711875867515	6.954264500023137	7.0220270144289865	6.943463580264183	7.7379265352703674
G109543_RCCBMS-00007-T_v1_RNA_OnPrem	6.397197469125157	4.0722922664552605	3.570620424628921	3.7792865732403733	0.996068564079369	3.8943034136221404	4.162035361030803	5.846853818845424	3.298288914167368	4.571009311603471	1.5829832941925552	0	3.7906284466730806	2.3119947302290766	1.580295115080168	1.5720286625568898	1.5826401317252237	2.8026826202518986	3.2977424557766724	2.7931474332109505	3.995760888262491	1.9664221961881585	4.164085020136457	9.709933299283804	7.389904716460957	2.555532799802268	-0.0	4.074065092708528	3.316997504332601	7.471063446548715	7.529936758730339	6.566176854020439	6.341152380559935	5.84367351087781	6.775316799760804	7.172722900700849	6.3090616822685535	5.067089950721162	5.1277500941804375	5.269414593105033	3.9833345245763088	5.1221052253101655	6.964881486978784	3.564785289818603	0.9978399168345085	5.125590666417199	10.521506280179024	7.914990177353087	6.907445149633157	4.441897305688051	4.976714505064234	3.687168640142405	7.184811118577786	0	5.7695441167872055	5.919167991817555	4.370459596963187	4.473844680856969	3.1599778075734664	5.763286535903272	5.071992622864564	-0.0	2.3191993482259177	5.072921924063238	5.871950617401076	5.718456139626367	4.450100464579537	3.3131894095103775	6.04894088576946	5.791882197953911	2.977736422700192	6.174202047265094	5.505591085633303	2.806293246955915	0	5.950356215012645	5.0807521885409	0.9977188374060393	3.4523777981270514	-0.0	0.9999983460467936	6.108220956092545	6.301884873854654	5.686759194857774	2.99609902753996	4.284361001612608	11.559439423234346	7.707302254505911	3.1682949789943127	4.99238580382617	9.793844258135854	8.226104950904407	6.360067844954506	6.5288222757379	2.997974019412738	5.84827092446414	3.4529220982637883	2.8030437198393994	10.50543721943811	7.6231196714524625	8.341063362573308	9.175049202860237	9.516185414605598	7.114659999489946	7.659889886225868	8.70534078185914	8.759279499198774	5.967389698141957	9.877858694742374	4.083021866800178	9.760533865690395	7.178854184136728	7.326804500174275	7.414388725451097	8.028983030069018	8.828798944862532	3.781056441587894	6.190239931891254	4.8985905020622384	7.165400190541449	8.450100077812818	7.105248024991074	10.350823140781824	7.894648225700557	8.707130942675473	7.279355066156243	8.470491531202207	7.183297745737062	7.2789592599509545	8.510698204484665	8.152853201200003	6.9510231649055045	6.835084850011444	4.383981531965611	8.546762674374882	7.5125121953324525	8.760575193329679	8.850505105694406	7.986249072240816	7.304890090078956	8.434318327402677	8.72735594382822	6.38899373587087	7.347625172246263	9.395621006616189	6.136125620989688	9.08649915930404	10.162214622803727	9.000162273731396	7.779801346444286	7.336019105089938	6.955045497167939	6.467425252772663	5.276137643193343	6.926986224388955	4.2027450449347805	4.687192406202245	5.379064721622179	10.53280628508827	10.415836032258088	5.111499181206887	10.727848976829698	3.718936138326092	7.427051271185698	7.403426881874973	7.926352661448609	10.716831559690343	7.214715756944422	7.994095816056199	7.486183095787532	6.536517904086205	6.947897324991121	7.2870953499211195	4.633086969340753	3.6968151557170588	6.230850237235138	5.27407427689663	7.420189458937214	6.858095796253324	7.366850536394853	6.428239450255989	5.7720368913295665	6.925575189144872	6.903143449533585	6.891516831679992	7.913165518907013
G109543_RCCBMS-00076-T2_v1_RNA_OnPrem	6.325570279999944	4.378936248602835	2.5744863091755876	3.2923384115085876	-0.0	4.376224532184922	4.082607543377954	6.231622976134637	3.296601078577221	4.746600155620309	1.578100997732735	0	3.892013172202126	3.56762662912322	1.9970207632383674	1.5735579138538753	0.9994762544340878	2.9877892171719607	3.4412450699577986	2.9933204252262415	4.082079645806199	0.9792702918556034	3.9019224509973753	9.708134945093011	7.462446592934803	2.3135411441663374	2.582945970560668	3.153792921188858	3.5704350373172407	7.502656273904367	7.595099631749254	6.580016745713783	6.342207399081494	5.964144195940028	6.683081233935983	7.203411963629252	6.614269868360127	4.793382060335015	5.44978433500518	4.743811774593003	4.079680594654785	5.60387412988295	7.212714977353219	3.299596311914182	1.9978982586678442	5.60188154126229	10.567734481653416	8.051179869652042	7.0348057817014595	4.683949457618553	4.976420097121519	4.075430824644647	7.607015358354726	-0.0	6.309451220459565	6.272497052781863	5.0267265795035625	3.99069878212333	3.31239128173502	6.191655077262186	5.446460524184479	0	0.9934529629690191	5.271818204505722	6.192412245288403	5.636258955952093	4.385838857297725	2.8025592352577724	6.2547168400367426	6.6573467603165986	3.1420768035891076	6.644235769263198	6.406624262266208	2.805510678767335	0	5.843779784659952	5.508899978259875	0	4.081343474568264	0.9999957535275847	0.9999991149724633	6.049865174748407	6.3589552117403185	6.210679904520603	3.6934834569233956	4.489995102444243	11.579570835938478	7.421516920009212	2.9990578544153266	5.276305844296972	9.67176970486821	8.211978262114057	6.343837347168079	6.727601939687846	3.6974983805378137	5.822989775332529	3.4522761808487044	3.1656909210963047	10.3261980427164	7.5946270278683805	8.272518689594309	9.284521159149069	9.553987786094677	7.053055528269841	8.15263829484175	8.802238309731532	8.758996349423285	6.236322638740785	9.725630764920352	3.901309165809998	9.696968113281569	7.295907756435229	7.186026281091113	7.424313278516906	7.818689320048678	8.683874933929848	3.786705671977515	5.955862158504362	4.514565159436041	7.030011279815033	8.446276776736328	6.881423465408224	10.408064188706046	8.116567817638273	8.669231215597433	7.261449431394057	8.376153505438735	7.082803467737235	7.269800834806831	8.55819677295284	8.163015731274585	6.880803571548046	6.433404659711554	4.238922088240387	8.532113619394087	7.390367083793099	8.78346505170646	8.731532538210221	7.844194423775145	7.220149215733718	8.370637044394096	8.737397489949771	6.404924007745258	7.1406692962520735	9.288395871000127	5.941566094700401	9.327313427006226	10.279486485205583	8.935431876040585	7.571445089477856	7.388739884333808	6.809801311820905	6.588039876826726	5.484406050483408	7.01493034601082	2.77937460769751	5.190498494799979	5.414799919058627	10.568455750259513	10.473344837529583	4.982305325696903	10.811772915624154	3.818357414410592	7.3158798210992995	7.261497835868665	7.895696144302648	10.679573354127347	7.282272731597341	7.896818126952783	7.292097847163047	6.523880532545739	6.726666426873215	7.185352319272756	4.381919958470565	4.082605836970266	6.252279017914658	5.194633541303439	7.264645724141727	6.703070728749833	7.326066818520272	6.292279904022922	5.82181724857731	7.0356146079074655	7.004024050783836	6.993320845143827	7.876844247780237
G109543_RCCBMS-00114-T_v1_RNA_OnPrem	6.4638596494345615	4.1589068713314274	2.5598215808059748	3.134992859437525	1.5829778362540101	4.450789972740797	4.6361918427586515	6.448664565134085	3.6869046749274053	4.851405806787448	2.8008672396289995	1.581685983769874	3.5698012836376134	2.7934119285456456	1.9980818674357592	1.981630836156486	1.5835854022169096	2.796041028068805	3.429077562362758	2.7982319229524677	3.902197388188022	2.786973882138698	4.16190606280875	9.704696539143661	7.537667849337652	1.9869773988511006	2.996046706863082	3.570396077095908	2.996075329090933	7.437870072561549	7.624140915706829	6.608758869368516	6.598293500472233	5.9846376496587235	6.959366882964803	6.901888279015846	6.36189928970746	4.735965633759698	5.315089059380446	4.513213202287462	3.4531482263658537	5.239369075946051	6.8545999581221695	3.677654767056203	-0.0	5.314810746008791	10.531997542458843	7.855310217808381	7.021852940202192	4.226207899741978	4.931222473187081	3.7931417637286136	7.194231612608176	0	5.769990138282846	5.918179746880626	4.502951501117485	3.4486099118387474	2.7942116544172744	5.864207654480063	5.069263797569312	0	2.5821467602408714	5.271287412261515	5.796169860907148	5.515645657756938	3.9932558955250457	2.8008681755520635	6.233364359246446	5.914539736400557	2.5697229469518925	6.0942819619545805	5.40823342319939	2.804714672180346	0	5.630539475664126	5.34525917968153	-0.0	3.5744628099245523	0.998404295690533	0.9999087670613718	5.63241635097022	5.918997646471753	5.866843864926035	2.996096616207882	4.214882372179948	11.57171819053389	7.579097390005689	2.80570768365243	5.121535244101552	9.736514323523066	8.206793098250149	6.360363231322269	6.292265562268519	3.583888278810737	5.988659432924268	3.9938772901238906	3.6920498683818344	10.595799776392177	7.600094753589311	8.280991178692977	9.469133541622261	9.67895764738826	7.299468043992098	8.270250466045342	8.771300171865356	8.793701649682685	5.718689241579682	9.76850266463599	3.8025875744115716	9.902455023099217	7.329223666961747	7.376762589100445	7.682309676619559	7.979710245928235	8.812128907337247	3.88677467712655	6.228109915960478	5.0344654562128435	7.126388827128686	8.521125150733937	7.575452204205034	10.539438875502515	8.059547838382473	8.746748903753812	7.3067768209234805	8.420682087983169	7.167171969692936	7.166178713828342	8.580025823073408	8.314263674085263	6.916066854540353	6.620189290012172	4.080172156406288	8.735210990049888	7.463241701238401	8.85232228644951	8.930051257519315	8.100535384365674	7.513901974349748	8.461104605430297	8.706864471195878	6.501240266502249	7.168590533590704	9.562074513329804	6.075220997848733	9.227447198446127	10.24854252974443	9.109172574961637	7.769412112366661	7.44671596206687	6.920386532379311	7.068492548167687	5.122232342226174	6.980344856017134	2.3053574120916647	4.846098995243928	5.601654849593188	10.556980742325344	10.460132097495517	5.336160185501291	10.774559398813842	4.31555387787461	7.443237974732887	7.443750795138563	7.948584872421651	10.91413554608245	7.4940007760182406	8.233606189918117	7.532734408163543	6.814406138568643	7.027750362046189	7.376018019349852	4.631832211360775	4.163475720825899	6.491753486597904	5.445339553502409	7.7196705069138165	7.156623004381412	7.5467914555021025	6.493036040850656	5.823026854273056	7.001563092388731	6.969239130369454	6.958109619789393	8.002248435594229
G109543_RCCBMS-00145-T_v1_RNA_OnPrem	6.477591913666306	4.154492665357037	2.983357036383828	2.975267835609372	0.9946155560339562	4.31134461799345	4.515996650282143	5.941874301970175	3.7785108926592237	4.849971822975372	2.8038878189344434	0	3.5669823042995756	2.5718230982614885	1.998059524379684	0.9933164497290375	1.9943515979540554	2.799705371705816	3.4330956588364745	2.575891231893541	4.456013656785252	1.55990872034375	3.9935844872078152	9.714948377417683	7.488248782897593	1.9888706858994962	-0.0	4.073829906898042	2.995059612481091	7.3281640156876895	7.596433468873265	6.6948696872590245	6.476252254441536	6.156622236687982	6.802784460851809	6.894165013864211	6.413887251582341	4.736844384700753	5.128161899680061	4.690420183196864	3.162896961419637	5.08304436703102	6.867173482764069	3.784570281432392	1.5848450332513657	5.475066913106032	10.557059139755717	7.798305155806974	6.88370923570938	4.151946334582973	4.978630638415144	4.072617316218083	7.204812259759079	0	5.744091920507115	5.896231996000218	4.302455076596592	3.6914389012508932	2.9924524626500606	5.790357143676923	5.113130624605172	0	1.998476362346842	5.272462790615598	5.7968478461896265	5.633749146961284	4.31660568471752	3.1610575850330185	6.156838867544565	5.891158817369621	2.791505633250275	6.135947827354855	5.474221245585614	2.320262145751592	0	5.571326846941691	5.160397570490736	-0.0	3.6933822771051794	1.583418240954719	1.584440932770951	5.866483985967589	6.051914505042655	5.713937596664617	2.5822923809041374	4.210618824696711	11.566027532369672	7.593108215096956	2.80600596546573	5.162066963874121	9.792799233547662	8.262889525491184	6.42798589405897	6.2751328982738634	3.4581076311650016	5.6903809119573925	3.7997314060157463	3.695774244355852	10.339232426705482	7.550491150309809	8.162503882877145	9.44490342682429	9.561002819224603	7.175947393412851	8.218471838143438	8.631483968107633	8.828641805603981	5.718541421781611	9.793079327587327	3.4564321124053774	9.738309474419633	7.023375663614101	7.326029936134825	7.329517507809751	7.960956552559898	8.724254579658298	3.7859274960856704	5.909518803851515	4.939777732444127	7.233530355262985	8.308979434856932	7.1465917941963655	10.382119095107537	7.934866878561184	8.631638491492595	7.222845656452469	8.357089944823402	6.951508008516369	7.043047750087958	8.560914744273225	8.18795745547869	6.906122690986782	6.745579599611298	4.162232864282037	8.68305337674387	7.616277075438489	8.796467850011393	8.757730182668196	7.939962583668211	7.322830162767062	8.53300950844055	8.680379149629996	6.406239718926491	7.256584616722954	9.313138466598165	6.09256172287232	9.158132027599127	10.283626432472019	8.984170720912557	7.687370691689929	7.4464696287488	6.9316190806597024	6.3504879215782015	5.200925993741351	6.985831344450878	2.5653090014286906	4.892748872292114	5.414006644013238	10.566252447162345	10.447582234873343	4.788657488104686	10.767672129827828	4.315889678843929	7.474671634409245	7.29868294359977	7.9377899937469305	10.666821287969915	7.3532444028062445	7.9833781870203655	7.319232274377242	6.65716680237744	6.880226012406173	7.155123009841847	4.742549495980097	3.6973742471553805	6.390315145421563	5.195478722290782	7.309450163892801	6.988678326393937	7.165672203448569	6.292022330342897	5.798932602037289	6.996139126670987	6.974576904150436	6.963590432062679	7.931848942637012
G109543_RCCBMS-00147-T_v1_RNA_OnPrem	6.357475357973754	4.50962550338255	2.3089643954044092	3.5551622820183684	1.583077926636422	3.9902686011400323	4.162533625757065	5.944435819522245	3.566344693129728	4.08150695748047	1.5843962834950283	0	3.4481023216586952	2.569631060987729	1.997430833509708	1.98371565886407	1.9987572720314815	2.5751091239295065	3.143006163803982	1.9991092741570928	3.9963387956290726	2.560384827593021	3.993814859659069	9.729959363507774	7.590348268278513	1.5754857760008392	-0.0	4.365164227642777	3.167618236243254	7.299259221506706	7.323898874491891	6.709893168398559	6.324864211130997	5.741427622999961	6.9084008589048445	6.908877591844823	6.7258693759445745	4.309044330911881	4.963283136491481	4.634678840865899	3.164742745996569	4.869227559564468	6.9139022140256845	3.5665787151147135	0	4.870084519724064	10.531499996455084	7.814829227620635	6.894209575249509	4.0722324985075105	4.683295384615331	4.4375848233027915	7.279844210368188	-0.0	5.8486703977928585	5.795954530016444	4.510527442260918	3.4507399916526325	2.9918655855862952	5.892644070499503	5.114424992835169	0	1.5807080887395817	5.505239766316867	5.491209557150298	5.481405447242229	4.241616972664144	3.4539695907169743	6.074538453036827	6.027669949503706	3.4371031563491083	6.542568054612443	5.479156401175053	1.9978827890999242	0	5.540487391851732	4.817690268526815	0	3.9008128685072423	0	-0.0	5.519017525703267	6.249334989052843	5.816108453978608	2.3187362749674145	4.6726653080440945	11.508445787178701	7.587930580443579	2.5834338120177147	5.240026141911642	9.867276907928574	8.330737405440233	6.586140161515396	6.056634589014614	3.9988874145368296	6.1790993890681145	4.2421607165783906	4.082009053375926	10.4033094896268	7.329647545063687	8.67287989468631	9.219781270349301	9.592186654329305	7.197055105441982	8.254683782505712	8.441951228791911	8.961197211668388	5.771427969930541	9.742783061617615	4.238782393189408	9.936849463908084	6.943826747571707	7.4049515497604474	7.598972191358637	8.084983420212678	9.041308308073637	3.682922161122402	6.049297575192831	5.56616291708954	7.3318318969245615	8.27570375522035	6.928177163379796	10.319497269796715	7.793022320969205	8.471296298530143	7.269610817993866	8.345349247527533	7.372537942831584	6.8612771604089575	8.444343419049014	8.023906163855312	6.882661936056667	6.528828565040993	4.162307659133699	8.47426105971224	7.267622569284175	8.78242615514784	8.782768310215591	7.742595607200757	7.174585125131798	8.422529629683996	8.667089548007615	6.2020371957437375	7.364383684651567	9.2975501017308	6.135007798208012	10.704885249083382	10.138048941251194	9.113798095837184	7.837304180012529	7.292362881550421	7.129842997483887	6.402686060675823	5.418243347879015	6.718724012820333	3.6843153120169125	4.747139124607135	5.90444862563713	10.67633964865695	10.4209695416882	5.191177141301314	10.839639789348828	4.32869542695936	7.626415515063959	7.377564031842951	7.697162339995804	10.713568764719694	7.3537572449436786	8.053612231778912	7.3620742407766055	6.510263281558558	6.672625637504971	6.893281523491857	4.573797118714868	3.9966515931743025	6.030643871961863	5.15736277541581	7.208719586075506	6.810664534035085	7.08500157317738	6.118414555726788	5.61958540208913	6.717799100849539	6.678515296460095	6.6649770993047825	7.66089437504991
G109543_RCCBMS-00150-T_v1_RNA_OnPrem	6.480714726979172	3.575437476803711	4.476205708881856	2.296276596685962	3.1208472027599505	4.21249231485853	3.898088018794781	5.964576529250893	4.079984414362966	5.524289681344313	0.9990208598609219	0	3.573851086493297	3.302966731864238	2.296175066618992	2.298517308334132	0	2.579503100304203	3.7598013178249685	2.317089485408957	3.6932911487699256	0.991044853273749	4.164228812271785	9.343792941937625	7.342925928281587	2.3122719367212525	0.9999563586097644	4.2732834368891055	2.31684864872505	7.093600661497745	8.605442522251154	6.797518677261944	7.165235758913372	6.908947974660939	7.639102044284795	6.789575254631803	5.920116137339508	4.447434886984622	4.877544344346852	4.850641565727602	2.9949190750789167	4.670356426005681	6.447731101668172	2.7858390679170966	0	4.877445877093546	10.257518769961024	8.12270472411688	6.716186798763806	4.834909251846864	4.889583871959225	3.6812933612899967	6.927697161859215	0	5.277991988970707	5.383493835311667	3.7946698640153373	3.2993197236186482	2.78450544819858	5.572528302852104	4.8436092533992	2.2882041242991766	2.5631449151920673	5.550909064162996	5.755487507038733	5.395797578474298	4.764757608905113	1.999822443889428	6.072518647668595	5.415500234990587	2.981559686492837	5.871888415919693	5.073718839556632	1.5586853328144186	-0.0	5.179478077144379	5.010704620057806	0	2.996075246741921	0.9996271700037477	0	5.430831151503851	5.755887377024768	5.176907882206393	1.58316366374379	4.672617365049717	11.536648271204507	7.139021926116946	0.9999984692880779	4.75021946822569	9.268108869300741	7.935620048068953	5.920075035908982	6.521937191348381	3.6681511687991395	5.20226713606823	2.9947479896921907	1.5831077121339416	10.228355775536658	7.440179872542228	9.460797472839777	10.346521838059605	9.995636996691426	7.311587295713868	9.03983968118588	8.419860559879975	8.462229912378042	6.2624883530021345	9.32636192235138	3.3173396717162555	10.178733236435002	6.786154097034089	7.0152172576613365	7.393111457590354	8.846580682064879	8.557565634316793	4.766049155816355	5.591658071699447	3.99392930049094	6.780464333712972	8.264111383199833	7.240983852594172	10.75629143320815	8.646875885207898	10.020089267900735	7.030156910125912	8.472291223917718	7.643122218511535	8.0387035480972	8.951228330972995	8.055978230482465	7.242862880395373	6.3815434724995495	5.146841217867725	8.901199029147643	8.506667985975861	9.258089486845579	8.848256463097016	8.029360863852965	7.63799548171472	8.738556251959157	9.103819004232069	7.72652381366347	7.1192202598548215	9.173312156151137	6.478145375396644	8.553427244689008	10.291978300725916	8.841328163184551	7.707878920977456	7.525849674281963	7.554357629333675	6.037668984511074	5.6477559651433715	7.814840362366657	2.7752531384052754	5.2225154821534705	5.383684324282656	10.289724646777309	10.136716736210436	5.230487401129039	10.469467933185454	5.429316410511664	7.134035255136727	7.265267582264582	8.731538775608454	11.227173415667043	7.142036079482359	8.042209925090145	7.389900233105276	6.335320721231286	7.064399440690406	7.551003367568795	4.310783042228776	4.443509023072623	6.733626896675513	5.759683340916282	7.364828954585239	6.576449002882105	7.739831891861316	6.512934670013437	6.218347408385295	7.832779941414221	7.67798803111733	7.6715041794644305	8.591647959389913
G109543_RCCBMS-00196-T_v1_RNA_OnPrem	6.511037660095587	4.509367480490441	2.790086104173177	3.424551066284007	0.9999208529162742	4.162428427863298	4.450593675156813	5.896320174112699	3.1528735939136125	4.516988926053588	1.5793821466936413	0	3.305111644124799	3.1547399127890103	1.57931335183719	1.5774579345268096	-0.0	3.3088343963949294	3.2969883595986302	3.1623395038150783	4.082383625936576	1.5613248142709453	4.163141766053475	9.861342678154417	7.569456867388125	2.3061110321866165	-0.0	3.689873519094378	2.994295579324976	7.509736097333115	7.623353432089237	6.502558699130783	6.568056895762908	6.11521446121584	6.912293903494909	6.881654164926374	6.476509047759994	4.738487050361647	5.241537291850937	4.689025761349429	3.6933867434959073	5.1987645487090415	6.9724842879235505	3.784234326709139	1.9884536771753445	5.379725674732649	10.572265866074304	7.961903388442144	7.115877530458564	4.229622194663911	5.142918186263509	4.228555735772708	7.268733935859111	0	5.870575139970633	6.009477216979112	4.979410948673882	3.988446029567976	3.1596692390489327	5.862662513890638	5.153646170878163	0	2.5827898244949568	5.378016612071776	5.96171922181835	5.743201428829097	4.242572061418205	2.8046173667982015	6.464023946887305	5.984702666588818	3.300073765469347	6.153028113250169	5.536113859628999	2.8052148899025386	0	5.572475758150774	5.199917917382634	0	3.5760914751115993	1.5849175978278636	-0.0	5.738814704321897	5.984154856268907	5.980476260314517	2.9968412303152077	4.613280940425933	11.576793703463201	7.586467428097004	2.997415746796924	5.312652283178509	9.707753231944215	8.273019498823192	6.412399452907248	6.364755830302934	3.5832098878272602	6.14014589526815	3.581354953892348	3.1649770061838716	10.34438930297732	7.666724902703	8.245514420493567	9.281619613648282	9.599628740367583	7.244221172494461	7.949205100181948	8.718680417216929	8.806712496796166	6.21867577543861	9.787431049578544	4.082856797186421	9.76406732335546	7.319528266201766	7.508259519944924	7.462243051844767	8.060698378433218	8.893345928543521	3.785170352761103	5.978502611477276	4.944019783762105	7.1042818261542084	8.536147142556	7.115459394120543	10.418502489114433	7.989037289170854	8.703260112097555	7.193940039675429	8.463675964429015	7.144720811913227	7.104018054776112	8.629086584976127	8.342847313778538	6.792855752695954	6.648929835500873	4.447909648270505	8.762360739645908	7.533710220726629	8.888315046690856	8.840246714859086	8.024749925395781	7.441887004445613	8.517296490968063	8.779152308469406	6.468122021353228	7.178970764430298	9.383864191833009	6.0321772650431145	9.02459372542078	10.29650005908921	9.110978887766503	7.652124826486374	7.455145846293192	6.884150446282796	6.418888091141943	5.384053901445091	7.068082828517656	2.3017133509416587	4.746837996759577	5.307955101884849	10.58871712873234	10.456371959969532	5.0676050770551475	10.791460865970041	3.915573148642597	7.468183513895928	7.270705933955158	7.993031807050633	10.737939220758365	7.503192626934327	8.101201317953368	7.48786084266946	6.764836236722071	6.950352006327997	7.269876657291568	4.632926767825493	4.450653250994561	6.3592434190865275	5.159998244647677	7.455539376900262	6.942863182299358	7.4769480055496915	6.4635734320172356	5.772282996464226	7.077286317487908	7.046817622541803	7.0363204430039445	7.979941931410106
G138701_RCCBMS-00008-T_v1_RNA_OnPrem	6.461871418449991	4.158707654651057	2.787171690479498	3.2888543179190894	0.9995689969819088	3.688808134963333	4.513790437249273	5.8706148769216195	3.3032450799044835	4.947099281458376	1.5793516296938555	0	3.152203627545897	2.9869615194851757	1.9970707329385329	1.5734470697830423	2.3189734229153225	2.5738823471364745	3.5584864991832976	2.7963233774241907	4.244211652431699	2.2943146300456374	4.382984559882006	9.78886814005927	7.6735576567090895	2.30643546196408	-0.0	3.6877394566372255	3.164378841116159	7.517770610768552	7.69341904122198	6.665707865442988	6.723310351857971	6.173935924034303	7.067201921960913	6.817851280559692	6.49368155404299	4.7368465598371525	5.316369181331512	4.689428926094511	3.31500324504307	5.275707731450473	6.937956894337408	3.5608015240724877	0.9999377340815687	5.412775515722228	10.63716545562583	7.950251875237216	7.167720504289156	4.302103558583956	5.02137029026616	3.788807185594478	7.213694965410012	0	5.871699257816349	5.868704385354892	4.680398604964475	3.7949756830884995	2.9873402632123622	5.864503598898294	5.153930198744105	-0.0	2.32015313991272	5.232397919933524	5.916476673480704	5.662684771099047	4.2431892169783305	2.9930195243094566	6.253189461941268	6.006950466617284	3.147285377579591	6.21404120592899	5.5968871318243725	2.3208542811618353	0	5.657738374748056	5.309986956827496	-0.0	3.577710631404497	-0.0	0.9999837197790129	5.816512255119937	5.9858263861199115	5.889574169838996	2.584094202714227	4.353148213004173	11.600149902603052	7.600327298780452	3.1681888241353664	5.31372016452337	9.774244735693827	8.339339020812597	6.376406314169366	6.495382832504919	3.9981249243796246	5.7701365318231055	3.9944251029684383	2.9965655624134433	10.394539892513212	7.587782845016755	8.424797475563173	9.410712804805035	9.66030060293066	7.145693997123705	8.091302729015531	8.762112297709859	8.873696736197875	5.717879021153021	9.837342698866918	3.994023529757042	9.821612914404813	7.255820577278539	7.324785287128985	7.4803091884423125	8.049126066788284	8.823371251668675	3.776361544087029	6.165985125786172	4.79851683439118	7.184669489403887	8.381820412495102	7.261846903516441	10.475824321833183	8.088243896487391	8.756627253646764	7.193091720081934	8.40336557129418	7.173273329442139	7.286865109368084	8.69475660619104	8.312530518454942	6.937869041888258	6.797271726254783	4.448822716388293	8.691189817717623	7.533530876746793	8.93825245226465	8.886388445621039	8.062424250906508	7.400183033205085	8.48538348470667	8.839392990533748	6.499499540917624	7.218957289901351	9.413618333559919	6.031206419529672	9.21190584257743	10.287978610146633	9.063547179404894	7.622478691084847	7.572258638958506	6.9558649745820995	6.577069156466208	5.546733878937827	7.120376968373689	2.5606962671141758	5.199745235485184	5.479688300570077	10.628617912078003	10.528857715388225	5.227992545855592	10.849117505218578	4.005364206020831	7.459956394852673	7.306463704318557	8.089409904657895	10.74830627888969	7.437367943327345	8.07478302629189	7.413468428302692	6.802900885077153	7.049512561473152	7.358575050583762	4.743717173555163	4.163265669895921	6.425941210734805	5.1585014673654515	7.5575122413644396	7.021947732789937	7.453009584246946	6.556727935307427	5.845744493978968	7.139264451367615	7.109948013939986	7.09983015960324	8.08850709448165
G138701_RCCBMS-00011-T_v1_RNA_OnPrem	6.073389232067864	3.4446920362410465	2.2984099167804564	2.966907669707313	0.9989085075504353	3.9003873702386134	4.140548692865218	6.21730304567541	3.5716138882406745	4.836370939209366	0.999949125743792	0	4.4341351492114836	1.578556946837371	1.580882252062687	1.9893921377151926	0.9806551939183107	1.9961552218569687	3.293318199016431	2.5815680791110127	3.677072332169441	-0.0	5.1641221603275484	9.329373813118835	7.195811600670719	1.9917872453733005	-0.0	3.447086023856499	2.8056917971819657	7.113498577181879	7.434367011388251	6.318906172387993	6.155838260873522	5.5135191372917625	6.4776909193593015	6.547170359595368	5.990123292767944	4.337163289350107	4.920423378049519	4.078489637708161	2.9924634018467806	4.550905581558269	6.480069998192868	2.9798108348341183	1.5844708644813217	4.967016094034069	10.33070493876698	7.910168226877776	7.223790713167016	3.6845216345562632	4.978972776853237	3.6881657399357115	6.9997116359322735	0	5.162359208386287	5.159559902913828	3.8938794644048818	3.8996667857580123	2.9918421490004103	5.509000413022001	4.845403172435424	0	1.9921548903956983	5.3419427939256225	5.617329698683596	5.413491193288407	3.578592493236154	2.8012612933384045	5.896139548334876	5.416563670074691	3.139944692915442	5.798406934718556	4.940717605174324	2.47264625506355	0	5.010351793184925	5.1346862698920415	2.24027809197407	3.1647928993078542	0	0.9999805204235273	5.612465696970223	6.013792731307424	5.694107635881018	0.9989987135669587	5.245507348464836	11.546271100850332	7.147672517438733	3.427546359079323	4.996282596475263	9.21633404506748	7.899502966233874	6.075027928206583	5.717024826521828	3.3154687079582428	5.239857807446754	3.5761660214427535	2.803307769814591	9.838825521495306	7.1069407447259625	7.749831663273258	9.140791681479929	9.094567228591542	6.694838732240981	8.750405763995888	8.244210626710315	8.361945233697687	5.962872445279331	9.347899353020631	4.403078085302969	9.304854831965407	7.06251107994555	6.881782297924748	7.3351702355937665	7.472292304068742	8.27428824395689	3.436943946671696	5.504948443900068	4.745305642190563	6.744760966364076	8.139675886911085	6.4063612384091595	9.93816510374636	7.673981714344602	8.529930726960245	6.868346335495212	8.007446828512867	6.6897291903000715	6.682547227343068	8.504534843670106	7.999961383035276	6.429692851486282	6.977205593075378	4.465520029737039	8.531720850407423	7.089172839121864	8.669854840730306	8.327317421708331	7.280458141745914	7.024375461970278	7.928648242676871	8.334707282432332	6.29261197480316	6.670696508383104	8.963978191145877	5.078940406822828	10.171391117008943	9.734050447407686	8.67616483132981	7.188035011935707	7.175252068031584	6.275898121890784	5.693273597433147	4.945936324881888	7.076771401684733	1.9904521867235951	4.078555665969683	4.944237719875576	10.217228530934008	10.181764078748824	4.6897626438834585	10.43322695478001	2.921778876345006	7.032908693775591	6.846072011418702	7.59067187866543	10.364101312882136	6.9269159457957254	7.629474098081046	6.882323180625044	6.408790002706618	6.345159284784452	6.714306152926601	4.080929848097075	4.083010003305555	5.936788236135838	4.848464898613699	6.744967009537203	6.27341791939854	6.86804912174929	6.023694242200733	5.7259354499779	7.356493673902467	7.0559675874068795	7.066643999384464	7.91422969160668
G138701_RCCBMS-00020-T_v1_RNA_OnPrem	6.343834583965638	4.0747938512129585	2.98244478338745	3.6757928257319183	0.9981139274237385	4.159977273229654	4.381013465155307	6.11776163675602	2.981823680606892	5.032655427510399	1.5788629096816753	0	3.57149954956351	3.3060798020546227	1.9974030786216475	1.5797561563718665	1.5825782385910871	3.1515847562870243	3.4342039806142166	2.5760846184484203	4.578039007484515	2.5620121371801514	4.5705779982052555	9.693045034519441	7.446385830322642	1.9790972518289578	-0.0	3.313334533871064	3.1664829823467744	7.447339445846773	7.587979031441858	6.533540178200416	6.490450865855075	6.051182269275493	6.923030374378052	6.882092827512231	6.361916524723044	4.937865799913375	5.169761583497162	4.7993239377269035	3.311450608683568	5.163806716151496	6.950529514299166	3.788429865223421	-0.0	5.20512300390687	10.551219066044746	7.9274244227978645	6.988434943848091	4.681421986337072	5.024027195245241	4.069161680381649	7.204982457549618	0	6.1389935000380085	5.96373149125183	4.504021035025443	3.8935984933710572	2.798012497650455	5.912173278287989	5.230260906950056	0	2.3209873262824767	5.238092483304424	5.79479017934412	5.515475421415777	4.082750614475788	3.576920950953573	6.178631798523729	6.074870287240718	3.5634546066152657	6.195923012172898	5.65534512405525	0.9980047949301227	0	5.51456651522879	5.346863826340143	-0.0	3.690898606562389	-0.0	-0.0	5.634395041158623	5.872650098725613	5.865304908670001	2.582228412745742	4.364088247430227	11.592912842373783	7.510151095296811	2.8057926292011772	5.2004990351534115	9.709494366954367	8.177505122042017	6.361254520238392	6.714006167788769	3.803108641293937	5.74473041817893	3.8001530377398147	2.8002071720752872	10.319217017156095	7.463431489417266	8.291375539146621	9.30781659201971	9.59309053178083	7.107667909517054	8.275723508969104	8.681816102886879	8.749370195385557	5.718135128901584	9.76553623049711	3.901979808468073	9.73680234244608	7.138113215694168	7.2615821566949625	7.4231720850674074	7.961980940343738	8.724971358122305	3.7853981673242085	5.979607664799711	4.311705364752793	7.083656645161885	8.271573753080892	7.008032054278933	10.30563404992221	7.909442381331966	8.64084201297217	7.164814280921208	8.281062553416389	7.0288374957339546	7.261615834439218	8.611415529374069	8.21664679586641	6.866954246819621	6.649519131609969	4.162871507405175	8.566187626581895	7.464454040550654	8.743024133476434	8.744135345742801	7.91104249625062	7.2680138632113565	8.425313506746148	8.730284091013246	6.498405229125713	7.192001113423367	9.424007075064035	5.987984034318609	9.09028804463106	10.168883099647731	9.099363612900353	7.753838607850783	7.422255014938081	6.797313182330234	6.277747043969302	5.417434564139667	6.96254052220059	2.3005563283561017	4.947747283738627	5.446172223254553	10.555303477282022	10.431823752636312	5.069314636120537	10.746868708009275	4.087568847079602	7.427571970713034	7.34257999552209	7.96535863861904	10.675317902787608	7.317553641710587	7.965962241060235	7.336528596180656	6.627581690768006	6.867417950904658	7.23281128608369	4.571936259246258	3.994944965645294	6.28632982289478	5.198499376853847	7.387802509386931	6.859232076022288	7.185506448102689	6.380157656001493	5.746886594222056	6.99498830762243	6.951162232922169	6.951162232922169	7.918220610972638
G138701_RCCBMS-00025-T_v1_RNA_OnPrem	6.412906528869074	3.7932251129480794	2.7869794444483187	3.136093807902663	0.9978529118851507	4.797859947268301	4.44852520794461	6.010451749948449	3.149308604601706	4.694470918060107	1.9981679800819738	0	3.5711082954574023	2.795420223223467	1.9948007182608152	-0.0	1.5834245303751342	3.1553983776942487	3.2947306436039514	2.5746716607072564	4.165020169553853	1.976030072311589	4.240461309162329	9.793803974833978	7.493340190755268	2.564877672429324	-0.0	3.98501054047039	3.3166293760199785	7.471647285004485	7.54385374826919	6.65017238158423	6.626086859658554	6.1324694649950695	6.945449754683221	6.879990337027482	6.445676681787881	4.88848720061587	5.206489740925175	4.796040362025841	3.5761314940389823	5.238136670922982	7.049075388334234	3.6782502902390473	-0.0	5.346271168367782	10.601686398044407	7.950497791059064	7.187787781387461	4.372559682237036	5.18187828354343	4.152417104933776	7.323932114870554	0	5.967425160713	5.91870193642033	4.88650943248222	3.9895177250943856	3.1593155014788725	5.913028552192601	5.231588169554909	0	1.5842303695873357	5.34406324579401	5.868310281512206	5.823090905262382	4.451508299945775	2.994064646066529	6.253574156195072	5.960732586274012	2.981937915790144	6.252872629873068	5.62600983308497	2.3196376628603104	0	5.65776999676224	5.200515784735004	0	3.8004214802038563	0	0.9977945407503857	5.766527617752839	6.0304956658040805	5.978987975667881	2.9957586962308707	4.969672139766278	11.577553188975312	7.586188828200415	2.9985087792200416	5.743335072102683	9.761646363859944	8.378055696372945	6.426853298329713	6.380850910686577	3.904222877870642	6.0348613824187884	4.241485159134633	3.4523338589363215	10.391478393559865	7.557682914426422	8.258044517791978	9.261306819114505	9.605000070286978	7.166119679224888	7.757855667826098	8.861194149384566	8.87947574981829	5.942214204924942	9.898292315319487	3.4537162006358733	9.879932859741952	7.292420930037302	7.477743840133705	7.625770706653809	7.960944017294854	8.822208858349741	3.679253681159025	6.065637909928713	4.512655000872857	7.233789120825843	8.330098985937655	7.115957670103261	10.45673749752448	8.041805673860734	8.69548621742919	7.2590454807493545	8.42843058510596	7.103352186554567	7.193353546594469	8.570508807741064	8.352997263109302	7.061394136435055	6.990519853220597	4.5143216751748865	8.631916632053205	7.471613641757899	8.838811323963546	8.86839088015356	8.052328837883328	7.356794420391104	8.540818510764451	8.798175862960214	6.403529040581381	7.219118637431644	9.438912993673748	5.987479375846963	8.988901246750244	10.291391098962945	9.121369456959481	7.6507042220359045	7.503323457573997	6.8227744846135865	6.591304936198225	5.348914660926053	6.956333942967846	2.55583313793333	4.510274300069588	5.414876488297899	10.611243621911068	10.489905061074905	5.023994845612155	10.81581333258734	4.085340217800404	7.3839873375774285	7.325013389669456	8.003977411386078	10.769979739673921	7.414013171976659	8.064360782511619	7.455895930425054	6.739223396397435	6.972415010992558	7.279303066203682	4.743109037028016	3.795918020595347	6.341866451908848	5.117979401526184	7.487847876324158	6.999698397520563	7.509396691174633	6.526942969779774	5.7461668243702535	6.932905406549249	6.910337320687735	6.898684646721786	7.9906730847364225
G138701_RCCBMS-00028-T_v1_RNA_OnPrem	6.138296952907952	4.1608535063553616	2.5702954484722516	2.9693592382788148	0.9992878718779962	4.079049781710405	4.1653155052989685	5.510982567350351	2.9660959105328226	4.74144417450206	0.9970129605099693	0	4.919019933356333	3.1579735738656995	2.57985445943198	0.9965700285606485	0.999464034456313	1.5825999318217998	3.4385885444388022	2.314436703520598	3.5820549686392846	0.975047092522295	3.801730507556922	9.775509035829993	7.689028318080978	3.2816788117045177	0.9987148603477151	3.5700119904739114	4.072926233677105	7.473177808049891	7.564705372151149	6.5204104595857535	7.476950687584619	6.821680211637668	7.600424701043614	6.824477789855971	6.309323162236002	4.671584325902784	5.876162313887777	4.633021462582056	3.452145292723451	5.718585200525586	7.118805339343242	3.4370747156303083	1.5835673827748284	6.690231935219128	10.471270437939607	8.265013789355272	6.809563799310797	4.624105345975666	5.450559061406002	4.621975637676448	7.37549509722391	0	5.742437958317691	6.409466755828946	4.871735265867695	4.969273654824281	3.2963479383122327	6.310907716446537	5.026452862383036	0	1.9949353422001708	5.229407372025738	6.44490396355026	5.314204018969528	4.083214336635183	3.581200399461287	6.075400068845289	5.940642568322202	2.9880886754046196	6.06780185603622	5.966939955088279	2.5743618132958637	-0.0	6.284399271647806	6.047304798821997	-0.0	3.454014824506979	1.944487167208215	-0.0	6.605051637384864	6.8120157304889855	6.436979208844518	2.317423473434569	4.833678286899047	11.588886002425758	7.328950603526564	2.583337871756306	5.4830736843951104	9.5371441940048	8.154843122943962	6.2344369453219235	6.837113921573602	3.584050209258343	5.4184337390770265	3.3173302389058072	2.5782632945185116	10.282350344336933	7.588584105219333	8.362352210342728	9.254749858740805	9.43686415533171	6.931285275070441	8.732840402888268	8.740551094453787	8.72930152588473	5.6918530064923685	9.50798843578576	3.5800076342952623	9.606412595403189	7.314335448689726	7.166925905340215	7.284101757684529	8.028765335435446	8.65357470808246	3.568895297493354	5.935040150377908	5.352336854476603	7.0522903793259735	8.367229339979492	6.730642936085087	10.586941447791261	8.075905401330866	8.759490317650927	7.1247053273690915	8.694971790891339	7.106171737347461	7.367622015619311	8.419127258208546	8.193574722329787	6.615862513923964	6.46792785814065	3.899892356218972	8.33456842493331	7.320087536221255	8.72212767296363	8.565747022652152	7.922477106720077	7.280271787235028	8.27932096710228	8.66373419357911	6.3731480649434005	6.993150668298302	9.214630703094004	5.895797690140998	9.243428772673955	10.266285993567752	8.982641654669697	7.527546002192119	7.431180488977388	7.063284746558718	6.613315853842704	5.744866750931814	6.902809149279121	4.065485138669709	5.193612329198917	5.075982635908267	10.429135082965166	10.36996246536123	4.628288774070374	10.638386999607404	3.917025321442206	7.233379196278294	7.128424177832342	7.990936350684262	10.718017627142485	7.31973454641769	7.861356464000124	7.357165821074268	6.571088492042727	6.687473845486544	6.997759856938917	4.446653154238055	5.122232811726302	6.235208555108094	4.943431023258013	7.228453928880055	6.744805023624406	7.290233740945632	6.198857332970331	5.872308438186548	6.9247330609324695	6.913960782621492	6.878952391505703	8.072456753580344
G138701_RCCBMS-00035-T_v1_RNA_OnPrem	6.215813302891905	4.156078230893544	2.797913260254669	2.283631603455023	0.998320676403488	3.79730052707509	4.240026004510977	5.796541405692438	2.9834123226058082	4.517595361690133	1.9972006386235137	0	2.5689452390171024	2.796003412983531	1.9967423134945812	0.9817839134211097	0.9992825747488632	2.793060677340865	3.2944244289596236	2.9802756278873144	4.161780947742132	1.5514906270148243	4.6913751269739095	9.611760246852372	7.646878304631612	1.98963770682533	-0.0	3.1250577083302904	3.5068351517880654	7.438662754791816	7.537901794988337	6.534576368121384	6.358874694904815	5.792776918467816	6.737224955653722	6.757483276184533	6.291287764227874	4.567448888371056	5.447710090005028	4.691294520315172	3.162727550479283	5.34531815172357	6.779028792134965	3.7845467474455288	0.999922427422709	6.0391793639699936	10.520640738097374	7.951949297869334	6.9558312909964775	4.374430181743958	4.978036654307223	3.7853549309687415	7.223469024379244	0	5.847085117816104	5.632425515351804	4.302683135694822	3.4503859992051695	2.7983969259339263	6.170010820875266	5.1125664549439005	0	1.5841164805716783	4.894999975320235	5.916101471896985	5.7725797562054195	4.316063338735644	2.7999209993618863	6.094654446268274	5.842900335144803	2.7903656647030406	6.094017889271394	5.505522135621017	2.3209302469075377	0	6.303731759220871	5.564618547829862	0	3.5781787816750823	0.9895677142803497	0.9999658355567105	6.282943279659633	6.341282575780522	6.025840299577632	2.5823823812951816	4.2116918468589315	11.577524039490322	7.476646003909171	2.583505434586885	5.682387454465225	9.776285331631955	8.13980298643599	6.361292849692541	6.13802532413473	4.36203183795441	5.868297074034443	3.787209617495927	3.5768986014571893	10.253881313241486	7.37186886854168	8.157455646859471	9.360063446043165	9.551977038892872	7.01937822849804	8.19581005255073	8.653845408281327	8.732756902331772	6.154599482704357	9.635419546195166	3.5799890093607063	9.66916465570425	6.95556311062847	7.085076722164629	7.373279198027191	7.752897574754223	8.616528029813793	3.7870393727317935	6.065341388843655	4.315408223340474	6.985059922484575	8.210504099909329	6.893437885286763	10.257639311464446	7.9112875082491465	8.638954358791372	6.994598922534155	8.268234427341381	6.986917309898791	7.428086024876386	8.552784326817983	8.154605571471313	6.8689710145627245	6.5000295848958265	4.243391456500302	8.477894764740439	7.457429667436669	8.62670481217041	8.631690445495163	7.761093865358823	7.1826885665350275	8.339918167103407	8.75094626636638	6.35642122110624	7.003440144894356	9.216685852853765	5.743572228683011	9.362346815657446	10.097478351162536	8.909629849980185	7.608948431343341	7.32755925975753	6.824155272950107	6.100056065084084	5.122647031304556	7.0163682426003104	2.9764979762458452	4.945385595401547	5.274485041754523	10.590003654135883	10.419117425598193	4.93421076521087	10.733988313918884	3.8220519636830375	7.30774521362727	7.165307857691958	7.943926982024719	10.524393912701958	7.177474567450235	7.87224469520065	7.217624564008267	6.492438470815966	6.818648067190521	7.008391193251991	4.313293474871274	3.4554442979083837	6.135081246933107	4.989776012152238	7.18806278142875	6.717220490126812	7.072821560323176	6.344892412608898	5.797393368839849	7.015895879825607	7.005175668740332	7.005077203664778	7.878765305531631
G138701_RCCBMS-00036-T_v1_RNA_OnPrem	6.6162621367562595	4.072657663247884	2.979357212983052	2.7755292058122882	1.5830644534749005	4.0799294975679405	4.450446344807599	6.117725852991427	3.3051421449359832	4.575401921468292	1.9813836929688504	0	3.444354443541635	3.3107992065647007	1.5790559960331123	1.5614141610252792	1.5838241431272304	2.7870238130073908	3.437176312279595	2.314019302744426	4.083481155983332	1.5550048672465078	4.575800175213896	9.77952085345953	7.4552830007604305	2.310364910554456	-0.0	3.893560792902227	3.57922675190284	7.48587119520495	7.744912582358802	6.745354499678286	6.6122465324892135	6.007520938515079	6.888089113489885	6.994960957697714	6.539646803531235	4.887877676814267	5.128930404019554	4.845190225565826	3.7966476042383386	5.083585609558833	7.0163695431827735	3.6780205740488214	-0.0	5.238864950197637	10.616786558703536	7.921016732852471	7.043941674500377	4.503429096555709	5.101664630853624	4.0686573651371525	7.305774310809592	0	5.82214157399239	5.942212263722107	4.885901242653437	3.687088572962934	2.990595775575729	5.81746218351329	5.116135932461018	-0.0	1.5839129789460515	5.307740780187429	5.772348396778505	5.688655659266404	4.31740048561986	2.580613805350997	6.429187608287905	6.1332222498547315	2.9831877807479374	6.232927684646148	5.681990640740109	2.582446603591169	-0.0	5.541672086466923	5.12128122422877	-0.0	3.8012975439885466	-0.0	-0.0	5.659078491238315	5.918298053452412	5.791116292420791	2.8041092620063486	4.666291657238887	11.580510501306854	7.693328627821435	2.8062118510132152	5.48364250216979	9.762092564206103	8.356511941218143	6.507304232001236	6.1967843492746955	3.699635420786522	6.177308206931135	3.9919914470509186	3.451216379764271	10.468356547760077	7.608947220388252	8.160904870798907	9.718072586192092	9.726136438863954	7.281164080531932	7.699168370870754	8.869951392960344	8.886250095155528	5.847164368328945	9.875546534248551	4.409428080342109	9.78818752758735	7.054808889374036	7.393690487486404	7.512038951827809	7.950240178466502	8.846259201516217	3.9744177217047962	6.281338343345802	4.450201072366562	7.214119981811528	8.351587629212839	7.040579399216155	10.434090675145402	8.003991951587556	8.940092939963124	7.202660068425659	8.338417351243374	7.06058310171948	7.172005758302544	8.964052363466516	8.565428619655249	6.961107385801376	6.996014481075139	4.8178240057598645	8.840705591383584	7.766533843499443	9.093289849467213	8.893495117631254	8.018653644039864	7.424442093640822	8.557947472270298	8.759255926779925	6.648143959871165	7.176317743327315	9.44828211984045	6.253070713181811	9.408894504335352	10.247681107167272	9.081790909056874	7.692794100498089	7.502812438315771	6.796594191329782	6.60630312383411	5.313932496733988	7.318526919374221	2.559698620244631	4.687212118301847	5.412747458077151	10.602917596749108	10.47988236347048	5.47065982083149	10.807391802201142	4.000941807069747	7.44280130562293	7.3772433138091635	8.260312964317333	10.733376553201536	7.437175873586982	8.025912751776266	7.46260640197518	6.683030210955837	6.9259322840648245	7.193659026124572	4.513209888542233	4.082385359331182	6.269813614350853	5.11799706075832	7.430617371139633	6.998816252406223	7.377628622511753	6.3789044182132395	5.9211851881831326	7.444284834090728	7.292115742638864	7.274171060164975	8.144368601538353
G138701_RCCBMS-00044-T_v1_RNA_OnPrem	6.636823089842637	4.7369862506648435	2.9808160613616326	2.9618938711368723	0.9974978269517283	4.985216838334591	4.384818002545826	6.07696833201862	3.159469383681458	4.16440598517812	0.9989760366017171	0	4.424373070669089	2.3129407082316478	2.3165500127810965	1.9888090042713462	0.9973368098377611	2.315369779044251	3.5604526546529467	2.995145311612509	4.579977797398096	-0.0	4.7427819726626925	10.047007971894006	7.997426864605398	1.9946648746589255	1.5825501189253943	3.1401672745050826	2.9967850512740832	7.441633610365399	7.802354552532662	6.535806650402398	6.508101690134932	6.052266781031841	6.828104168988862	7.3835302623405905	6.672282255805366	4.508588915800838	5.010680524776817	4.570397374037479	2.312961335720055	5.095709852902996	7.2917078046691115	3.437258026441561	-0.0	5.052723583603296	10.708654682138144	8.023766544280443	7.044794304024794	4.306941113601904	4.886980542013156	5.257486423162292	7.48206132820676	0	6.283149450734647	5.7179700683210894	4.896088051164838	4.574543320025549	3.8958562843923543	6.169055990349826	5.264965268819885	0	3.15449156284995	5.377584028451455	5.724322284479928	5.917904375550513	4.385955585028737	2.5807981007852177	6.415084641633534	6.600780665195062	3.683287121207629	6.68432521966342	5.783881618799542	2.8059689868462248	1.5635692860104697	5.634192407544196	5.49190117512277	-0.0	4.0651610189304845	0.999919267363661	0.9995590872251094	5.63820674414465	5.825386373258715	5.60879092026428	2.583740229148856	3.967326499383094	11.647719849305838	7.680459627537321	2.8020149643565904	6.069285640281874	9.850422707014694	8.333928343226207	6.541033200609107	6.234620694883743	3.696163431653572	6.522715949614754	5.156483271660514	4.308982517511366	10.472321682794142	7.373178672381696	8.334166761031572	9.12650333918371	9.424225707347047	7.319737669388367	7.503502371963136	8.728628283000882	8.953425526190296	6.456160873391522	9.737026300176128	4.155478158660661	9.665807948807966	7.406178681833674	7.235336492544283	7.365723411987951	7.881382003524461	8.988305273247526	4.147128045277009	6.168275258186482	4.51627786125017	6.85822791741688	8.420977693196187	7.352096439520907	10.354976747642134	8.044647816493745	8.568175477796618	7.0816410517535955	8.285768275424505	7.083987422262152	6.88614477888608	8.79368876512113	8.289078465928458	6.793752382809521	6.499753241646015	4.5136758943259805	8.687628272098395	7.443046623744759	8.90275412680663	8.851800332862444	8.099583251220285	7.468878503655779	8.414497458643428	8.70117871761959	6.306797648656613	7.287071054766087	9.377918480371887	5.85000641634581	8.667531953447906	10.196852331977048	8.85538983131761	7.741588176008781	7.647943947522173	6.886150150359056	6.2571108912834905	5.351492751560389	7.08391676683753	2.309018243422402	4.57096047066372	5.115839225473291	10.701124392973691	10.533508131497761	5.595978103643102	10.860465920910851	4.399585835710593	7.590621214899329	7.3941311762057325	8.08054533048462	10.688296521425226	7.157920675109574	7.7927534574700426	7.0873200088997566	6.686276935204386	6.894004118573755	7.186553283618704	4.5761878181026	4.3189899645710375	6.255633563304422	5.276993035027146	7.365551268723625	6.731351783566102	7.243833918111706	6.366364332754935	5.897190498221832	7.093521486407662	7.06290589205243	7.06290589205243	7.957767295418438
G138701_RCCBMS-00047-T_v1_RNA_OnPrem	6.413716782419202	3.990518717930975	4.2051254698593645	2.771880636284273	2.9675552367448854	3.6922000924817335	4.705162642898179	5.990591585660798	3.5719224906025175	4.928708704383634	0.9999661925142758	0	4.23798801065298	3.304124342183167	2.804055905726624	2.9500226576342996	-0.0	3.1599377961857016	3.29265553751523	2.803128906718504	3.9948521495012166	1.5687799933842115	4.38662854175322	9.58302531176335	7.392251531213498	1.576434356110652	1.5845179815486	3.155505094946342	3.1673474467276828	7.328113767299869	7.599330781116861	6.441321370447801	6.174437929102442	5.919107085776399	6.537797697363285	6.7970355543094465	6.379989485653601	4.566743762716447	4.958891451155777	4.572019305428708	2.9985638094474005	4.86140718984873	6.586576410250232	3.5625583475425646	-0.0	5.0409238124601226	10.4437589559919	8.022815652522064	7.2494113057819884	4.152843180590819	4.683226334507434	3.792190037589104	6.95256219371548	0	5.719671907675504	5.633942081362414	4.505652912545899	3.5763511483780746	2.9921472627857395	5.712070757996769	4.6831490394008775	0	1.5826444728109823	5.679476089648562	5.5775012051499955	5.545992829971721	4.082766918173867	2.580546321608492	5.919327461947858	5.742438840474313	2.794872202496713	5.820046198759226	4.983720902049517	2.5789538041352325	0	5.313215718736449	4.859163616488911	0.9997496697949875	3.3120530335047715	-0.0	0.9931722822101214	5.630913578289382	5.770072049418439	5.57294246529071	2.80647392742908	4.288662582106344	11.559833034536288	7.4532549440653755	2.321635364870276	5.194563721056542	9.502096558319694	8.101877664069317	6.233777269591065	5.8949888408867395	4.729601540972394	5.765037585308974	3.3184350620619805	3.316037651596215	10.254512840675265	7.529201668668097	7.877612780146412	9.115802135692883	9.407084985875171	6.919283735990161	7.7005071575026856	8.527624195362453	8.766755572646227	5.870124522161316	9.610847454741537	3.802561341480993	9.610529535449016	6.872734396682637	7.106442128615377	7.275247799733563	7.707889061668243	8.843370347164955	3.5629408716372404	5.909924081007306	5.1609762520864715	7.072789920419154	8.230865951041055	7.086963704340306	10.220346334499004	7.815053793278193	8.624932813210501	7.042509181999706	8.453011031250506	6.985469821704092	7.1838929599293095	8.507452858899537	8.099242440022145	6.711792046646271	6.418764761155538	4.4418895778219145	8.447315011836919	7.347744501253829	8.65612644542747	8.677352956844445	7.857392162379437	7.3598845025580095	8.336774069925527	8.613761619163991	6.503417556181613	6.960267394976804	9.181175811868249	5.896018105395558	8.925714033259354	10.034493403247756	8.805203810194676	7.487726961548108	7.392479969588581	6.873485530696487	6.331784252482645	5.037456279665533	7.048260847077301	1.992265129210193	4.942666341021945	5.272550085819021	10.432018979473886	10.343441140077184	4.626260580450628	10.68017150949997	4.099090694325575	7.233708417015973	7.117746971051988	7.862119023903173	10.510324218560942	7.255037857706242	7.804777071152926	7.19958728320639	6.571154777374992	6.881583810805278	7.106670516306255	4.451695859593397	4.897466684782635	6.095927123716648	4.990393001608487	7.096931890823412	6.8971535114860565	7.062063799149825	6.381605587598225	5.799575707268703	6.993938588891734	6.994558983944976	7.037810140014723	7.9123876425433615
G138701_RCCBMS-00049-T_v1_RNA_OnPrem	6.478232618606513	3.7953763001000125	2.5588665440687888	3.13027463487199	-0.0	4.236744570904841	4.381968586401606	6.236390991160632	3.3046967400354967	4.3178064487062295	1.5802020441229554	0	3.1495426044615855	2.794238343010835	0.9969916748252856	0.9532373497656081	0.9922569226045517	2.791416882483819	3.55672497831362	2.570209290621607	4.614621433473779	2.2942835402553596	3.8985248218132242	9.71162424401903	7.570478369823465	2.7997897069260684	1.9917649972156026	3.9835734817425608	3.1642634272973913	7.502489095699585	7.5601412511776624	6.721102315851965	6.392859233590023	5.817273023327888	6.763209157876679	6.895525254299285	6.446255022827847	4.839300754243233	5.084460124601636	4.848024009669595	3.1633757095590553	5.23693553922397	6.914064103934645	3.5626576559017966	1.5847563049244553	5.202329511815429	10.640179545399512	8.207026477691091	7.283847955742987	4.305373705713818	4.9331791086578205	4.230824518507898	7.251180662497404	0.9999213342461772	5.821427773298468	5.819431470716473	4.372588187972273	3.797642646252256	3.158731759246055	5.816157652059521	5.192146082114941	0	0.9999284466692612	5.074794191436567	5.716313421801743	5.6061333819168295	4.315311033119093	2.799341348991562	6.196836723920454	5.96285894203952	3.1488539848650214	6.307377437577307	5.598112450728054	2.321130350746371	0	5.414061279005207	5.1197768065266205	-0.0	3.797125318063514	0	0.9992986909589046	5.5129293746474435	5.7720057950210615	5.738243836217152	2.803095847345221	4.358242864535478	11.57267340534299	7.657199063729545	3.9027698239830166	5.688829816672985	9.81568405538453	8.202330290490835	6.3934698069108675	6.214996771790302	3.6990325266817554	6.052858521135216	4.692710251925854	3.453112317277159	10.413233506696885	7.557761329905894	8.523947789196482	9.419364331219693	9.63823804548268	7.215367390689726	7.921375094488212	8.848469001096023	8.892423644635576	6.304438930099159	9.768497768519119	4.083097711310654	9.790185036682992	7.012630436620215	7.261560905880921	7.407941880370511	7.872950641243698	9.115087755347663	3.7852621079952056	5.862876893024982	5.541493778763771	7.277174690014533	8.45294924749604	7.105322924599425	10.34521895549965	7.946133273124101	8.683598573410585	7.24021319709035	8.36494896610445	7.299634815244531	7.215410466818603	8.573939632641101	8.28750744858244	7.028373075080541	6.872325795411847	4.5170348096850095	8.703556192589534	7.456112642503268	8.853558648300421	8.850412734363081	7.9861964852966505	7.331504467707921	8.528747328413123	8.757473447820338	6.404724310970482	7.257726601707913	9.43738436592715	5.844861175005935	9.100894912063723	10.287226413871918	9.022976600625677	7.792528243898601	7.573020839486306	7.106298377491483	6.5630503398084095	5.241802985493375	7.00397578742306	1.9907981884975112	4.942755111526095	5.542475648925106	10.669832109167547	10.501697705817746	4.979200151930173	10.867090693068342	3.722925056023217	7.44482409249045	7.2338364691615995	8.059679710251949	10.806045303023843	7.429553978436416	7.976628420063571	7.345169174412908	6.670038873468495	6.804069370749822	7.193806912389484	4.743488013432853	4.988576364139256	6.251050655805839	5.1166459019106645	7.263500395758826	6.965953152120233	7.271217098428308	6.327672990687478	5.820769916377251	7.014466234832522	6.982163081662118	6.982163081662118	7.958716318321567
G138701_RCCBMS-00053-T_v1_RNA_OnPrem	6.327205646782717	4.1574981627857435	2.3005150436537467	2.7749565827021265	0.9991650324068837	3.8953478736473124	4.163274237463414	5.7698266503082785	3.7886290859423783	4.386265339197875	2.316818463638059	0.9999923566457993	2.7803458704134223	3.1563635136520047	1.5799146175545162	1.573689685516643	0.999999337258216	2.982360030814621	3.2985295375613584	2.3081913120552557	4.225313582359669	-0.0	4.57216395066919	9.59766356226894	7.415915447199622	1.5762242948519178	-0.0	3.1654187903277107	3.5657748755654683	7.329648351526466	7.591689993810727	6.7873386757326095	6.408553482217691	6.283990685791681	6.709556392751585	6.942478927719344	6.196357028342216	4.84017409835173	5.089166523214939	4.310659977728348	3.448331961029765	5.001672953185069	6.76631653197756	3.442869612378564	0	5.205504989257843	10.443170177378411	7.965578860228085	7.2049785968533415	5.156732282433692	4.837921051229649	3.790773556180813	7.08415155255888	0	5.634307046322258	5.8178966109760735	4.792581908619046	3.3126533610813276	3.160849957067015	5.81741976488293	5.222241262341215	2.274534758418994	1.5829330344336183	5.196161342919911	5.665574702177947	5.313085333649229	4.243499513189486	2.803402550016498	6.096310694821936	6.08542890781626	2.5701456326611383	6.0965042253992925	5.751617823077411	1.9991173325380687	-0.0	5.451245354493902	5.275498816889696	0.9621166311004314	3.578605928958954	2.772104184036508	0.9999806186346409	5.604876704030512	5.824036401499999	5.57568450345008	2.802417745032508	3.8734723488560974	11.556686172633492	7.439506292597487	3.6808988787632426	5.382200886113233	9.587317940710056	8.093362522731779	6.271489620591458	6.198546280077306	3.578916900908667	5.689470603196158	3.9019169491159853	2.997249302990029	10.265190125848031	7.561186322886627	8.376376398049999	9.502840357654055	9.537222250299044	7.010232269539823	8.528683763448038	8.527821784102992	8.705516164029664	5.772927547316031	9.600582086642163	3.900685427552083	9.741549578237839	7.41263463942603	7.085934817473852	7.40718294219741	7.867927335784835	8.575090674865953	4.0646470069564336	5.911434522595519	4.84705132786425	7.030132359782789	8.115564407229176	7.018650973333735	10.219453290819892	7.799869262631714	8.788238836308784	7.45081206518272	8.45351984275275	6.962722558425898	7.0544196368357825	8.565220844207314	8.16289193455866	6.891054868050761	6.498903628494856	3.894297781564125	8.696305572962393	7.775187434067838	8.737095164152803	8.75046964269212	7.837092265126733	7.319252084200944	8.361758725368425	8.62396843918375	6.471681581601504	6.924119411752287	9.234624223679324	5.989812558844511	8.772461691827543	10.10062272215047	8.919215857771297	7.5805926306895905	7.218850695166603	6.755893688636695	6.0801735977608855	5.078803719026595	7.080975155712907	2.3055091937661416	4.69114675008014	5.115268009879311	10.463504181822373	10.342983950451176	4.936979465770631	10.697495049566088	3.717243048875385	7.28001349376937	7.116759315197504	7.983617856001455	10.613095364375672	7.214119440136841	7.854726286888777	7.098248907496029	6.7896160272319515	6.6437843946327035	7.423981533679381	4.683092866502343	4.976368189488742	6.05237023404156	4.849343227425571	7.169886598852637	6.781357751117965	7.008112657718341	6.179121577633378	5.824594566768745	7.039646098067701	7.007987052087555	6.996925398909095	7.988880666259822
G138701_RCCBMS-00057-T_v1_RNA_OnPrem	6.413599161000554	4.3063060803708195	2.7965799110208414	2.962916548983363	0.9996186545756467	5.153805484513993	4.382692782831119	5.820915775532733	3.14506671841504	4.636547211499355	1.5791593332008729	-0.0	3.1502137773931143	2.7952372624446133	2.5755231111535317	2.31159144946911	1.583431931498154	2.57451988783521	3.676413055143508	2.7960333485379856	4.519469402665678	2.2986789621211408	4.384225965108323	9.723457055565072	7.517287101268296	2.5756236933739536	-0.0	3.7934971590917064	3.578634266827429	7.478392536577783	7.5896706807351695	6.705838612961362	6.583096792370117	5.986604589764135	6.900651422060813	6.939657021431808	6.445057253673422	4.7881995572571014	5.477638893331093	4.989457721822265	3.794758944112859	5.535918000343813	7.060087671905479	3.673705003344022	0.9987825788675762	5.653224909430618	10.570041007810945	8.03525626212211	7.217856435172333	4.504681716355637	5.057839235849996	4.228437666460802	7.365869654327578	0	6.030646861115085	6.07388141582915	4.625890673955113	3.8958620629962972	3.1613019449340456	5.958312001346466	5.307338314195881	0	1.9967088172596885	5.270644112787207	6.143045708786989	5.6040691434175	4.24173888855769	3.3137608329390154	6.272057280110773	5.962700247568594	2.7888555754816546	6.341162480889253	5.6839741138315505	2.5800862934130344	0	6.299700925084623	5.532901520768785	-0.0	3.9003229659565792	-0.0	0.999451768818177	6.065851922599265	6.285064683768756	6.145892342807713	2.9869454602550385	4.7701729753495785	11.566950475085983	7.5642447122592555	2.583662706089874	5.239168231313122	9.817928645542223	8.317457137764885	6.427936210818329	6.44728383087385	4.166003482893982	5.796687652705589	3.692093775654369	3.317393430706597	10.346130787201332	7.572480690360661	8.230012135177525	9.45346934762277	9.53615814174895	7.1052027825096475	8.420317727319532	8.98521758712698	8.818982428898932	5.9661792809879035	9.7572736492216	4.010141509736853	9.748179205213566	7.197565207879248	7.3350530489240295	7.381745960507441	8.000107297928746	8.636970306388195	3.976755719724683	5.859517224765094	4.633603837767106	7.233192891887058	8.373989174903665	7.072629699106604	10.37129963647182	8.054403760388901	8.64413911470006	7.213765309277373	8.334620886418131	7.154147478291329	7.073709020342204	8.702635262806037	8.42706496020327	7.0521154815542655	7.079960220798689	4.96731974675057	8.766718547309393	7.406936635043586	8.901397324793214	8.853197777895595	7.922457292773712	7.339755895928663	8.513773604411053	8.739883890404787	6.405297533892304	7.190137649343102	9.31894807868093	6.054589250958918	9.038408522708613	10.264667723569103	9.031326534341003	7.6370372482673625	7.447572705594417	6.943703852302898	6.515918368883872	5.312451044689463	7.048417419176625	2.311428906419376	4.743207490738783	5.415087395963179	10.578417930590604	10.442367093447123	5.068017828542021	10.784621417100695	4.003981600661656	7.450335286395765	7.2697113317102735	7.9528792279294	10.7243688641653	7.327408506988115	7.954354333082979	7.414198637814302	6.698823518707223	6.9390999453618445	7.279695058754757	4.575610394059407	3.57807728446293	6.3598636831292366	5.276414514599667	7.35393432589218	6.908712713958009	7.315597250495078	6.446753096680929	5.748286102777106	7.224838222618038	7.027333650400459	7.027110079029112	7.946632000678242
G138701_RCCBMS-00065-T_v1_RNA_OnPrem	6.290420715873378	4.307568648174835	3.300831641984318	3.2868708278310748	-0.0	4.311989392134415	4.315851279323889	5.7681746572628665	3.434409872860844	4.798532557397959	1.9906762379979919	0	3.7909213543945643	2.9893025845838697	1.9965521696386455	1.9815151157144453	1.9954754752630528	2.9895088108200607	3.4295445514230303	2.9895713547539464	4.163994073748667	1.9677840043957073	4.575777606739662	9.721507032764455	7.493189703136003	2.31535740328966	-0.0	3.306718235445273	3.7988545804606146	7.3795340984536715	7.6407106451862505	6.549304770118567	6.839816373386044	6.360044759692181	7.078842468390499	7.175513796769223	6.475532852062826	4.791288517296534	5.277482614829086	4.896143935011884	3.4497354195551435	5.309699714817293	7.103143102882306	3.558179854647339	-0.0	5.3793472610193644	10.583916367845138	7.903142107395445	7.03256086931917	4.56043556959803	4.974809914204786	3.9819155502795045	7.313684882097759	-0.0	6.0326379705571975	5.8694716540001455	4.976629386716274	4.733120463151177	3.78432185696423	6.002757541529543	5.194414484180321	-0.0	1.999152616642657	5.342626082196021	5.915724423129818	5.634604734178693	4.080189475041148	3.3119475609096347	6.29129717560429	6.1549472316754015	2.791217808906586	6.2703196939505625	5.837450076230287	2.8046375727285935	0	5.657757869348734	5.1982607364672235	-0.0	3.992634892116514	0.999999351757036	0.9999156876881883	6.17901219065675	6.293311628386053	5.979850536581487	2.5837024296136333	4.288070302698305	11.58070720168294	7.5711847849939105	2.997647223227314	5.312049850420437	9.638169084618244	8.240099336948958	6.377195940133404	6.495750689145595	4.166495659675524	5.573247028913616	3.8013982799049524	3.452968692082022	10.392795605339105	7.579843991473999	8.39544568949877	9.426062689009111	9.621534469777997	7.225235550558846	7.934046168807647	8.794805845388128	8.813011951559325	6.053562020496999	9.786526754721505	3.5781922786281104	9.774416256351257	7.043458706929341	7.298876447274421	7.447770606510823	7.9319037535818175	8.810334411482001	3.97701807489217	5.9327178494154715	5.453349685816865	7.255819295504788	8.467543089230531	7.135271330540557	10.641228510980431	8.447123830453997	8.904148872459642	7.144269953598729	8.347520812014201	7.232867046794764	7.120382135878404	8.740464493169164	8.386656761894088	6.831499661856592	6.649280554731525	4.237637838592279	8.69134137844521	7.658775057865767	8.83876202109956	8.864648430390844	7.985481867973523	7.348925345466416	8.469755275477226	8.791880380625276	6.4983542045108535	7.198862824701432	9.36941544813064	6.158811450586422	9.134482201893066	10.30683587326897	9.014915470274573	7.713703242214067	7.462854424782222	7.000161035073648	6.546915785802236	5.514034724855731	7.170231550435403	2.779404804542258	5.2357982983397795	5.447723846127905	10.614979940105286	10.491322654298713	5.406153672974699	10.806732096537921	3.9141520434231967	7.451691326290662	7.334324986243456	8.05622196100054	10.796936735554933	7.472442280514289	8.026738143820642	7.422992349418271	6.7772511620868325	6.890786039267821	7.31375930251845	4.746426543125155	4.239109076201144	6.340712216569993	5.308462091032373	7.43046515117661	6.988768243358517	7.539937863581038	6.429691466466148	5.822832507768061	7.159447316221222	7.150610503856347	7.150610503856347	8.14790619531992
G138701_RCCBMS-00068-T_v1_RNA_OnPrem	6.429887461990978	4.308463700523706	2.9806423533956545	2.7734813290740234	0.9986951092743852	4.8987059919546825	4.516400686175763	5.988081808232447	3.157240622255519	4.7479654050402615	0.985094902149349	0	3.3066620033137246	2.797055685631419	1.99691514968464	1.5735396377314284	1.9985272175147282	2.7961033579504067	3.675368813790538	3.1636513541390134	4.317867631488236	2.30087015418835	4.385231972894696	9.757921579614047	7.532182498719183	1.986575364874978	1.5782569873308065	4.61943013950423	3.3157480692468693	7.578303964531578	7.673387285621416	6.5648292965242145	6.671258902179208	6.052307581616131	7.0045612285666055	7.027055377945575	6.37829562461298	4.885670869837356	5.24280625934129	4.895827143009855	4.078582392014874	5.205149373808865	7.027703339716333	3.784673367154815	0.9999596782088408	5.414303440549547	10.564753721593092	7.921181466040167	7.138553221920333	4.070846338935741	5.110258804977831	4.443465460134362	7.3419198675849335	0	5.989118883656569	5.967845956150996	4.505221309900093	4.234397141687715	2.9902825005040192	6.0048571672994315	5.27021541227959	0	0.9996134003310027	5.3776031318281055	5.938594466249967	5.8222261302935925	4.516974703571837	2.993180592208018	6.2339880783682355	6.0744429396686845	2.984783176117244	6.34321398002574	5.76433501964718	3.319362216331114	-0.0	5.891708799573866	5.2034097434998445	-0.0	3.9009651726328376	1.584664039399515	0	5.866149888577722	5.986840024366497	5.981612980925017	2.994461290434675	4.280223899557189	11.585033909502533	7.539639611552642	2.998154323261232	5.483086721824548	9.781007847029958	8.259429848009662	6.35966867141597	6.674110258227787	4.167158580161337	5.873507990958882	3.5782109038033942	3.315317179630786	10.371382406637233	7.556512375322104	8.239379594886984	9.29559652696826	9.579620728129697	7.166004108891083	7.919177322961393	8.954220193352505	8.928265573757246	6.052977871341636	9.791633265500847	4.081934100343725	9.761401948915497	7.178508164909114	7.2895806243902594	7.389674541796174	7.891094922485443	8.741366872794543	3.8811037885366764	6.000130183233269	4.450454416822644	7.164769831180646	8.43307736347967	7.11463467182326	10.427705249595832	8.125104536350987	8.743413272755063	7.173649766894002	8.420657728052523	6.9928327496329725	7.4081881665145035	8.619746161088942	8.29989842376427	6.805118796611318	6.60524340203497	4.238816291107446	8.624513384894758	7.487062202234717	8.789107555108675	8.782674920843267	7.962222907154661	7.347977412298474	8.489518108748657	8.747760736173225	6.388429104984093	7.129376529465139	9.409435383079598	5.963595458202001	8.982976940748602	10.27725327835674	8.992284092854241	7.591650366837297	7.534128863226461	6.882708928353978	6.530671159274253	5.417194173758048	7.046952646125516	2.560110313109181	4.845226083482144	5.666343713315015	10.569357130300698	10.460735849406806	5.150665030184443	10.788350784190627	3.911782155887008	7.43408502814116	7.233778691430094	8.030439876433663	10.720027291077816	7.380049055082563	8.03125348158591	7.363040558157265	6.669820945113203	6.878099196479945	7.241435339192354	4.743695593816997	4.0821700053651835	6.286784975581291	5.196534397945873	7.405920331529491	6.907761681957788	7.270382225121002	6.494370742863105	5.820215342030252	7.0768280445351035	7.02538903010886	7.014696375401795	8.035115084482165
G138701_RCCBMS-00072-T_v1_RNA_OnPrem	5.942935308879776	2.9854900087712295	4.15699911659615	2.983064378391053	0.9982720768318706	4.159149979723811	4.755150382040319	5.607170288863557	3.6923025646540855	6.249279448292158	2.9928554589339833	1.9992394083368648	2.9902471347271615	2.5742533341232634	2.7732296097909575	-0.0	0	1.5842057424117248	2.54107629304692	2.582037883980826	3.7992744273756283	2.571250439370655	4.080825124971349	9.210197853724019	7.273041951160029	1.581275820977151	0.9999997529253664	3.803916505945603	4.309931178018412	7.050972304324721	7.387214254645843	6.77806681530166	6.532930820650887	5.967161721164047	6.558221216739754	6.6109581186555	5.845478604747866	4.677334632226629	4.880669613441249	4.634390523617343	2.9950838898405334	4.617140023740131	6.365032223109773	2.985277678372686	0.999999502635535	5.559720011235724	10.231315198913867	8.384787812004312	7.698836778895948	4.833591927314276	5.620401810687346	4.129346197161843	6.840438772479497	0	5.742277030068053	5.767023753348829	4.879497626234015	4.769047651547634	3.67571635872573	5.787071828673843	5.072536325034599	0	-0.0	5.650284977655956	5.528969174244993	5.035705290627318	4.0816010837483505	3.1645852807593697	5.513262350464351	5.450328406924974	1.9624934516372157	5.691981218566829	4.892971029030255	2.5811702828418635	1.5804971246352313	5.016145387361258	4.830599969805857	-0.0	2.9957618834174076	0	-0.0	6.081976233355085	6.259829214255294	5.781934611613594	4.448282654180865	3.6789870471394135	11.492372207723525	7.192841243706691	4.446462098575307	4.387619501160392	9.241068362306056	7.863669534335352	6.074684686717075	6.15363222612252	3.3136120005578507	4.8528085118756685	2.998232732161262	3.690623413615719	10.432160470516612	6.896406915522947	8.116841591806924	9.308222172566179	9.58103549844955	6.3122805787650424	7.923226752073011	8.252034006976501	8.45989620543529	5.5049485476514395	9.572083882303733	3.1661815979178347	9.548361846086744	7.232890798117628	6.572214119101245	7.35854380451527	8.128418689425226	8.6064063669616	3.679334328952921	6.107494435994558	5.079660873526576	7.166353114592921	8.414361752294502	6.757583794541656	10.20071305937919	8.083287844521108	9.004813823687472	6.963792231440358	8.241998940462906	7.005874515375242	6.61216211876093	8.619134549364457	7.867523653390232	6.675233441724202	6.662565754740251	4.579621617659724	8.41274768570448	7.683228155164536	8.530705754959971	8.50909657226	7.364664527117682	6.8938675347433165	8.18021118087191	8.695887644518175	6.478523515180548	6.612755458048934	9.087341916945208	5.845890078918983	7.991061959356832	10.012408405158634	8.81022795985601	7.284135182802062	7.14792734386374	6.855118497797111	6.327545482702834	4.942730901099186	7.057174293694671	2.7957988694802958	4.160834255452332	5.384574263311992	10.222845733601064	10.205994162381058	5.061873558349078	10.53872989061866	3.3850534928437477	6.908475873811212	6.746763075948314	8.05430996619517	10.67564306352432	6.5605889440383365	7.387961866020947	6.836687443251399	5.945120116837879	6.355229275223893	6.843843542646435	3.7983317218705057	5.064755130494295	5.906165114062702	4.7980514035936155	7.001474839736683	6.294757834288895	7.044805000622819	5.60491259052437	5.781506147322623	7.024475580734458	7.03561627889933	7.03561627889933	7.812335357242
G138701_RCCBMS-00084-T_v1_RNA_OnPrem	6.3252423365858785	4.2329914391058185	3.1494296485501785	3.289991110010992	0.9958418992706943	4.5120960188137875	4.5155885387937555	5.987414328036613	3.1487367596179974	4.577909629224918	1.5825473665603593	0	3.306600843547827	2.5735561469540427	1.9990206543096647	1.985310015255499	0.9964887060068962	2.3095128562419727	3.2966147558729406	2.5784462602471097	4.082645628746784	1.975847976972186	4.159585796561208	9.716650665837443	7.6760636485422795	3.41176161898966	-0.0	4.439765507825921	3.4500654817277088	7.555192106891162	7.6458183613541	6.624360394793253	6.885871577439453	6.052049630699631	7.108371092956714	6.941482717576226	6.445333574835651	4.683225559580352	5.38427704486333	4.63216773607165	3.163019595431985	5.2806814518992375	7.016069850681175	3.784595069440351	-0.0	5.415204471825617	10.55719779423406	7.8609402285773315	6.942197485261237	4.37728136288672	5.020848077668039	3.984786333863084	7.295854416251138	0	6.1596791860367315	5.94151952830233	4.6312426207496085	4.076796600036085	3.3111447368061024	6.153553625203649	5.195665323024969	-0.0	1.5847588131127583	5.19583701751602	5.869857095586917	5.546352792791927	4.164915364313342	2.800477706293788	6.1761947324552	6.006967670655158	2.7921110176899737	6.443562188474683	5.626046549780883	2.805576509415457	0	5.631626060563037	5.276370791900377	0	3.8018802468379715	0.999165828307033	-0.0	5.937121846776027	6.072766592846338	5.914187857744003	2.7992914408712912	4.548220563557358	11.582994098691849	7.494099469703419	2.998162574175171	5.239851746155831	9.687623382149862	8.276831122102712	6.395072522266201	6.565771626272211	3.3204644652841853	5.690045079172701	3.6943420050660642	3.165609741776601	10.277194136312296	7.503698489920149	8.377193973910744	9.71498758896694	9.576251813873133	7.042557987402563	8.435768774682897	8.70621321756495	8.800488424385112	5.943675915925549	9.789806673871627	4.340006904750961	9.704397536647788	7.064456061342992	7.325405221345471	7.390557082423369	7.908524063464554	8.686832300885072	3.783505295118799	5.909771842910907	4.313607031904396	7.135933609285018	8.302831807656625	6.963176288871895	10.376925691899329	7.958944539897157	8.747883579582625	7.202520717315526	8.386454043958544	7.072189628632047	7.113271980941992	8.720818427478315	8.286927189911289	6.881548488722199	6.821154782261937	4.907749546611158	8.858801396585987	7.651047737674849	8.969163756246306	8.769958376040984	7.862064039747699	7.286221627709852	8.454060519552524	8.848869788163151	6.516321655715461	7.180671108377183	9.334763214166495	5.894253403638215	9.585657418605935	10.277890130844348	8.964505443203695	7.615715466807652	7.414829406324844	6.809843370309078	6.500321851973608	5.121097187072364	7.0592539545456905	2.9866243584395513	4.7445257798573275	5.272454995193378	10.572226740932093	10.471536111616894	5.025312071685103	10.791569937571133	3.716399487289092	7.418795395446157	7.22302345710677	8.005175266320759	10.653343397457784	7.300539676721588	7.954193551080842	7.292209482069893	6.699006663540759	6.90356995196192	7.21412524681266	4.633797829341388	3.8017303858568905	6.409777668548459	5.076985603942488	7.354672000489666	6.896445185213492	7.223582274527597	6.32791018740415	5.823546472341565	7.218305976279313	7.048825433389026	7.038286415169399	7.977718024652516
G138701_RCCBMS-00090-T_v1_RNA_OnPrem	6.39642286211797	4.149955323221442	2.299685933204569	3.289873110676905	-0.0	4.5747568403600996	4.382310470660455	6.7899112909433335	3.3111747469388195	4.454278025445415	2.580909893772225	-0.0	4.302432498022501	2.576102752243171	1.996596995069056	0.9918033820909786	2.315337635300609	2.7910439192307352	3.142274169469013	2.7969984793539706	4.387757173260422	2.2973380169289674	3.803785673713369	9.623388001394762	7.564269791467093	1.993054078945394	0.9984195696549941	3.4463691135278234	2.3169886983489563	7.414771696125543	7.356507982031614	6.425729480299364	6.463180393861283	6.010041660394799	6.628338173969814	6.846257891838065	6.19594243036617	4.569829210533374	4.9194834992968595	4.799011171036322	3.165096928162143	4.8183970847283035	6.68820815134637	3.438060294457853	1.9771265688043136	5.172668314068444	10.544546425115795	7.885187764270925	7.137449354061891	4.067542916293726	4.888735668594949	4.572561386973294	7.062919657626518	0	5.691739803816002	5.447416384457122	4.305472454924405	3.7972945759530017	3.3107574182612796	5.685989325275915	4.98227494478766	0	1.995922109387011	5.032185914481897	5.55377294051991	5.480013063252393	4.317621169650878	2.8009931757915534	6.953761779763572	5.938053195968286	2.5752969226921554	6.233827163854196	5.071558934333033	2.584490844519549	0	5.131926557023458	4.865440730336751	-0.0	3.4497264569631594	-0.0	-0.0	5.608537134437551	6.095488125856137	5.721458120564746	2.997512196606378	4.937378883590571	11.598925901977498	7.6889833301816735	3.320932388859085	5.313786736843376	9.911847741212123	8.20176668410652	6.323856076921745	5.990149978317337	3.8022215153382555	6.258339014321952	4.162994276898664	4.163857562030216	10.414727718653504	7.673924526606585	8.666790783803009	9.147702331731569	9.515978664919887	7.836137829137819	8.522622840460242	8.972372613805922	9.025951363051592	5.9210456924149835	9.805309552941447	4.312486572226069	9.873866115348093	7.066551878598055	7.413483818343194	7.257838127811433	7.834932168542634	8.884765847494469	3.882106210146011	6.190630131032598	4.158751505092208	7.250163906407485	8.407262421221116	7.421474683355981	10.277098674366414	7.8191555478682675	8.64534829722339	7.242330145037625	8.467824880111381	6.985701515277205	6.921560325647464	8.501805206625686	8.22003109625809	7.164845269905187	6.860718262102143	4.315469979130412	8.616482182563448	7.328709003965559	8.827558349604407	8.766390320522959	7.888819594724325	7.46902774366321	8.632811232734422	8.859753270678306	6.270299632371062	7.365395523250731	9.678904790561804	6.136112347125553	8.771025050224281	10.21290860569465	9.233379969510866	7.635614965327802	7.404923158744279	6.701017043637184	6.485426597015346	5.66218409981917	6.9412863294009	1.989722933869345	4.9907660876032605	5.157834775625141	10.670792781143327	10.47073283140927	5.107958204879855	10.840732802673903	3.620142790594026	7.309018234808543	7.493690756363879	7.763206251092531	10.806561937733774	7.3714625622568395	8.148652422056468	7.5343587064205515	6.656838056097743	7.163428827531198	7.261202051656218	4.382016324800086	3.9954289612331095	6.628639081232168	5.195356014947748	7.725310670072134	6.783079392353095	7.438253641972837	6.727680358788797	5.774198070508901	6.940655062432733	6.929678568420693	6.918315445030088	7.875984161718723
G138701_RCCBMS-00092-T_v1_RNA_OnPrem	6.361629234637222	4.159819535688192	2.7889831599761394	3.286931397438007	0.9999970986809235	4.797853715835442	4.450909458340872	6.158395871368823	3.3036399640771914	4.748381577221879	0.9999834610738956	0	3.891106013836936	2.573172572106225	2.3174524162458514	2.307178699461004	-0.0	2.9899927622182108	3.5598912651975625	2.572456123198041	3.996049060603757	0.9686022784443308	4.382424244234901	9.681690378762093	7.578055731310008	1.9887524437516721	1.5759076668758811	3.5727961495573233	3.167102169829875	7.379472730783727	7.574261248486324	6.898453484290017	6.835009712297547	5.961882297681188	7.0124708588573155	7.161319296643242	6.586529389715759	5.221375344881148	5.762976362618469	5.117817422736239	3.161732564443721	5.788919955250766	7.239782241243294	3.6759126146720087	1.5741335702265489	5.862256817354515	10.650099943966415	8.051693287093654	7.117550497201129	4.567584024835486	5.021762690318681	4.504652540243645	7.36777954604036	0	6.054344913703208	6.137377786166411	4.738556033660204	4.383248909819542	2.9925216343205365	6.045963195656672	5.340625921511984	-0.0	2.7978391945806127	5.511655235249504	6.3006546962335355	6.004782116228917	4.241365797348406	3.163429838152708	6.328114336812247	6.28868877721076	3.297448327166629	6.443990911191073	5.73690045562153	2.581287825742544	-0.0	6.334715163856007	6.001220723654038	-0.0	3.9912385217925794	0	-0.0	6.3872568242552425	6.518494970487802	6.280979396648448	2.9858342428177203	4.665447045430556	11.586266112897869	7.509033990319276	2.806711513245074	5.312519939130463	9.73659894161398	8.230716393960202	6.411457950819047	6.666488386038746	3.8063279079727748	5.846519302390569	3.901423388564399	3.165103962209626	10.362538839501472	7.3797651037191185	8.294511892558488	9.456543674807987	9.603900278436457	7.167752686119184	7.84414158223793	8.685445795627388	8.728361158405466	5.9662162341746985	9.797724102205782	4.239722258688549	9.802136362894396	7.379287093611782	7.204352725865562	7.415198296675317	7.978329525662756	8.744540761077358	3.781567143022304	5.886468497555809	4.7985266928224695	7.125033214515959	8.352941063348618	7.083844931836759	10.404274839593338	8.08983699071837	8.697227572776622	7.306968635871238	8.313154393981243	7.082882763919802	7.143827676134742	8.61471718847905	8.23676781025281	6.904231131461315	6.63573893863337	4.4508588078529705	8.667690477934174	7.5797246239810185	8.779843749946359	8.824968226680035	7.968972158273242	7.266986373352131	8.395643628915522	8.730540726586424	6.453621999677206	7.189372643886954	9.315373863963325	6.009712783207347	8.907863015914554	10.204275087768	8.96737755105322	7.570914612422245	7.389241424163451	6.834742210128035	6.601990314370637	5.080239218056512	7.057930100927767	2.2997591448645704	4.689693560091838	5.508515147780617	10.62007717151307	10.500425728823178	4.8854819188865894	10.829671145697025	3.918135393727394	7.4925942681073385	7.394794591520644	7.937540742810512	10.727210293421289	7.3541380634721225	8.010324265625147	7.319802418934383	6.6574086488261095	6.766710440330224	7.204435273331728	4.847872015184173	4.08014139151724	6.173709431433529	4.943135485673987	7.336295969904086	6.822198812248892	7.361242540942996	6.36205559851729	5.772781626042973	7.078369014736344	7.058112784378109	7.047573958757322	8.068254138244571
G138701_RCCBMS-00093-T_v1_RNA_OnPrem	6.3046791947040575	3.889859594159624	2.784218721576563	2.963440742385738	0.9978600451267245	3.6907328236358716	4.080497775379793	5.847133219466349	2.9841132820430936	4.80068940639417	1.5845252269187111	0	3.6858758014820054	2.7995358738124394	1.5820650947447588	1.5602416057018245	1.9964084468110554	3.3150708999407206	3.434942932838041	2.576397741629685	4.243241141185685	2.7941234350919615	3.992995919529359	9.704481610949612	7.716412952326228	2.795377501918084	-0.0	3.1564132936516653	3.5793332557292152	7.3807032156758225	7.565756879990746	6.825554836393836	6.58298452194758	6.154018698503153	7.059528367443172	6.9526955468910865	6.694834608951859	4.891691207449309	5.162396497691119	4.797959871727083	3.577501484849355	5.078128639671664	6.958593395910482	3.8804092655674314	0.9996300658227533	5.198112145891057	10.538107085342544	7.9164827651753225	6.976669940209931	4.304111796850716	4.93418953756265	3.892402731880091	7.3653679216882315	0	5.943905853323613	5.871496502047632	4.372521264829624	3.6902637699090417	3.1592599888721455	5.913787372718472	5.268463468740965	0	2.3206397920588344	5.272818768148005	5.71545518611906	5.689151315019833	4.166016071607583	2.3178375332116423	6.429786335554856	6.044837945268992	3.565249258552341	6.322376701430922	5.684594970414931	1.972782387898831	-0.0	5.478113209321738	5.198386675864643	-0.0	3.800137248408259	-0.0	0.994407948076472	5.626893048942638	5.843476768117187	5.764576426416932	2.58422908648211	4.419869197605306	11.548904589265986	7.5253380722391245	3.318417263920904	5.350580916340405	9.852457345482373	8.422001635513668	6.584774701717632	6.291851271491071	3.5831431124703785	6.137362789914487	4.45246202606953	2.992530827583835	10.350817707747465	7.572838430965521	8.361406069995164	9.388304759413883	9.71656557046205	7.308162551511378	8.126601946336026	8.709297938102816	8.748126740967052	5.872359139203023	9.82769459704772	3.9926580772721545	9.949229416381634	7.0435171707901345	7.622850757009487	7.455970447257329	8.044495412037925	8.691371502348135	3.7910104186262545	6.048875082617309	4.316150342212981	7.030860571311361	8.342867129366963	7.114935069448366	10.373355765881575	7.938995040744748	8.706363842641583	7.1541655903009564	8.330505465893447	7.125652135522418	7.073953238322324	8.603307926923426	8.193312608644924	6.8202629712455565	6.561590934452936	4.314524768028653	8.759093622588422	7.681802783957609	9.006868304383202	8.919873359514412	8.130052040746879	7.408417727370061	8.544016302843351	8.762891962519326	6.284414385338427	7.3477703915275825	9.430791751730805	5.820788824411274	9.144273847120552	10.335230390610713	9.136253596360595	7.7411344499568315	7.41428861952379	6.954697334870509	6.402066094394258	5.545240834070687	6.972457568925398	1.9914675227621839	5.383527968274586	5.7932651154929955	10.614068871052195	10.447589838216944	5.066852586745632	10.835100519328646	4.004004096836858	7.367699490480586	7.270103239796777	7.982608948329663	10.748326573380536	7.4470109991600415	8.03770298847114	7.447770486141944	6.853186785227321	7.113680050221115	7.43562480142657	4.743118991510082	4.166017134796327	6.474966323684317	5.198093942632863	7.4953573241522236	7.127733162823687	7.445475733579541	6.701255088953292	5.636741494276863	6.98253657119273	6.949731236717115	6.971656164947625	7.992253555975324
G138701_RCCBMS-00097-T_v1_RNA_OnPrem	6.360813495106905	4.155750800240229	2.9812775084749474	3.6732740453924966	0.999849907336845	4.078169765749368	4.3821022800061415	5.942442855602772	3.302631766862453	4.801502538793456	1.5772508894413766	0	3.7903620147613	2.5727085513379717	1.9996156429881577	1.5672490719577647	2.318169174500039	2.797237415833874	3.555802210269176	2.8007521734577647	4.1656582816473335	2.2911598218931806	4.238856306153991	9.809768180598082	7.5544120893037485	2.3087535800393035	-0.0	3.4457393032856323	3.456626018488291	7.477786317957508	7.595179565930028	6.6653525167406995	6.5828968696172065	6.072077144313781	6.923459347642137	6.905333880751232	6.326925925687091	4.839078876840964	5.241650291893861	4.848377287131419	3.448233906485707	5.237765082765959	7.059033731130914	3.7849234317375653	0.9999995548428504	5.309941761356911	10.620255264638875	8.034454634587323	7.063909295120899	4.372814464586809	5.01924596781955	4.068473908674001	7.366356820129761	0	5.966729820429143	5.869382888586019	4.734920430720953	3.6908672892548453	3.1612632482216645	5.888692073892211	5.304018505733406	0	1.997152005793692	5.194733058093705	5.867707977173222	5.717254061923944	4.315052023378897	2.802355688687974	6.309572008815839	5.938827381537829	2.787090092924998	6.359157446409067	5.655059045076221	2.805054859869416	0	5.572056261878464	5.198819532816928	-0.0	3.8997497359957816	-0.0	-0.0	5.765367980434363	5.941369390397152	5.9108082305524325	2.8043600051050253	4.420733567793037	11.627340604257626	7.622610621745374	2.998612569009499	5.4507328155539305	9.751538439720013	8.286110730471378	6.306603537183193	6.478973038254548	3.9056616290679025	5.96548533646976	3.800813484180669	3.163166218722591	10.389666648835705	7.5645072083646285	8.267230478828289	9.460335228575094	9.628019506247075	7.16545148819864	7.6421800905203146	8.705220936552054	8.861796130628818	5.942310578598234	9.823062914689169	4.264058211837762	9.811912661363573	7.168643198926484	7.386117335993997	7.4553760700032425	8.027509522912345	8.746805830363986	3.7859137019114435	6.000109419287385	4.689620328537231	7.185013977846971	8.424365873313091	7.039814890098372	10.422586461709813	8.033031323334283	8.726369275891626	7.37657586511644	8.358855181334096	7.183640554349069	7.133530471912424	8.6540953215318	8.375700810361218	7.004464303706973	6.9096513964562085	4.8564452832017775	8.755630475129847	7.525754641272347	8.88343707940901	8.809151095117851	7.940300557153998	7.3045828183675505	8.581521564596319	8.768872824681425	6.483436950553242	7.237944122331085	9.429834422041415	6.117164001608427	9.137162478560183	10.289586458569193	8.986734574535923	7.621777050374088	7.533716462966732	6.931510622823273	6.482926023750891	5.201808179045976	7.057868276243166	2.3021860976619224	4.894996717941353	5.413746837786567	10.615575763284253	10.494204231292176	5.023537668343874	10.81386187995058	4.08533054716143	7.468602112414568	7.2422681162878035	8.031037425956676	10.730683504202226	7.370746024809453	7.971293966518115	7.378897690404066	6.6838738516115	6.877854278410839	7.123525079324601	4.74451225282834	3.801832736539705	6.267336117080144	5.232854249113423	7.388234098846073	6.942361084221077	7.385276420040137	6.344079563509507	5.746897592124852	7.136201700374789	7.047064384004824	7.047149154528315	7.974885956476542
G138701_RCCBMS-00098-T_v1_RNA_OnPrem	6.493127998312638	4.380284958121022	2.789596853857718	3.6787700356124966	0.9994827566984323	3.793700190805251	4.800049764318468	6.0339126823857745	2.9936812344892476	4.313161459642768	0.9991643318789782	0	4.154932596169266	3.316637544297145	2.5793261602884248	0.9968689581737395	0.99962074144066	2.988128395894302	3.746118674963386	2.9923942510685926	4.079095405497967	1.5763532261274573	4.240567308286421	9.921162006311713	7.450627377005266	2.3160577643631224	-0.0	3.567750258692082	3.3170276495436926	7.540584279538298	7.654204494728785	6.401598014799912	6.642605893603315	5.985069654478901	6.85347597058922	6.704236782435389	6.308059475643412	4.628092826869543	4.953340718896688	4.573538062247982	3.1605187583974494	4.9963189511802355	6.844459084770549	3.3008655661578277	0.9997275749606638	5.2744013436631665	10.435658875936625	7.828661038745581	7.074182756575134	4.230709541050571	5.066288996897778	4.073482994966529	7.105369526603202	0	5.607604212670321	5.661049287878851	4.303407534966591	3.307727070344818	2.5769871548255154	5.628809053502887	5.030013560904678	0	1.9991433067770252	4.987235099860965	5.690121249737041	5.6064335122304945	3.8028472676623593	3.5788108577411633	5.917694129482	5.91858155732672	2.9767306395869113	5.987893879329792	5.270545102449126	3.167370471020304	0	5.27847010748873	5.1591018695505095	2.2837502648535732	3.58058004963678	2.3211962207827415	0	5.513513048562662	5.822090391855967	5.892192937924905	2.8053365210174013	4.4264542316118725	11.585172150702697	7.422285002278477	2.3212222429014364	4.947815450005333	9.66631647552848	8.099701085908492	6.39463748247796	6.096967220649686	3.3193213110294737	5.633748549411791	2.992406692192069	3.871846355632814	10.254152171538038	7.440910657053393	8.088913274383485	9.712359298196384	9.43244879566567	6.954226155686119	8.101438952840352	8.676380560935955	8.852764658404435	6.44129382822572	9.691949277705083	4.476379469522561	9.595085180308738	7.107890960976101	7.270607114756166	7.328976375663043	7.818804972036283	8.7004257753073	3.435192667784853	6.089042000494433	4.576399408370382	6.9519593111439715	8.110333784582458	6.917461105884265	10.26416710329267	7.945473504582804	8.838073360928403	7.304795110679176	8.344920985926844	7.018353975387459	7.158204019100166	8.871998764113018	8.274532966855766	6.755118346671298	6.7751371280087	4.968627250036402	8.808253907629334	7.685806023967562	9.188256112105678	8.775128699063142	7.832426101710395	7.241085541726707	8.398403326392357	8.674511825028494	6.423447938218774	7.089203434353258	9.197113363758545	6.113966543074565	8.831752833404295	10.178432521714944	8.827615243213028	7.566826438185854	7.409496019095646	6.606258249474537	6.2777818293257335	5.160981248369618	7.1753622184641195	1.9886765047757895	4.794686513056788	5.159513369804406	10.458752394227362	10.335786959489512	5.781145459072372	10.641816437025065	4.176502831395447	7.514074135852556	7.278161083262293	8.059321640371726	10.622060625437635	7.138633508327199	7.842823897857032	7.129084480043162	6.541295908293667	6.883175407037429	7.084426888532417	4.692101014460875	3.8025045176676513	6.216106811676082	5.03349889827773	7.159290641514824	6.604771231590175	7.165503468369937	6.257255182072731	5.918978118981113	7.404234366340394	7.15583623170903	7.1656859083062185	8.19680043352392
G138701_RCCBMS-00099-T_v1_RNA_OnPrem	6.445691332491902	4.23566457685614	2.7922296867508565	2.9650201537532057	0.9994320710415407	4.382285492631878	4.384237609320015	6.033195245138623	2.9822910319051634	4.638854301515625	2.3179186859026917	0	3.8923745824995493	2.796185269341681	1.9957603100661245	1.9805560071468924	2.3197608916720838	2.316016429251165	3.4261003909417784	2.5765286913365983	4.38743619597495	1.5608683030973227	4.4491361668192875	9.792765783000654	7.487209953075639	1.987366315730441	-0.0	3.4404238528968167	3.1657689845355725	7.461884382364097	7.582061196028135	6.707909242903594	6.537754762310936	6.251377568412153	6.9241808903597875	6.972955393102989	6.556323123823997	4.837918128023838	5.246151213150824	4.896875642817439	3.31368935321426	5.1666365316913225	7.003838729627052	3.7827886492066916	0.9999466348230527	5.278548980782689	10.604387665491721	8.034799573574556	7.117062176686903	4.30438697381299	4.836302261064086	3.8909028176048963	7.3662744095176	0	6.077177933941231	5.986638679222308	4.6240308270897135	3.7966184466086386	3.1610078580009837	5.890098446005224	5.305051068365292	0	2.3208736959545675	5.195604831435192	5.897287408429415	5.68852132498976	4.516770996188421	3.1659147460352	6.360395702971821	6.132415600441577	3.146697423366737	6.393709212917298	5.738306433639419	2.321426511966926	0	5.576032516663723	5.240571736163201	-0.0	3.9003062630956573	-0.0	-0.0	5.716486115958273	5.967069234496187	5.9395257153372585	2.5820048413708374	4.606448828620721	11.595324711231038	7.564464284532768	2.8065498437064793	5.545212679810837	9.759581384527849	8.294907244807172	6.47662379371204	6.379262636486286	4.244194085647205	5.967800850477301	3.99299976921491	3.165368704654246	10.420642021223093	7.69397344272708	8.369358697474576	9.446762232905614	9.668727975445941	7.332763479461654	7.733326267437367	8.836481776540952	8.945005724527686	6.0540362517355035	9.873510618709435	4.416320687240531	9.848619682310275	7.043633449118074	7.5320466740719185	7.653937893331882	8.257527059291897	8.773798575650758	3.8859560823981734	6.1067676521004834	4.450904307954897	7.315375161159218	8.52015526342256	7.1551856293062315	10.496003676249181	8.034672068156315	8.692733131913005	7.492356108642993	8.401789286053992	7.2222644986041	7.164801002624686	8.719371479096107	8.374283780288891	6.880235555447229	6.958268549880662	5.08203271867187	8.84597905378804	7.526122190651095	9.041652399463999	8.948456869401229	8.119588155068522	7.481893174332827	8.636161183961427	8.896267225676487	6.405835551207311	7.328102560819086	9.482511825478333	6.232794331453407	9.092319243005473	10.432373029113648	9.180482652380162	7.758881151490255	7.572464348453544	7.021027362763605	6.635253616159514	5.449963238550467	7.0668867385260326	2.572097529141648	4.845071730415064	5.379366464394671	10.658124809318348	10.52690269329364	5.1098087043090095	10.86237100119377	4.001957562439179	7.484104151480389	7.3515927020682135	8.053648043100708	10.793626942446252	7.47001920916168	8.058342110487025	7.454395304092501	6.88995955742776	7.0148661722508	7.36661283446328	5.032930050143405	3.578231756663297	6.475308880834168	5.27278554834566	7.445397143521099	7.075386582720024	7.484071560165934	6.477306866714484	5.79896761105436	7.126011429406661	7.056520973255726	7.046042652448806	8.007384769666736
G138701_RCCBMS-00103-T_v1_RNA_OnPrem	6.3785533989607295	4.236297018672096	2.7852912861443118	2.7768422323457727	0	4.452154088764418	4.383412370978599	5.920041273660202	2.9853945420503147	4.57675956035901	1.5815372486858734	0	3.304078831182305	3.15577352175668	1.5832226189489755	0.9820773425869659	0.996354267861866	3.15326022076498	3.5570938349961723	2.9928054201625987	4.316690202535415	1.9664482307608455	4.452664338360072	9.697678293269346	7.5683216676227065	1.9900199090942734	-0.0	3.983399595800088	3.318231262940243	7.438288653829785	7.558361715655292	6.533810711811571	6.663624906084115	6.00716783443752	7.010231290161789	6.869019825629172	6.272367236064454	4.789530144171052	5.1282982719396815	4.744502833421149	3.448818648535776	5.199855969357426	6.937666844025406	3.883998566601056	-0.0	5.126651602202373	10.534412152083698	7.829886020166833	6.930989203028247	3.7905448717586063	5.2267035590064665	3.982713221460428	7.1639689548948855	0	6.032942857356739	5.82081019326011	4.622798109498255	3.4495780547707326	3.3114644833509908	5.889559566837707	5.232115804512026	0	1.5810992984748387	5.272335852028497	5.718345306982136	5.602036715863465	4.1631067411314	2.989102031979667	6.177564626960759	5.914196730645234	2.785087700868639	6.215053970290422	5.682249606926359	2.8049831156244047	0	5.416674535016917	5.081312198414997	0.9991176753972385	3.898762136838459	-0.0	0.99999778630395	5.631012109723122	5.871798701336365	5.81573227579808	2.9970157717613564	4.212904928427598	11.582637331309256	7.4867992111434365	2.8064457010275583	5.202173551251685	9.735788992242249	8.191031242785709	6.271257698675336	6.29302770764933	3.6922067933458753	5.9195025673493	3.578592898477284	3.164568949518075	10.308840077774168	7.558516132844725	8.242800291297868	9.186992775160496	9.486288015438266	7.186403819400725	7.633666082972775	8.712838301944098	8.757913668420056	5.82099518909226	9.716998486012054	3.9006446488087585	9.749484872149482	7.242141637951564	7.252211832208453	7.559185300567868	7.897468644928108	8.6913536715401	3.7854885393361286	6.024129909943497	4.993152722975288	7.213730790462343	8.335551016021482	6.907129410095173	10.40467610511933	7.917399072072545	8.672993051825555	7.123635816856192	8.418733979203617	7.061774977863088	7.123010569721236	8.596280468998136	8.255155340078138	6.794346281058614	6.732682561670775	4.315692649229708	8.536508195524831	7.455727755774067	8.81529474703079	8.751840768772148	7.928982017297092	7.258077327928159	8.412623687754257	8.7201069658169	6.387829699366136	7.14897928737501	9.319854679252987	5.7690421957266	8.846076712062393	10.255535799844044	9.090172703821176	7.578579250770918	7.302373704732833	6.717914885379377	6.331784393162187	5.447457922669038	7.05882178184541	2.983538474839904	4.631185284315301	5.541988108025202	10.557194351238794	10.428292345649073	5.026979290269031	10.748164573896352	4.006855607576719	7.386136513828255	7.126494525001218	7.971398789971678	10.694276861689454	7.36187295032029	7.950143818397234	7.310349281114394	6.739780238607659	6.805604215409638	7.195142957671485	4.744464742775408	4.245222086896969	6.288771946328342	5.0350071138319645	7.255309381667234	6.9420298710962225	7.194817548397764	6.216987052708676	5.796695313421593	7.04733388996042	7.0371709900025525	7.036964021495061	7.964918001004589
G138701_RCCBMS-00110-T_v1_RNA_OnPrem	6.445086108265026	4.23588926605249	2.981520687780177	2.9663199294588485	1.5817519607460317	4.159546139682378	4.452026587026374	6.051265650483628	3.4339385430175966	4.940212690662144	1.5813650219471138	0	3.301194427526754	3.306029536872319	1.9979461762763098	1.5712439074264792	2.3166500634554055	2.5751606047141733	3.6749524914573453	2.990523414978085	4.241919274647628	2.787132445764133	4.079146126476875	9.722961189541577	7.578077217889737	2.572483030851799	-0.0	2.9806072219626554	3.453894590637602	7.569805309027453	7.631849472197851	6.680895738162358	6.824357139194724	6.360687512078533	7.146458559340739	7.007204483219573	6.395871280314216	4.889143612820243	5.452269976361367	5.226881425618984	3.575199405214771	5.542854745653499	6.985716930908332	3.2999464263685505	0.9999765059610841	5.481394135652861	10.581574339414303	8.093745263475023	6.989579291699024	4.371894387731587	5.186943451588874	3.685028688163954	7.223941053681407	0	6.0118928937702	6.031982047783135	4.680136908857003	3.688937704613706	2.9889671310341455	5.912813150711166	5.233527247119871	0	1.5846536616612852	5.713753939200571	6.173717799780342	6.026528278855008	4.387449945787039	2.58162772965568	6.3104479737196595	6.174612046836591	3.4414781522665896	6.196641081094896	5.682013506792353	2.802468343210413	-0.0	5.793627049475069	5.477622060499883	0.9994103749749386	3.6954438458997476	0.9995363127181369	0.9994599847540055	5.8439153297018445	6.074713290631271	5.9159972696538965	2.804852817565961	4.283802597390399	11.599621120551802	7.771254401662086	2.8036729161060445	5.119251247612087	9.916573846617279	8.415251347937199	6.393945169257975	6.672658553712019	3.167426133986451	5.745054577408209	3.8033847206741958	2.9944913154746127	10.319592249386629	7.479003976283721	8.401273047730019	9.41957226026727	9.555555494619982	7.127992143766283	7.593630792392181	8.748252197429327	8.89515949782259	6.054410178042268	9.724309113290959	4.080122496095395	9.78926857965828	7.176606197139928	7.22414909982218	7.320805148652617	8.00688657922048	8.75187579740662	3.890401035426042	6.151705644613989	4.687730660685213	7.030592682404219	8.428146221600963	7.008697232884804	10.452009286276477	8.250466401289653	8.80219387234074	7.350911518694575	8.419871698447544	7.12431169365179	7.716729277915639	8.758063872332375	8.207040911713227	6.983264001828753	6.704711641198059	4.744903109028995	8.660864921847796	7.792640201489613	8.82144087019699	8.790648552405818	7.886851939553758	7.304009957710886	8.532962929639185	8.832893122113743	6.503475073789931	7.237076011956151	9.327049366356851	6.07426088161345	8.781780604265085	10.268505466387472	8.941218188276405	7.616815603501866	7.3368501633877035	6.9898582128648235	6.605152945844169	5.347173980169382	7.036420830683544	2.306185759357997	4.629144928253629	5.3797194334989085	10.60870015018448	10.47365992665362	5.109971984032354	10.805034684697906	4.320103329201361	7.355470000394197	7.280825323060838	8.086146586092699	10.820907218291639	7.299670833268875	7.9318545542827605	7.2921887416452895	6.670616686717583	6.830117304858214	7.250792247860981	4.990299509837082	4.082582263064786	6.232521503423597	5.413503211253058	7.371272812065453	6.871057584710943	7.3937399728737265	6.309764656272786	5.748210452036992	7.158423546456343	7.0153101622332485	7.004656166253872	8.074204517496195
G138701_RCCBMS-00111-T_v1_RNA_OnPrem	6.749360457883111	3.98685320757679	3.6356627716480574	3.6729700499111213	-0.0	3.69002832452386	5.0527733575892055	7.084376206428907	5.139783764417502	4.508650642000714	2.3023836900679386	1.5709999352178547	3.5758447874067247	3.97989391398316	0.9965200120648394	0.9808468956430609	2.985482867747359	2.9830676969451027	3.437467223544421	3.575209876695379	3.6775905177545796	1.5227050105562276	4.683355979848457	9.786105752022651	7.531410565962868	1.576820969149468	1.5846624690136428	2.5829537447564963	2.5827486468725036	7.715429137214816	7.544434998764532	6.270679202828812	6.307799777113441	5.511634625709814	6.583684333153635	6.64351725191866	6.3754864724934315	4.07561438206392	4.6713500496304174	4.573279133254427	2.8019573267459825	4.611584227264984	6.444658977510097	4.1092830167587255	0	4.917539419791768	10.512358624277017	7.9694503631926725	7.434840075507438	4.308028867559095	4.684692295356195	4.301250580320924	7.166811807607835	-0.0	6.17312954982042	5.84956013323062	3.688180035757956	3.4512515035523643	2.9837245781270076	5.571649058039039	4.894620061067611	0	2.796180058364463	5.538593545484306	5.398620467560418	5.774129931650124	3.9055870231230143	2.804866874569951	6.313440404130409	6.129308651290897	3.4466855541153945	6.032067321384181	5.272034015998291	1.9971993055765684	1.5679810227746729	4.917799610004497	4.9261294131348325	0	3.314285618304432	0.9999997913286836	-0.0	5.13843903795623	5.429304605436318	5.394551232584529	2.786630428343224	3.7847561125261495	11.68463826964413	7.573276228292861	4.0567184803019565	5.907570417063461	9.822114805730758	8.36425202019193	6.407808053738444	5.871654825529542	4.164943101567501	6.72610743277465	4.655225787746568	3.9957784286971934	10.079917117411114	7.37967668638884	8.088858502899123	8.915716635090787	9.40722634797978	6.810699595015713	7.51933810048833	8.96013930611794	9.104189091353271	5.891844800723646	9.752899657461768	3.693569753034831	9.728867288506185	6.730009267836276	7.239041076204297	6.926278736049042	7.881801563560172	8.496974210877985	4.070921496832037	6.213616227686153	3.694003432685579	6.886512818563103	8.247020052910086	7.080593532891346	10.115190273051446	7.7170647161214	8.333784040627346	6.8657692126297425	8.185563364639751	7.127537695001962	6.8398631610637	8.554464243687692	8.083546719881348	6.799401402089705	6.347081820671722	4.882915132256056	8.195548201990322	7.125305592492418	8.683489744113599	8.555991548453772	7.575365357526337	7.372918092752969	8.582561398895757	8.655926771200852	6.3996156487159706	7.0884169333571165	9.364740847895536	6.134562322999941	8.618441010954262	10.114037648313278	8.878655635707469	7.670547005597073	7.720192399261798	6.3132472247863625	6.220932033207423	4.631100755512709	6.935066583646039	1.99221412587792	4.081899577807595	5.4805146139979115	10.487348028553283	10.275394220661672	5.740029114207545	10.709917793195565	4.468596179394746	7.747660890970313	7.520895685467608	7.784522170957464	10.41286885977315	7.056159112187131	7.924944334976062	7.118517186292846	6.432902749280028	6.717626080592669	7.010423768256223	4.38323000188496	2.5821865018808356	5.9208657554695	5.079700447371225	7.190943076132104	6.703082200745019	6.6146286691221645	6.120808765615558	5.700819023632945	6.9579710581296395	6.923876066392932	6.923642681528943	7.875707126121225
G138701_RCCBMS-00113-T_v1_RNA_OnPrem	6.479051549693226	4.378585373440247	2.783716271975376	3.28774941867279	0.9985819801008413	3.9900848863699743	4.634590442970668	5.820425618759093	3.1475845686098562	4.799985851873294	1.5757464061884974	0	3.568406147030429	2.571203314709526	2.3165261366731067	1.9830344995047176	0.9925497050285053	2.578903299143161	3.4349284089455057	2.798030259186536	4.243504511577547	1.966947375184006	4.897133309252907	9.909304198089574	7.569797796912998	1.991188243495055	-0.0	3.9874897971448227	3.5792155396784815	7.554418151708376	7.826137927706327	6.637832751700825	6.6416015708685405	6.232789760191626	6.958580043486187	6.903112320994314	6.428280038393085	4.787731356048155	5.312837908012003	4.845940828177391	3.8011869302066743	5.2722546223899895	7.0164327140074265	3.7864049002849107	-0.0	5.377455592578696	10.613935472553047	7.973294306627295	7.086473744624078	4.373960111040694	5.103671030672855	4.149228578954408	7.269711102085976	0	5.919509149856421	5.96452484791189	4.735372059601298	3.990953468768053	3.161537866435903	5.958602759545727	5.232789622969833	0	1.5828798761455545	5.4466779994096575	6.070195367309686	5.848812950818602	4.6373582839281005	2.579278552019665	6.326382285090914	5.983809254125579	2.980628176300921	6.233691130857649	5.567334764572564	2.5814450634990314	-0.0	5.655817681790059	5.307563274788202	-0.0	3.7998843280996955	0.9996293016989245	0.9994169036389275	5.814435660598468	6.005414377389506	5.86390303689973	2.581742339842108	4.353134659662848	11.594728800985067	7.64411177911389	2.806411543129326	5.450540745128857	9.806312291586693	8.364830533733265	6.460162564588547	6.4958015543875325	3.582145162078859	5.944038169826357	3.901682537481836	3.163014971475068	10.421357557056952	7.557418438807772	8.290167903084537	9.437958624809443	9.658605239276868	7.223951750830632	7.811753842003972	8.823266274106176	8.8923835442658	5.918767690410491	9.80526595020993	4.1642045174044435	9.842478951632023	7.167938884829329	7.251905970410726	7.504224553715304	7.943577773319691	8.776995437316183	3.6792293832849152	6.166542013396427	4.574836318273205	7.0932625334533395	8.38207927041574	7.0516609736052684	10.406567046458969	8.014644024746104	8.73519302217984	7.269594659727999	8.402422832472318	7.164040319606953	7.278069521144734	8.68975676592303	8.374383347533765	6.996698431858267	6.744834113434309	4.160915689637861	8.725580963310739	7.637192341382958	8.949147083728132	8.843383139768946	8.00165416512937	7.356288012243764	8.557933387297638	8.816954354290992	6.574368631454199	7.247036909326426	9.36913975459834	6.0949778775364525	9.485656848756244	10.287532450883583	9.033616354098097	7.686311925614062	7.455294576291042	6.896904970990416	6.484082958686303	5.348042793094554	7.108101842910443	2.302562612626449	4.943270451890351	5.478431093527375	10.622610235664359	10.512756408809668	5.150681468076824	10.836629783365135	4.443223675508046	7.544633384144542	7.383966650972421	8.174363708258051	10.733033349882742	7.421569530868225	8.04830262581801	7.43001103143707	6.711672335089957	6.854227656749859	7.250961474814319	4.74283005171266	4.0823197958728175	6.1933984566363955	5.0760683183110205	7.414266870595111	6.884290779945571	7.251294917727176	6.344566163440091	5.846965378797542	7.136749972160346	7.087934339985726	7.06708105061666	8.066197558347788
G138701_RCCBMS-00116-T_v1_RNA_OnPrem	6.396330506921666	4.2359313274198085	2.7891461017193557	2.9611545903043943	0.9997462173350402	4.634480964741111	4.314088208237825	6.075740713209766	3.300658544308549	4.575195062901708	1.578003694962161	0	3.6787344220071967	3.156127871326823	1.9975770756729552	1.5728696222489649	2.319479636552403	2.9854093744778054	3.431929119386043	2.796902962416444	4.082330251267486	1.5508440031216897	4.164635241421469	9.822232849907879	7.708044978270621	1.989754480275084	1.5827494074167991	3.5699719394715466	3.9008256289786116	7.478028243342742	7.580168158501042	6.593020313515902	6.84098083102329	6.325745455901475	6.875118523166018	7.3334301890648685	6.959918202791309	4.937261311481652	5.351363577002219	4.847473994790107	3.314180796696574	5.480593678568915	7.502768428999754	3.5614218187828404	-0.0	5.383312772795544	10.76360541880563	7.973730711620211	6.977373194313203	4.682058811501379	5.019187443082491	3.679556587400006	7.64516742501422	0	6.289944316383858	6.253685635478156	4.6248649805323945	4.07410685762162	3.1620780718813646	6.337895263143904	5.7110984262524	0	1.5841964410886076	5.272592179845751	5.868795969620575	5.634253227379415	4.452032821531927	2.994006484714639	6.309744529729817	6.507799654523731	3.6794794117131273	6.652115087036105	6.306061551070259	2.5808488598400166	0.9996885651087011	5.891686163400826	5.413198760065222	0.9996140918738923	4.448523776882507	0.9940489868550665	0.9999990879889746	5.937413309014392	6.0949246444710266	5.890670928018815	3.16265955933287	4.354521685716529	11.585454630865511	7.556418254048258	3.3203157965695054	5.1611818766765465	9.674728355127336	8.277050724479473	6.360887891750448	7.009154504162593	3.457685904971047	5.744963421753705	3.578868895220956	3.1647822432557695	10.303532144651347	7.455612421978034	8.347557595031219	9.24108197005276	9.546224019545166	7.290965261725934	7.62374505102445	8.68451544699691	8.818347679242788	5.743648515578565	9.739614076615378	4.0815085190901925	9.779120379815438	7.4941092772587865	7.271126272625135	7.43047513539273	7.909058030304382	8.70265208273596	3.8809857714164027	6.130156737897246	4.745061016940325	7.061732565518207	8.423814985959305	7.0066188329807435	10.379814668767713	8.121880488613806	8.776392467013617	7.260534888017599	8.461063605275204	6.939350755288268	7.268923293578792	8.621895481157328	8.309388964814318	6.831589448892237	6.704879908306136	4.239593536905056	8.543836943889449	7.504159625313392	8.809162769639318	8.825066840999758	7.9341034392677345	7.250298035573859	8.425377423404152	8.782666031237145	6.499465344212696	7.255820490339628	9.299455546380985	6.176152585755738	8.858728400693883	10.189477227397251	8.987330767277138	7.571172976035521	7.327498356904598	6.860281721752549	6.692004318394689	5.349987854839492	7.027427914243499	3.4480264996722236	4.6916044976613955	5.380417474339635	10.74772943850192	10.654732823567189	5.224471131456561	10.943597578091975	3.8156334239924465	7.393621387149996	7.243621464598121	7.930616244834885	10.650959776775524	7.300690883672484	7.971716868349352	7.254705652368506	6.685592899953689	6.792698011142923	7.166064910071372	4.69316791698316	3.9935107778047128	6.13461345853896	5.07679943723982	7.327226749579664	6.920303945772769	7.204388905273307	6.216968863865029	5.871093287058401	7.089456000201071	7.0273439631020995	7.016629510857062	8.025707804024323
G138701_RCCBMS-00125-T_v1_RNA_OnPrem	6.3949362543167	4.309138954888293	2.564781419598754	2.965270676601879	0.9962898533748634	4.312851801334686	4.311870625643925	5.845645249647063	2.792611605244524	4.517968845789274	1.5845156168070633	0	3.685766237807564	3.572379303941751	2.5811660347779135	2.308410562275046	1.5841484355005029	3.16212072920883	3.4332407355216987	2.5769204980084366	3.9967380242328834	1.984109978151014	3.992626130431368	9.899966589782172	7.509237708602766	2.3047880135973764	1.9911028161523938	3.1515719331016987	3.3174421880960727	7.422424064415878	7.703255510576023	6.637346719481967	6.792505948886292	6.569912500996077	7.039176710334759	6.9522093650967065	6.492847969619641	4.8385587797150365	5.283078577547182	4.631918104002808	3.5723080838060124	5.165754581012833	6.854234969547078	3.5632324796473105	0.9999839833310177	5.315850445562049	10.59512857985339	7.977450342396238	6.98787953035486	4.069739805850761	4.976052891054058	3.5687145556840454	7.174331504201844	0	5.796566339161922	5.7949959450766855	4.56441238934556	3.3092893790017066	2.7980072665151092	5.812261435350174	5.1125876471337826	0	1.5844264404019088	5.195025982580751	5.798532071881995	5.74423700564471	4.243512598564865	2.8028640961464473	6.289699353308655	6.007510609497131	2.9867272740579187	6.194776718454511	5.626238033252576	2.582843427215683	0	5.574153330614976	5.164476952333927	-0.0	3.689642748270997	-0.0	0	5.768331139811257	6.01009995490771	5.8675560541179275	2.3189109178798053	4.3535564596633005	11.583122697023025	7.453925087792836	2.8065677376023617	5.481630686449002	9.636564342249716	8.240449031839958	6.377556764409509	6.376876605184084	3.5832780122129795	5.7192542033134055	4.082611212607463	3.990588752302509	10.405825533970928	7.7397391710595	8.230579455799068	9.476264157812112	9.56323568080188	7.115082757294229	8.094825885176775	8.591050727460164	8.748037076594887	5.795466436766125	9.683097146192809	3.6940382799920806	9.639586618517832	7.032628458189435	7.135946449393177	7.440097523276951	7.8805743693345836	8.768015834959169	4.221089903635488	6.1861189244287775	4.798736872599083	7.094211749287299	8.452538430807145	7.041228399420038	10.5303801008948	8.221331408621756	8.759571014697523	7.250847056811867	8.317398294301821	7.062014278744532	7.153714676740501	8.752238079961646	8.46493966488036	6.866402062088088	6.784393850844453	4.316409985038844	8.700652169129429	7.831625934397975	8.870467564431955	8.899181546543879	8.078440950524381	7.31396067563634	8.501341081755887	8.709321313477995	6.451912728334029	7.078847760223221	9.283669101698667	6.096152368544891	9.083968599078682	10.304922283339899	8.953304139870555	7.564033796501714	7.274121339548434	6.8967928138716585	6.546955354313392	4.9926505684836195	7.100677920770609	2.3065902104903597	4.379499574870769	5.117097581869242	10.547226018513635	10.481855719338084	5.109368874703611	10.78097183078736	3.7173121263090922	7.367780397197254	7.297923134890829	8.19105468389513	10.75263986095243	7.244493133585268	8.026764482120413	7.187982583870559	6.699251712513996	6.79301203034906	7.272193973161315	4.745706108520251	4.081378506387294	6.306970934210138	4.939987598923311	7.328627823182946	6.99958356251641	7.413391320294222	6.216697525932706	5.845936184494181	7.110764194918493	7.110656776665225	7.080265438147526	7.976497137838291
G138701_RCCBMS-00136-T_v1_RNA_OnPrem	6.310960035869398	4.5127202815816085	2.5599918736955574	3.7856899620454785	0.9980720656113273	4.309599293337897	4.160198219844456	5.713556904794019	2.982074769402874	4.800729016871371	2.3111168285693267	0	3.9859490188217945	2.572552147679871	2.306565462871258	2.310882952462891	0.9999888734927962	2.3116393801501056	3.4300821596695976	2.79962839604008	4.163625619600544	1.5577727441523768	4.991523078443073	9.981180763031194	7.472327211366416	2.5745112691980196	-0.0	3.988584100824994	3.3163078895759464	7.563149022322336	7.582285077463207	6.624258855406372	6.723558769430613	6.11186857447606	6.969086514226077	6.954442911027554	6.378480116859605	4.980900090803759	5.165564391173065	5.119467268026536	3.451464551578694	5.083560362760872	6.815014450409199	3.9777508099224175	0.9998683613799783	5.415294710068571	10.555096106375082	7.9448285193183885	6.999191171156995	4.071144104063135	4.97471133221441	3.9819501377887487	7.124252739022861	-0.0	5.989977736735318	5.66003682952493	4.440104371762872	3.9892075364377857	2.990110857124114	5.736679608507619	4.984963874954154	0	0.9999975460649801	5.377672827886223	5.869517550456227	5.544505984258072	4.38620939937028	2.9924959251860983	6.214567904104612	5.91596067637677	2.7921347041593574	6.075034495962514	5.5072055637537405	2.5839955418792826	0	5.513156727341849	5.0794699625607596	-0.0	3.16478213610263	1.931646010747651	-0.0	6.193616202425732	6.029723215545148	5.710872509036054	3.568667379950438	4.217195723094155	11.569984124940786	7.518222630831521	2.80659133030353	5.418601846416513	9.650948351837755	8.356634993191019	6.326319430056921	6.509768615604415	3.583496241916165	5.69048715034932	3.3161634792253873	3.164300446829032	10.320764306943278	7.564940063701316	8.45609521927119	9.666136208637331	9.551450320924413	7.224207455358249	8.345651011873791	8.67367211689415	8.8729125059441	5.920921470929255	9.687547843325612	3.9016322579536284	9.692369950808578	7.128790495145732	7.2143996955428475	7.606162634938595	8.138671067910028	8.949894659464501	3.425100719579699	6.265501318543336	4.452884882445097	7.185417948675016	8.466562295164549	7.13453092680842	10.490932656863281	8.15681061515447	8.700296943546105	7.3241663520748865	8.436303492601409	7.073738721180838	7.2618095893030965	8.815521339178876	8.167321806893268	6.806547978772329	6.481832596771283	3.992649132077899	8.877761884510038	7.503099827416469	8.954483352071083	8.749329630692605	7.91171650391632	7.276697141106362	8.498330688529222	8.814467530684134	6.499314543924003	7.518900207511157	9.345200410538936	5.894519128932437	8.979845240177172	10.239058693673801	8.975119095812525	7.571242837132059	7.355385119431956	6.9565869450034326	6.6222772781824135	5.278644362064216	7.006222184695753	2.308591134756809	4.847041410172002	5.601404215791441	10.627506310110157	10.4669716785013	5.637739285800037	10.799601973730367	4.17238343424764	7.588541917726603	7.439901836048192	7.953786081775543	10.687366613985622	7.327928537483311	8.037464299456902	7.36359358457377	6.672574013287716	6.856701773539958	7.186198750352474	4.690241585044939	3.993296766513396	6.324120995545893	5.198122133795897	7.328968343704927	6.87260086696721	7.342784824986601	6.430858590577669	5.7975599381742455	7.026866934166557	6.9952398607221	6.995444874799747	7.99771756794787
G138701_RCCBMS-00137-T_v1_RNA_OnPrem	6.396327755647862	4.382429554038338	2.7857452739079434	3.135944667527035	0.9971092167851725	4.161294764932755	4.450901484134461	5.895639855939718	3.3005670390563995	4.632073608245213	2.3058789499162633	0	3.686462547598579	2.792607042729843	1.9930245205789345	0.9864728924192006	0.9996564626308687	3.1545379812248604	3.432755718745068	2.5766389352831656	4.162338063309682	1.970535091078496	4.38541768336452	9.879365904284645	7.533572881951263	2.3114029022413995	-0.0	4.886388713418229	3.3154428839243395	7.607003642075506	7.551769562402569	6.69360425965289	6.656797300278758	5.9856360971456954	6.924821220703083	6.974730712144839	6.626621751578078	4.791815239960477	5.130496992858818	4.7951258316578675	3.572726958088088	5.125812311027846	6.949668107725233	3.9763505117246862	1.9962576729830332	5.167345200615701	10.558560252715703	7.873646692820524	7.043087605470995	4.299872284366003	5.062910568963672	3.983804064077347	7.231712686384293	0	5.968846706541727	6.040648836448833	4.679380296847695	4.075702647960036	2.796216165731095	5.8890774528778165	5.0288343980855315	0	1.999812624587592	5.412557329968641	5.847276962876224	5.663319289585916	4.242578426649479	2.8038870910672498	6.21672216542849	6.108943412563996	2.78643257130642	6.2527467351222	5.441596520052894	2.5830136355817848	0	5.687601563640546	5.041457463971454	-0.0	3.5783256731262596	1.5830532223521945	-0.0	5.768172591334552	5.966349865814745	5.6887294481977	3.1635230303217616	4.355603265446269	11.584629658908648	7.564538103789781	2.9989363070232806	5.2381247124930495	9.744486075033533	8.387410652991313	6.428406988606002	6.44787902651652	3.582291977089259	5.896737609750512	3.694490231705317	3.1659984945390485	10.367388235997417	7.51154418483877	8.417049604574485	9.63813129111315	9.685698905473185	7.206935979365926	8.249195044832211	8.711630513614454	8.793526858878677	5.769771036147965	9.711704621918392	3.9011090151411123	9.754593339169036	7.126999226285234	7.25232924927649	7.518318326391131	8.050563235540011	8.757975932031473	4.065631980994694	6.149185820478017	4.312011121630297	7.165190047412055	8.394722341319154	7.028936248296278	10.405238960315975	8.068317543455654	8.732966819784359	7.278338116319497	8.62620868822705	7.278756352491094	7.124551829532869	8.692121085423384	8.192366656979333	6.915467821918532	6.803297195310561	4.311985164625322	8.8153997095388	7.861420449358199	8.834653262559828	8.827887751257725	7.934624652904645	7.514943189856261	8.571123555064817	8.894475310283427	6.5142706581648735	7.372579064579305	9.342692028471268	6.343263234499027	9.418293257758657	10.387019238000965	9.002812912627347	7.712678647178066	7.430616729062099	6.998734734377383	6.575763080076513	5.276245880029434	7.038656567365117	1.9911912267754976	4.894638255169295	5.481528931149911	10.590696995905343	10.475162000229567	5.110960367455399	10.798243701249932	4.170937218657974	7.507835222227863	7.270595432106094	8.025780072998481	10.676041476445965	7.38789000646958	8.095676636657865	7.336825061432863	6.656656634688122	6.9030726946284835	7.298287051987448	4.512587615203972	3.5746534537118313	6.28800671990295	5.075201522407818	7.353721152261784	6.882113321350043	7.261341559593939	6.309036508076364	6.016039232223247	7.119751334923603	7.038385093824525	7.0278754636654215	8.047880377623345
G138701_RCCBMS-00141-T_v1_RNA_OnPrem	6.3949517685230655	4.3073893884061185	2.789488118631365	3.428575131798513	1.9986962141985454	4.515003263295848	4.514787772293532	6.357082210327392	3.773858198347783	5.66384394556387	3.2776544413313937	3.1242343171456928	4.238214752224865	2.5722150151951975	2.8055192786530525	1.9856318921458707	-0.0	2.5757986395157673	3.2964859277328333	2.9890970325644695	4.3874013388992195	0.9724146443903696	4.689241810758988	9.885174034881988	7.517247306708052	1.5730966019338382	-0.0	3.6883502356473974	2.8025012126358986	7.5413228607260745	7.660459532713808	6.57921569477854	6.568610537614125	6.092729714563601	6.814100003352059	7.209009881127822	6.379095155995948	5.301978593927814	5.509122176067428	5.030578862023202	4.073701928305922	5.444572828196816	6.878001206333803	3.2999109435351426	0.9998428650948201	5.7098255626521155	10.59649930290793	8.117113302752152	7.216422251359135	4.070111128688092	4.888454604128871	3.8824394805827307	7.213168545360261	0	5.894957124194038	5.919866999062652	4.372580133214106	3.691825337062116	2.993083419516052	5.838337071158596	5.113156982096472	0	2.583332827747703	5.687838467290932	6.35621247023206	6.010172376548957	4.453975868009281	3.161721419541103	6.254714243185652	5.889785893572069	2.8003979658432043	6.231697100349241	5.373704902354432	2.321282767553694	-0.0	5.981232610004598	5.710213504247837	-0.0	3.450026899922388	1.578536483612048	2.315459176699224	6.087158614622671	6.111483745440181	6.0219464698702145	2.982726668641126	4.925852411035889	11.567005624377531	7.478361957134426	2.9987371014939943	5.38077688173015	9.764410478331808	8.616229416891628	6.4924247367602925	6.3061774070788	3.695574826120462	5.920181573581192	3.9046508156865403	2.7989437084295576	10.417058799102342	7.488566584793283	8.196379438774573	9.279826284762908	9.488237500274597	7.215052545348564	7.912915061572912	8.823686753344544	8.764073237934014	6.138587479288901	9.784357148558424	3.90112773050837	9.798763268790081	7.146412952287005	7.280311547133868	7.407153159545622	8.024143807467055	8.683533594258538	3.975852632468622	6.065193897353178	4.515467278639116	7.05224404613897	8.312348708956467	7.1734398114211055	10.378625089560007	7.9279909228257415	8.682379601936422	7.279014804646839	8.352734321311384	7.145405582110269	7.194671457385872	8.63971322428403	8.184602765261886	6.857174068212678	6.482445115904711	3.9001531560095026	8.524699063952704	7.423122338541986	8.716474191788285	8.82604871754234	7.929491706337497	7.527189264395901	8.518272598573194	8.704199699574959	6.451874774577922	7.131494255030117	9.308892006378512	6.433739616986862	8.77964659515464	10.250266255558774	9.033566849740467	7.888377231816606	7.3890167367533275	6.7453310657585765	6.383457672553458	5.6003267324793145	7.026575605288656	2.293815836832832	4.744186179419887	5.5110956431405205	10.593049858376913	10.496547465568403	5.108544358956673	10.854101506424756	4.3977362968104154	7.67560873404383	7.382296493594545	7.896434916466757	10.700498288348529	7.406613076123102	7.938680447160558	7.363081551338493	6.6002342440160495	6.86899588232056	7.281157514646729	4.6315075482470665	3.803294300788464	6.308348760404636	5.16080190644576	7.496430709294922	6.847438264991622	7.252600882688215	6.345360925102024	5.82254810556172	7.015355461687474	7.004946523961264	7.004946523961264	8.002298499689783
G138701_RCCBMS-00154-T_v1_RNA_OnPrem	6.461423551554089	4.239780139805587	2.78867747131576	3.1368507728721085	0.9994019104111331	4.07813246431544	4.07684066794082	6.11598630281873	3.442605607089625	4.9436968236404955	2.3023427441244118	0.9916343062617423	3.5705650287981814	2.7958996817226645	1.9958257396738834	1.574761466864947	1.5806471611993684	2.983646137665175	3.431252850667443	2.7951385165960967	3.994748105575633	1.9703295168189079	3.8981261737516353	9.763017771704707	7.770535816447128	1.9897102956784323	-0.0	3.687722616109086	3.803179245786149	7.554817546754341	7.537882577223838	6.694136033787223	6.655004560790633	6.307445519919356	7.068993875058079	7.150994361678638	6.652870337793176	5.220050970729835	5.090812412845028	4.93798505115013	3.3122711169327785	5.083879930087383	7.090959615239132	3.297355226273238	0.9997941544854609	5.127038128917089	10.678534635616591	8.05918132096086	6.954550865687741	4.507263394003369	4.931106999727435	3.9814458160490025	7.443537761881873	0	6.032872493904372	6.155874033597262	4.626155449424666	3.7972794092538176	3.3067951257280566	6.026836960721892	5.305849681610936	0	1.997679547987527	5.68699467910697	5.8701341812761125	5.944212794328589	4.317259354748797	2.803799322622063	6.236430442347395	6.4091553970036745	3.5643290713046594	6.361229313806244	5.59930688602124	2.5815748609517057	0	5.513481987378156	5.162824882703955	-0.0	3.89749889814093	1.5842900560878794	-0.0	5.713812590972163	5.985811266242335	5.68880913162576	2.8039894646561683	4.287237800633174	11.626177580236835	7.50259687142815	2.998870597058614	5.076366999639348	9.833902008590563	8.416814830543554	6.53854597259965	6.43173256802006	3.4581261226619486	5.689321925531191	3.452204792222462	2.8026006175713527	10.422860454863628	7.518793320831406	8.53347826439537	9.349264555330725	9.561139622810197	7.021387228450132	8.016593382122137	8.770822763499165	8.919168417794495	5.821965400999913	9.720229855424838	3.6955751024802215	9.69374172705933	7.208066846338672	7.232457673907191	7.488097360830485	8.088489137747818	8.852639162103234	3.974030724153444	5.934604896447728	4.850024124745817	7.145400411487896	8.294205233103089	7.051892990026172	10.379921870272256	7.962754963707083	8.641458234429264	7.350194083354265	8.393496214710526	7.19559055359248	7.041090739496712	8.614879885044997	8.19738010748321	6.868103443431729	6.64910599354492	3.9910439881531907	8.618299102259494	7.463639515054832	8.828226411646822	8.844695435910248	7.952314498645656	7.296612847569221	8.404919879827876	8.722880526897693	6.423348348464494	7.381563019831203	9.379853840185367	6.360940230411008	9.729131477670139	10.233475410585722	9.099146006796618	7.733715451992111	7.37202427451314	6.932011003323429	6.606889139207203	5.161347626948932	6.981799971489819	2.3070131241506857	4.74500942080429	5.343168310187996	10.743820045848228	10.586353894334273	5.224393699780632	10.92961614148991	4.0102813575660194	7.611528566882362	7.4096055158423955	7.954200599513444	10.745355835778831	7.387756998311486	8.021198994522923	7.40528793758487	6.752729471934575	6.916340234607064	7.3342432096124766	4.844624964717386	3.903593788012379	6.445279164597813	5.448456568897739	7.455376147295566	6.883542595740397	7.308028289945437	6.3283846902145875	5.74760403133479	6.981213788367314	6.970572426525182	6.970261216769678	7.9310615538378055
G138701_RCCBMS-00163-T_v1_RNA_OnPrem	6.712251459871283	3.4496855618108153	1.5654251472915872	1.9618294238792302	1.5831573999773054	4.569102360685075	3.6915585047088904	6.869750008152726	4.884801719313282	4.982186784230911	2.776046492880306	0.9993375864596508	4.294715431670663	2.802313331038791	0.9985877150255338	0.988077161093647	-0.0	3.629776014001866	3.564453881281294	2.3174936979324094	4.4385957815720865	0.9785665482795407	4.02700302445876	9.344353443905682	7.272193629688359	0.999830144413879	-0.0	2.7929898053715765	3.1673712587399194	7.233589317339785	7.0980142720209125	6.235651277572259	6.096899054535357	5.717666295353484	6.379268148746647	6.683818845003091	6.194697793599586	4.508965911273314	4.672459201337462	4.637106624870489	4.411426687888474	4.779461909813229	6.632182034156239	3.5657052937463503	-0.0	5.258764101403953	10.267283150923491	8.11791883271565	7.5779946098588145	4.940628075196118	5.070985860995129	3.9844308836001248	6.976935052236201	0	5.2011772499817	5.573827166306932	5.2530263548979494	4.670823786357611	2.57829628719045	5.853516275538937	4.891294659255115	-0.0	4.2894412639178325	4.984298749931889	5.7992371986833975	5.743485623854632	3.457328983788795	2.3047556001613017	5.687397448203764	5.796945979203031	3.1538606724948917	5.744201762248712	5.412458532947094	1.999236959528398	0	5.223684823896343	4.613495073992697	0	3.1640730706154443	0	0	5.82842356819394	5.950212604731205	5.77979529568228	1.999877268887069	4.622003463990897	11.514027158317043	7.360256490709896	3.864000529698753	5.03608369388453	9.211737808856544	7.83940232416967	5.896075930413945	6.076672293660904	1.5845465329796455	5.64441820683762	2.962972157401173	3.3177908627710595	10.026136515492055	7.359313141258254	7.418253784549026	8.946519893684505	9.18634480002971	6.631185803272746	8.010478216758692	8.445913925024731	8.531040112778278	5.663989858571874	9.399179335376074	3.5826235837616816	9.43379558617339	7.774131977671714	6.783152433766116	6.96294606191102	7.6153771065547575	8.074197100917516	3.4429934651211163	5.5380208715654415	3.455975472352635	6.7962492516204875	8.24225935673586	6.865180394160715	9.8520367227087	7.805027793365772	8.359479713053851	6.796600081238682	8.55158004016627	6.864097047172132	6.5556733687324975	8.212720774440953	7.639098967108938	6.2565165631874775	5.869820408429272	3.9936106936809126	8.52490877200059	7.050169493101248	8.38708972576962	8.414905646068593	7.50576398149734	7.01794247014557	8.026503655479829	8.454430366250847	5.947932152354322	6.584710985405765	8.856956616926123	6.349793087634291	8.572723221737432	9.944810095347494	8.583680651098918	7.1600615444497455	7.52306049434421	6.703205801749789	5.941958960571189	4.516367103712541	6.762707325853401	2.314489024404922	4.452269954666313	5.109459470581015	10.165854995798657	10.208463879396698	4.309292311523258	10.471186436784919	3.50731182996636	7.093526386013939	6.9747748280809505	7.486533665375341	10.333567954451574	6.691162469375869	7.749303900033619	7.054695498549532	6.445456172758427	6.878351454828229	7.026585095235902	3.44988446282941	4.220868944610947	5.9868431788065966	4.795647391893479	7.207730746784243	6.931504239114341	7.222441004605018	6.412359979549993	5.558786019038806	6.7493206270089425	6.723198269546858	6.76290341181013	7.694173973986333
G138701_RCCBMS-00165-T_v1_RNA_OnPrem	6.2296348687180805	3.988670646459215	2.7855677531710157	2.972732710894114	0.9992024690527033	4.791741063631256	4.6108656402368045	6.732390300859913	3.4452003428756965	4.388550508372466	0.997488696351807	0	3.447074092323758	2.578600792149237	1.58466071589692	1.9826437067678142	0	3.5652675549177606	3.291333454770193	3.155477752569461	3.804827845664981	0.9999712764465625	4.082804041189827	9.569669059399178	7.413400703729417	1.991048256573459	1.5831804971861636	3.687377581903415	2.8045369814763417	7.284674215138273	7.461031282540616	6.4738487836470044	6.251655928041101	5.820527100900641	6.506432143253684	6.7566752549720315	6.3089068298282	4.792856456594732	5.289756440950341	4.943515164671506	3.313750979756685	5.213149739451634	6.843168990279059	3.30344189406024	-0.0	5.690772619691553	10.581314480088041	8.296220669329921	7.208996074466692	4.068617212582875	4.931865214833691	3.8916149967638773	7.083118175356765	0	5.963302081944134	5.689257793607577	4.304858888615785	3.5749067034304605	2.5804236774701272	5.739876503431032	4.984739351797445	-0.0	2.9814611757069294	4.943242518841888	5.925225855352465	5.515314784472664	4.161497484790873	2.574257144317542	6.292075149158323	5.792176161864737	2.981922653620745	6.096694081978285	5.2306634992406655	2.320889925536835	-0.0	5.848551113101343	5.519549428702591	0.9999754435658426	3.454494158144118	2.7628441383019227	-0.0	5.968687607996203	6.2001488573827235	5.944374506031711	3.7969586550448575	3.8736887657917616	11.5605574829243	7.2733367291821684	3.886477463596554	4.899602265001622	9.58267224203149	8.164038069397698	6.362343163882898	5.944398036373568	3.310355648314507	5.799763539103677	3.3136809258422804	1.9977685975170127	10.251220312125275	7.46247892844243	8.30097028159969	9.14958173216	9.474735743542364	7.158376946417227	8.06598577900849	8.739337842928105	8.581145434346901	6.097489536970622	9.55167903257257	3.581474781302192	9.598334045710516	6.9904526318942	7.216136312063191	7.687608985777757	7.6858498245434825	8.534630954713458	3.674428726477748	5.679258966215718	4.688780479935422	7.195824767713439	8.180376237543843	6.9514502873035555	10.200920302403139	7.858315619598878	8.615598774717952	7.029490799672322	8.354110362896934	6.976029494769375	7.033312154863146	8.48143979797377	8.226463076943139	6.778989820771827	6.843708199482804	4.89677594678968	8.543854474166249	7.161470388665322	8.669836314801783	8.659504430852754	7.909861027933398	7.448477391596415	8.286876270903216	8.643220419338977	6.390807879397042	6.874931056935277	9.158455705366128	5.716214602291686	8.60872056202502	10.080629867116157	8.843241827498725	7.379252446688509	7.0977633357878975	6.772422522410682	6.384390941591172	4.8486837466299395	6.995907849646147	1.988124297842462	4.380777363480772	5.172433488151617	10.510934023896429	10.49374236339374	4.890384565456592	10.795775443779005	3.9187474700114713	7.323417184064396	7.095273003016215	7.928631594462309	10.64239759249892	7.206822734475331	7.849980144704569	7.372958712541691	6.429976462459451	6.9062986657984515	7.281203096063663	4.077172237934813	3.5733318755900836	6.510997477775917	5.1584893477475795	7.472232087964612	6.931154616558784	7.353682459157319	6.481375680202399	5.824066510119407	7.038541265690626	6.995727204900936	6.984912905815507	7.861522284158428
G138701_RCCBMS-00169-T_v1_RNA_OnPrem	6.1976946577597705	3.892123479938041	2.984317933312248	3.2944405298808648	0.9979141560317951	4.632946035354569	3.995353532062456	6.1819940717161295	2.9854128966350952	4.688657416143992	0.9943711817877421	0	3.306907855903232	2.794259888261212	1.9965023579225751	1.5790805785021338	1.5848686435747048	2.5757412514037936	3.4411326398881426	2.9937454343321224	3.8016818880437344	1.556847126491058	4.385241642345	9.690120555650235	7.526928059772371	2.573964125555573	0	4.310382799819973	2.9964684449024928	7.495995781874234	7.675351349717197	6.518757873041822	6.724200447518417	6.1339493054480325	7.0592549413358165	6.8699903969259335	6.309374267456609	4.737916990309888	5.246592496094527	4.575638920111367	2.9867707100388525	5.203737923846853	6.842799527583734	3.4430658661882396	0.9999946624680052	5.315991303276345	10.469810715013326	7.745674129562057	6.965776869105209	4.155753501685117	5.023691885496895	4.071941473984622	7.297110081723634	0	5.71694084043573	5.919915985981387	4.503410026858094	3.895074721077385	2.7992640940696294	5.735191285282344	5.069536161111338	0	2.58393232588759	5.378052843916631	5.918895520055414	5.691496517810292	4.318617704521098	2.7998538649901206	6.275513369229487	5.819506457965758	2.980635992908183	6.133116388361942	5.566142012500843	1.9983464808555542	-0.0	5.868475114802481	5.277404676015164	-0.0	3.450485104484764	1.5834357444647313	0.999478870696243	5.962146750866783	6.23440205273629	5.817781362942211	1.9966314732212862	5.164357542795066	11.604644863755013	7.2806355712749795	2.583579913799899	5.349086172930044	9.560225471498656	8.231880527002664	6.251105387378304	6.555744805786779	3.9013640330144987	5.8232539630588125	3.903057819751871	2.993115436609487	10.339832937123518	7.402792228605753	8.341149473484435	9.182709083960217	9.467421944614944	6.987499911285551	8.150393529902841	8.66047649741908	8.748831520175333	6.219142965622084	9.688688529679684	4.361714780690678	9.64474601376785	7.098524412910054	7.256915031683082	7.317254432430483	8.123123177037565	8.679238941981822	3.4334207264643846	5.838437138741097	4.797215977481485	7.521348066572242	8.334446179024162	6.973781650631089	10.326764571530836	8.050236390880292	8.66738206673049	7.223559233412271	8.496522975624442	7.193221920992207	7.445225245843172	8.636282931242867	8.06436302591402	6.738728871912897	6.560526744738704	3.899959061368877	8.549516409095576	7.480503576431977	8.75496604408306	8.700135155536904	7.8053789228904416	7.211284853383825	8.313399832610438	8.627084874790778	6.438605725388918	7.172575919850775	9.222366730625064	6.053745862471892	8.872461357180436	10.335020647786815	8.91758376798454	7.5323513080521165	7.308339375892153	6.990788568663235	6.259426916998765	5.16200874515641	7.037981292077363	2.7892198279493043	4.6894219339917385	5.412818931996275	10.49558256908339	10.379143734716608	5.070313732736428	10.718659617954469	4.6962186287293886	7.270944714672184	7.1672396973615715	7.890887813164277	10.706831608000877	7.305558551664741	7.995767497128866	7.243339474584625	6.568435328870906	6.84260891018013	7.385349306479788	4.514070777271397	3.6965422507472714	6.3778195080692415	5.0377402707614465	7.231701061714663	6.780552286615648	7.250272658214838	6.153883740835146	5.772451253761229	7.0271147199287665	7.016693656715483	7.017053445236244	7.9990636219434
G138701_RCCBMS-00178-T_v1_RNA_OnPrem	6.362830194358831	4.235110903140825	2.795095107993496	2.965244980013435	0.9994176280827305	3.8988087001604597	4.162786656615616	5.895933884880241	2.983971854755815	4.94604297646536	1.9921257494810023	0	3.6855277407883653	3.447173879459628	1.9960210782992125	1.571061764468145	1.9985549308109354	2.799454985582749	3.4300256647891216	2.5753744742647955	4.165131032664697	2.300266440826034	4.080811886252002	9.71060220353182	7.486131709510028	1.9885924340154297	1.5831156389567154	3.3070391969845723	3.3173620232628185	7.454667222461219	7.483318477884625	6.623078354369469	6.696763015925659	6.155274161521559	6.865203971033342	6.856890703125073	6.4300940181241915	4.788331620962665	5.482173268331194	4.844991870149974	3.5712277865460162	5.413820138159069	7.093094425195319	3.6763648112307004	0.9972356631498006	5.629938871628976	10.565425639446278	7.907971713788312	7.127472255615391	3.985183377845547	5.433177473918957	4.06917349101066	7.3684066100538725	0	6.076927712835916	5.940492396896686	4.562655195105437	3.988942700015684	3.1598826085911482	6.04667357795167	5.306194656171689	0	1.583207146979861	5.309098650157462	5.985549325134863	5.574384710216734	4.694067980560421	2.8005463835880318	6.1146767296708315	5.962293185329084	2.984172924620609	6.252401487208458	5.889809414586012	2.8057394692348563	0	6.007443146205227	5.310285185965421	-0.0	3.9941560619084067	0.9999998588511421	-0.0	5.961061152351479	6.2876709913369355	6.355670574600197	2.5804953896385605	4.0483856715779645	11.586000860770708	7.564199319134472	3.1545930624649374	5.120270577012954	9.720909637092813	8.286918598115612	6.44327070634659	6.632213968624838	3.698352115349553	5.745364823842142	3.6969514489803483	3.16662231914294	10.340581886779768	7.496058453431806	8.462827234161926	9.1847958893083	9.572896309814382	7.496965380717957	8.174555167452803	8.739320275411382	8.941612496148862	5.920577355295367	9.733616225975714	4.079847748461904	9.851231184709354	7.362400657967195	7.361287555678382	7.310852288808633	8.029277558383518	8.885470798031301	3.7816995687467383	6.0011873700920715	5.2013097990190715	7.15636739322173	8.437436910869817	7.008777870605313	10.389374374947916	8.021164323628234	8.658868491610265	7.203956259114465	8.407177154927075	7.084726568509194	7.373960314023881	8.610709024403935	8.239939412954078	6.830051591526608	6.796513728927868	4.567099693363966	8.55843479654437	7.364486032534765	8.786641857083465	8.80973765060191	7.958125592814033	7.322320410261718	8.482150357039634	8.786518472779612	6.436668206447082	7.396878692138032	9.409452938548762	5.989867549461465	9.93772168251363	10.216449102252431	9.035644634559493	7.750208380300317	7.346299179154798	7.324409631483629	6.4853046965255725	5.121398565347438	7.025381934885884	2.301303636701524	4.634367270319518	5.273654715454675	10.56784688235939	10.488662020141373	5.0244633508847	10.753640553386182	3.8238898845816403	7.269761771304826	7.243261963719294	7.970790922900806	10.709731015911254	7.389611743396144	7.948691733139209	7.354737467698473	6.685976940104746	7.036473851020171	7.14756998871163	4.799319977108432	4.38905378343325	6.1969605810709085	5.159594912429129	7.3287335076276685	6.847645177744927	7.105168782980104	6.310096283087815	5.721551379636706	7.024973408004128	7.014648199953652	7.003869618620721	7.980652943533954
G138701_RCCBMS-00191-T_v1_RNA_OnPrem	6.570965449965843	4.0751035740202886	2.7859466077602937	2.9720554659414606	0.9986318433594725	3.574515111286977	4.578139854613349	6.3097192103552695	3.6833339266466827	4.693078784205644	2.7988977602149108	0	3.7680429784665987	2.7991440927397804	2.3123946554068726	1.574826960800358	1.997158730239035	2.576130837324205	3.2962077016809266	2.9959305540538566	4.241637079309811	1.5561193511739133	4.079410226763157	9.726377224914444	7.5704658554299895	2.3086253542053843	-0.0	3.8942348776118596	3.4544836433610433	7.446083863679353	7.693022741617275	6.594261206154317	6.671841384038609	6.307742524867532	7.143722826861284	6.90377430482993	6.412669277877375	4.7898340254475045	5.248389146994428	4.744440662985213	3.5756879208554238	5.247530417649293	6.984577827576598	3.8858478783590096	0	5.385316614517606	10.542117134493457	7.9268670240174295	7.010196630802041	4.149592916841296	4.93101534064509	4.073118330847154	7.195286032028145	0	5.967926513600002	5.63078518439001	4.6232803702160234	3.896455885094271	3.161578560738492	5.888858576639972	5.152999664381287	0	1.9968804163425489	5.234535159311032	5.990481778390844	5.4168569991272975	3.8968965108166493	3.4458846633235276	6.443975818990587	5.915462050229138	2.782992054832789	6.157425905705783	5.5377761825882095	3.1670447152908934	-0.0	5.661396817412782	5.417611899061519	-0.0	3.5790084475632833	0	1.9290605478106566	5.770180060252667	5.9899947445734085	5.910976242833022	2.5838587711208354	4.212750440908731	11.593402713562705	7.585835118000011	3.1688173104588517	5.449114492606275	9.725447955479131	8.23391421412714	6.492623157013811	6.344086883175183	3.9051909649248913	5.872190010889231	4.242013839812996	3.3129806671527176	10.380724859449476	7.439056799835124	8.314519367192668	9.27170567786811	9.646475273226132	7.1748351389803195	8.018191264194034	8.6666481459325	8.824728401640574	5.819939133911883	9.766971597271143	4.162880389500728	9.865519935242542	7.128622699076904	7.41201868565048	7.5044617755988945	8.091420494569661	8.757720668598312	3.7880368425046327	6.066207779494243	4.692093680106696	7.165306722953141	8.265800291686539	7.062578218297827	10.410012061385387	8.04374521142748	8.666329935055842	7.1225125490547745	8.434935039601429	7.125391264675271	7.448660035163195	8.600524582179268	8.29875352466062	6.929344165538826	6.494207287034569	4.79843489551552	8.707852711074606	7.471961519804273	8.796072842784882	8.780625548923327	7.9404618103934475	7.366023262086003	8.481568673396827	8.797590083349224	6.405447928148366	7.16043527107666	9.375205362858818	5.988167442155992	8.887160466962555	10.306709860967269	9.039408787416422	7.686792591773826	7.4136270868166205	6.943618998040576	6.330889840101931	5.1182039406896065	7.058027024208051	1.9919896853228056	4.847998702372978	5.602574537930406	10.563961967185701	10.462823972692068	5.108639105919848	10.787967942267619	4.56979557258728	7.410109915567702	7.232637769026527	7.965553600266415	10.710706598929598	7.370632691784297	7.952338573846934	7.327699627498557	6.7128096169312235	7.038775864999579	7.298644856599014	4.515645987970988	4.240652320588127	6.444088878861272	5.035709069959222	7.362534116204543	6.966899541639551	7.341544453489709	6.463782284641709	5.771910363753343	7.036793809794666	7.036909660703714	7.026183504027435	7.970430297702103
G138701_RCCBMS-00194-T_v1_RNA_OnPrem	6.362005154823735	4.15950458529287	3.3079771147577395	3.1356688147150966	0.9991978025176802	3.7948984776240473	4.313961773713978	5.632320045141601	2.9800781104421974	4.946563298682931	2.3196304217698125	0	3.982458687653573	1.984053286154726	2.5838805985533884	1.5733489738459676	1.953676583121109	3.3063291325872686	3.872133339644074	2.577112841759612	4.3865587388956975	1.5538730017588949	4.241067320640774	9.819293952560727	7.4946440839013775	4.1559782248148345	-0.0	3.5749379364077587	3.9013094129649084	7.608463626090391	7.6532287427552275	6.722104079245575	6.491105907081552	6.236531656556841	6.639684375457081	7.210444284396193	6.381906611224263	5.265573924318827	5.282645244308307	5.303114472932914	3.7950677455283524	5.24176132488251	6.995216657672755	3.783510725559787	0.9999994669118476	5.513071322599531	10.564571301931874	8.123097167861383	6.906213238254147	4.441431480626291	5.347023283051057	4.070295044045034	7.270439273571846	0	5.846934148232269	6.174567009485017	4.811161313424576	4.907841665560949	3.8500862493674384	5.999285410138119	5.268187493403471	-0.0	1.584577086997088	5.5379385996812704	6.295389769033319	5.604299706999424	4.316877324908162	2.99566409324802	6.196990069569341	5.9156727597991985	2.7896107239702794	6.177175286774141	5.762348658681896	2.7939873620567406	0	6.053054765873782	5.477717335359573	-0.0	3.5790123963665152	2.5338390406733327	-0.0	6.226109368800411	6.56993322895355	6.091124275725713	2.582351748438538	4.878972933528069	11.579584666310595	7.446395378340085	2.5846362655102544	5.120020285164687	9.58546893556613	8.399964013053816	6.4937887831570125	6.571034012434622	3.58351702735801	5.634150862463835	3.5789973992636903	2.8022045578668484	10.286815263310947	7.631732350412301	8.489541206289113	9.783050917654917	9.764901981434942	7.186641771117503	8.294232347113393	8.685899032183004	8.795247762302617	5.745168330489112	9.645867820805657	3.9023468608360896	9.708175557654876	7.0426080947295775	7.174178458409876	7.3651669106320306	7.960652152090417	8.662856453948981	3.981510075527336	5.933367745324234	5.070689732711868	7.009334595860303	8.478024514110356	7.0189325736532275	10.3991684677819	8.006033448934529	8.745005136731004	7.554008630254213	8.556087327679965	7.2776537811514705	7.2177793123359475	8.608387445357621	8.29929773163639	6.8442324539842465	6.531125909999361	3.898195787778856	8.82924709719286	7.660460364198945	8.927344345079915	8.81268601253799	8.023700408123823	7.4485336433273925	8.671905742323231	8.990538512029651	6.437519659380518	7.190249918966804	9.295114382130082	6.1977734856946	9.51228223960924	10.263655044280352	9.060510346039525	7.741595863112675	7.3459084759987245	7.065891245317575	6.633206071162612	5.417863499734747	7.00269267242404	3.285313582286656	4.943047048878409	5.415024252895415	10.558935494297934	10.447635005792435	4.981376689313643	10.744724990114403	4.089530022027834	7.460606322785357	7.289039267817645	8.244622960495274	10.752837538397856	7.291283871461259	7.88861298914511	7.326576466376519	6.8156594640665356	6.927341946280942	7.307629111775845	4.635558523634126	3.695080220924473	6.393119710279041	5.223743997394198	7.245688118671856	6.896302299932294	7.155054964443503	6.308765014597374	5.692453140508843	6.9470967560395644	6.980492841089015	6.9473366290732645	7.919066557799774
P66282-01B-Run1_S1_L001	6.47829773875297	4.309296729843517	3.149596826847667	3.1353427671697163	0.995964081874279	4.077299903824164	4.513664462969359	5.986968467450124	3.1503241375411273	4.6936522859524645	0.9982092335516789	0	3.4425072454175893	2.7936889604221022	1.9960795692230455	1.9834666192483033	1.99687745006481	2.7972251393781593	3.4332981152180304	2.7976421356612287	4.163835873183002	2.2935087831001537	4.162317954650285	9.81274644297589	7.561626905342959	1.9841311345587083	-0.0	3.4462036546921286	3.454104505391583	7.477774344540449	7.665190976282908	6.719392257819095	6.668672281819458	6.134256762964106	6.991766436035257	6.973752305755336	6.4938521955672845	4.7367336361327945	5.2806114447647845	4.79516857830972	3.574596180544422	5.276887916984844	7.059830528662703	3.782490871058033	0.9994487297092609	5.2041761985367145	10.616115035158884	7.920848028926985	7.096427453647528	4.302129116117488	5.103066944585346	4.068283667274587	7.30584540681996	0	6.033455835652004	5.940503145023236	4.680372276850737	3.9870636218758952	3.1545230371559856	5.936148287049006	5.26793266608417	-0.0	2.3186624522557713	5.308981649136062	5.893275057277126	5.796991848834546	4.386565067690664	2.8024991637615586	6.308840477864422	6.006180387931684	2.9811826005051603	6.2885830053747185	5.654105193712057	2.5818385148360647	0	5.5738144186251715	5.274313309767302	0.9994853607039222	3.8995824998813147	-0.0	0.9999608147399388	5.740276498328325	6.030571395293308	5.913522742608594	2.5827604885083835	4.547074795225385	11.60524265258594	7.608218435531415	2.806046740349239	5.48257117019725	9.823662708191918	8.373790915778931	6.411145848443816	6.396995500357786	3.697975697269965	5.870770088349601	3.5778081053311652	2.5826778481596913	10.395370496561691	7.564594660889279	8.313071569215037	9.383326109436263	9.610588065549969	7.196205474937877	7.806694807314661	8.872898785397611	8.880144922949981	5.895722460370218	9.838670832581833	4.242677607445395	9.826353802275383	7.245485330433991	7.402402230797769	7.527393370050795	7.988042569240605	8.819064942329076	3.788442001939416	6.001229200273419	4.747479889605297	7.250819853166139	8.403188086257183	7.094764121061705	10.428082060233205	8.041601212391496	8.745841329392725	7.222736073777936	8.428022213188338	7.12415579674617	7.172093836530794	8.66889692382629	8.30803336768846	6.927307004350246	6.836192030744648	4.313810501878177	8.698199084606802	7.594160924913946	8.860836970121143	8.880136682087	8.024259641877613	7.365242249568486	8.550967780848255	8.781948778800745	6.498516207113493	7.274141716403925	9.438056056521894	6.094231801605736	9.004503542141627	10.286919594937165	9.060805692515489	7.692945234533176	7.526039150970019	6.908987436104645	6.561183163759189	5.348693075311452	7.056137941317311	2.3003073497982367	4.844184509327298	5.413201634238703	10.636127014639763	10.504129235488714	5.335987211505136	10.845936319425807	4.085674545619846	7.523046379869692	7.358876899140942	8.046851250457307	10.7398575931571	7.445766761322195	8.064216714203374	7.413919508233385	6.711098149940329	6.878996471798335	7.213169407095701	4.6897275208856755	4.241915616433117	6.268600213928791	5.118006068950578	7.439002360135052	6.988258505929696	7.368564446239644	6.362024604687794	5.819757748096197	7.076433140375351	7.0454288041443744	7.034825681983259	8.00308545362181
P66282-01G-Run1_S3_L001	6.291614494663316	4.154521539901116	2.562267085698743	2.9666692461622293	1.5829678004709686	3.5755964520054535	4.89529228638632	5.633554357748456	3.153332910483893	4.579753509851111	3.1663457757595515	0	2.9825806171961644	2.984052053547152	1.996819782529574	1.5723276204848005	-0.0	3.157739117352468	3.298313932769738	2.794413982980691	3.9034439953906857	1.5545228421951895	4.844608129528217	9.653469288749404	7.471372297467184	1.9920015772949213	-0.0	4.56025544289042	2.996348227948693	7.388800242258541	7.618301004161228	6.838280240110633	6.536918868888215	5.985549694150609	6.761932906724997	6.796083273507789	6.308919008033183	4.737374407485297	5.39261480754792	4.744494342337182	3.4498116151364595	5.422956784181967	6.973827201137742	3.304502289799834	-0.0	5.845337968753476	10.491095767096184	7.8182391243010265	7.020772296149032	4.790504844700706	5.022590922666618	3.791886471419105	7.165086490804653	0	5.796821252440508	6.033498073637251	4.233902143254274	3.162581421574462	2.992629092186449	5.8169358052459845	5.075741773347915	-0.0	2.3214352952657173	4.9881278974119985	5.96740941650441	5.449671105967995	4.083620490974077	2.797859417532275	6.031110060879857	5.685708840744369	2.7953578787243276	6.055171708713893	5.680300683786517	2.320750667783176	-0.0	6.338312047565604	5.283530715703794	0	3.5803444479167013	1.5618230372748942	-0.0	5.990577182803571	6.180414240452079	5.991026540816408	3.1677640452364955	4.716489832046212	11.579566775853475	7.353287999008882	2.321348146841008	5.158698036607537	9.597320634296311	8.133927246487284	6.248967742812017	6.382483807457046	3.6941557687489235	5.86016652290518	2.8027120495114435	3.695315451793203	10.197620459916905	7.389885507285982	8.101815382636449	9.361155399261946	9.529119981128536	6.975092073613133	8.509021628201378	8.656775587602995	8.72837471895257	5.919354061152212	9.657686188266208	3.4548504631796217	9.613171917802687	7.261760775281322	7.166811528658023	7.362908797406141	7.8118547426479035	8.556909207916183	4.066064754679678	5.882052125654568	4.63661291254615	6.985355084815979	8.243792861617127	6.986726478435671	10.253796664976262	7.922452609164158	8.734160193727874	7.270720482700724	8.32214306190776	7.02709268944398	7.19527159094569	8.593384919985047	8.143116772992245	6.768518254267872	6.432730798701585	4.079068875479224	8.549299023835243	7.572986191881092	8.861998717238148	8.751407289980202	7.997232837824	7.367147269846401	8.34007558596119	8.734207172823485	6.471148773426069	7.036408245313418	9.23599044855766	5.942665141768644	8.774809435109347	10.120917516796975	8.876983211009065	7.534048766367214	7.233279960155502	6.676129572800349	6.202505892494664	5.238801547130903	7.110857605726191	2.3027820011834113	4.849148278752959	5.160966240800103	10.500954252068237	10.393273268904196	4.734542673432772	10.688481340466941	3.7204012598214278	7.261004814577394	7.14651073581953	7.977779856568886	10.475874542327128	7.329027494982861	7.879439145209353	7.159705382080166	6.686880535022171	6.84441476454616	7.176046092594744	4.3840083239957	3.578824071012313	6.135956989596972	5.119588722513364	7.283236466551898	6.758461559250296	7.165342417425196	6.2565802490529165	5.798561736446955	7.119818424411236	7.090088712246709	7.079787568267934	7.966780714998856
P66282-03D-Run1_S11_L001	6.528084265753083	4.232999293475516	2.5632546834768926	3.5621819258793894	-0.0	4.382818105621932	5.030387942247413	6.769780166394966	3.441249688874861	3.994093126097817	0.9961913713171394	0	3.3136093365203316	2.9888194482136727	1.9989624022486452	1.987945597191585	1.9820742882107845	3.5724679557178285	2.973277429091979	2.990292071215481	4.748977551179152	-0.0	4.799343255864406	9.532582908948141	7.527117205556192	2.3135449999348676	-0.0	3.1620267507262576	2.9876373799916105	7.227970138357761	7.3513077946577114	6.231896468439425	6.096024786626799	5.480772307929175	6.306835462854913	6.692237118903814	6.096743318783305	4.441058416905569	4.875011102547849	4.242749523507904	3.6898986001848417	4.667061904109794	6.543582515162215	3.7857096587700396	0	4.920740503984464	10.67069115303261	7.80968147633809	7.096367003402947	3.7903331298578893	4.843208380331282	3.5664081510350236	6.989323087714143	0	5.48396167197961	5.4500239781837685	3.796325702086424	2.797250507041358	2.303669286962747	5.380171679280329	4.688472797797518	0	1.5828406951182141	5.116367923776512	5.559465338293196	5.692500697219185	3.995780594680575	1.9906143097273163	6.5727119698010705	5.599916227914064	2.5723900215414353	5.943987381502634	5.1168854033710485	1.5841481772771218	-0.0	5.053170354512934	4.875276605666348	-0.0	3.31951909312815	0	-0.0	5.39667802852282	5.671197689045067	5.360095253497856	2.3159130648825412	4.057951351788905	11.636087164085374	7.7496398118244665	3.6889162058908367	5.661958686404979	9.986224674045179	8.261723735315002	6.539535716124191	5.898408065902192	3.4579733192797	6.555350755165446	4.6268066738361275	4.50751101276529	10.385030724595019	7.49767819506393	8.020608455922902	8.99870243371751	9.512880856895677	7.422384179168468	7.418174790615432	8.79572528125791	8.882779963954103	5.849144464485897	10.023875559161773	4.780377757203032	9.873463219126558	6.706147128296496	7.653465494945485	7.577226602376962	7.794358483081952	8.984940450595435	3.5633080765558374	5.7399260077763845	4.7405924957243375	6.962956750358128	8.374986825371108	7.095036391733516	10.253346461231327	7.697581711442084	8.208393814067891	7.43495922559595	8.535596365765285	6.781589703153133	7.122591873585034	8.223906882055779	8.313218495931345	7.299187471076978	7.095778530171392	4.556936683753911	8.755474516763208	7.124968560076454	8.841574786454364	8.778791295029754	7.960560574855616	7.404536805897771	8.476531499788837	8.584461492009408	6.016807571865666	7.190502516491498	9.442455760510972	6.0710692047955375	8.4013747912335	10.24831975656608	9.067635148518434	7.4696088835219685	7.527908365773218	6.604077854438791	6.837614339334883	5.238953339372651	6.654366594080854	1.9911553210692368	4.637323637658471	5.2672471765948305	10.737276401755024	10.63593370390362	5.338552261085042	10.928282759713035	3.5046925921827268	7.28807079375285	7.388154557897145	7.650175147775764	10.79502322776824	7.355416932953901	8.207595616556898	7.406472375771832	6.643843369509458	6.89194193591335	7.21530343986353	4.739871823813016	3.315143990983581	6.4125738239535615	5.074736948384151	7.464807422086016	6.7445944618365585	7.65444789437447	6.573226912702803	5.5867329370910115	6.708850086651252	6.640574132425933	6.640574132425933	7.664687917064855
P66282-04A-Run1_S14_L002	5.848434060147723	3.990454181086436	1.9769520802077687	2.7802979845043576	-0.0	4.229169128875215	3.986250798357161	6.2496206027390215	2.5781489937750854	3.453941201035165	-0.0	0	3.4526815424504216	4.542106400079416	3.3137476430360597	1.9902585130348274	1.580121082868888	2.318043643765564	3.431446756294017	3.271568092204299	4.083702806428617	2.96566127619504	4.166949084955569	9.535459758954394	7.500265034908209	1.584860931902811	-0.0	3.968593512581065	3.6829195234576035	7.145415347664528	7.189167415861334	6.287550487925067	5.942552470813545	5.545207281835347	6.177604528814605	6.422326936717103	5.988581686375859	4.462462928203981	4.725190987994744	4.2898617713516325	1.9983742296998595	4.553401707724699	6.056305332912754	3.5660833723774883	0	5.4418077328045555	10.31435356981859	8.041137569759327	7.229260637947656	4.212175945358181	4.786955919408636	4.044996752274502	6.604138538048902	0	5.315618102952	5.246776892450111	4.233747932863637	2.3116371008778964	2.58083650167044	5.272713814032935	4.622825300076065	0	-0.0	4.690110596221361	5.588850779156013	4.634719700922453	3.995132012112224	2.581594498723307	5.743653429333168	4.987293717633375	2.5736103506044588	5.635384233813568	4.307937105458804	-0.0	0	5.011821646148785	4.92114859091716	0	2.582251065278938	3.278003161376232	1.5588743912334992	5.178652425495817	5.587522491341146	5.670396277813673	2.5843325132399517	3.6802091733931594	11.518258193914102	7.206400748989962	-0.0	4.519619193746939	9.093396969239185	8.009984239605432	5.921698343352458	5.7202335098690655	3.769541511878831	5.165434158034178	2.997651161085455	3.1546437820010222	9.720040140479098	7.042773645433908	7.733891756422772	8.956847581297858	9.09182024598629	6.755896288072934	8.291813192705899	8.03537590677419	8.38528332293069	5.451098460784645	9.305200595625125	3.1672586861982386	9.056152506647727	6.385663320925566	6.661020299470992	7.209416414951771	7.485294910834563	8.190829028531834	3.8888207051819395	5.3757302142045065	3.5806068812669203	6.777237224935045	8.041436025775889	6.364440392293993	9.86116261181273	7.5771402591230075	8.357418601343147	6.646353373846553	8.204449042474264	6.330103605978441	6.849497418245596	8.218410803079289	7.653587755595473	6.576175648254622	6.215845253577546	3.9931994761016196	7.870861208297971	7.1250421945966576	8.22157040154328	8.234319237836226	7.433378737003631	6.807437891567258	7.851767922136744	8.471861478258633	5.996230583623536	6.77967522971724	8.89102188007512	5.314067663698652	8.071310274978227	9.66648349932536	8.434246455218931	6.872761908273543	6.874056477210525	6.20219778466691	5.775193669888303	4.5790844543605065	6.736496928647749	2.3018092807496777	3.901421896174726	4.637905124873853	10.26935621168916	10.19261632129034	4.449920551584231	10.444963908286516	2.927012379140267	7.076250702778564	6.944906261728785	7.4377015680909775	10.121982287227805	6.760043070641658	7.572056259244178	6.702487352518655	6.197838956109159	6.310237474634902	6.911403010342511	3.9948060062049477	2.320636591195294	5.447207909351833	4.516869702857049	6.450677440717516	6.013648010762104	6.587850387083866	5.716920490486855	5.5589865482302665	6.695931655459543	6.709749641527024	6.709749641527024	7.630874426184355
P66282-05D-Run1_S21_L002	5.545747084787786	3.575304380900504	2.576269525795069	3.9770576667932787	2.2610206825918784	4.143609903983462	3.8022999762243797	6.746039341253747	4.00933108428991	5.200693816633194	3.1330760704060916	1.9393394572308469	4.081023555398355	3.78605334719385	0.9979745993020424	1.9955742965078387	2.5820881568151366	1.5779282006486826	3.308698171634752	2.3111339424476327	3.4584695973809136	1.9889268215444336	4.083104367556742	9.522415409817933	7.517955290090328	0.9988738546269094	1.5807529802654074	3.9664880169773684	3.316784670323998	6.92923640725627	7.137891114961874	5.820989037206091	6.176479470598173	5.575290049749267	6.544217456103741	6.444064026406514	6.077759688913536	4.446586720643833	4.831392694979968	4.6360825031342	2.575306105917158	4.614062536176445	6.148505444460693	2.7914446018844776	-0.0	5.219333497162514	10.46807425986646	7.640151767311991	6.577940691858541	3.8973740000966255	5.059292084365002	4.726188953538205	6.66435848172938	0	5.446228102559267	4.636075110017251	3.4464197427367975	2.3173536100751058	2.581782019925487	5.121824379002454	4.636737927901081	-0.0	3.8611149929695983	4.795927037240925	5.434328638381101	4.517508653843196	4.31773408959815	2.5817284972773944	5.664775103763718	5.199038827928006	2.5726653120626732	5.665542159196963	4.688025764298135	1.5804499115534854	0.9960835160665726	5.522876504822307	4.780387244690345	0	2.3200423812568762	3.2818792396223233	2.291139700362933	5.330336134070657	5.366800711371072	5.261030128197715	1.9999793174546774	3.308170699189606	11.468818622490819	7.438251414999792	1.5758061191742847	3.993515865062061	9.070626514412231	7.972710740254996	6.012540550484384	5.967795032352683	2.31703000364294	5.31472904496212	1.9928086377965082	2.3117117567129806	10.508637779854975	7.04638970508971	8.333440941688732	8.660456374436968	8.895459952151601	6.664540990100004	9.117830994543132	8.046951939500826	8.578615058761427	4.995223422729495	9.381172823082517	2.9977795110141603	9.201599384562412	6.922428998067184	6.954196151052296	7.063127120266402	7.4773763071740635	8.684455473491097	3.6857533853482822	5.78631284733928	4.553809031310135	7.13198349250657	8.395031441066825	6.897157705740563	9.919976591996157	7.694548768609293	8.172044422509792	6.433334076058444	7.995834270725883	6.655553997491994	6.328088048873635	8.017166886823981	8.015567314576508	7.177974884855261	6.626994356550427	4.535212497904534	8.30343449597946	6.957708972531834	8.024387320329218	8.326255590713227	7.600723866246757	7.404761947467145	7.916735105902011	8.264622510894913	5.997610178569856	6.741672810715053	8.897231061373278	5.8526649586775115	8.241418904941835	9.770037556115431	8.636597028885868	7.862480373451002	7.305424463646259	6.536741959763929	6.445234100589737	4.995246629419602	6.480481635856072	1.9913528631181956	3.6914934916250104	5.3498692787496145	10.440104295458049	10.287172937051546	5.362052276122235	10.656640166340633	3.2579099050061013	7.0230248882879085	7.300378001938739	7.524714213576845	10.182087898216489	6.637234268650988	7.4654393353502515	6.437266503232219	6.179245069333162	6.199281383005992	6.528729947993743	3.8023174162743727	4.835451023487365	5.274911734641464	3.9944986347966784	6.54800902905718	6.260691433961531	7.0559030359949455	5.483074493505955	5.531541372872845	6.4646802189674055	6.480481635856072	6.480481635856072	7.433888454825069
P66282-05G-Run1_S23_L002	6.9475690832274815	4.306375411542492	3.6655699299540676	3.300781169652976	0.9630104596845324	3.6959239301147617	5.561097870096912	6.358592468658429	3.5647001467949315	4.711312452125041	2.7731709275306966	-0.0	3.1573971023804623	2.3186708661069635	2.771654775209327	3.148292172194371	1.994700525594585	3.161072641234318	3.983117552610578	2.5662490297277847	5.080577118287282	-0.0	4.900252580661045	9.625893259355246	7.026477580120083	2.3161646653792194	-0.0	3.316014892002794	2.9955154662256747	7.24358834485083	7.040262769516942	6.054234467988413	5.7188329274354475	5.159318549745975	6.076874156858392	6.553109925119249	6.0992411229100405	3.8968558093612296	4.614725291737352	4.578849720336188	3.695103256368718	4.49326822010258	6.399336605492568	3.570943559427124	1.5803828312594335	5.636948744152124	10.311158959427829	7.884938388601647	7.042363337991123	4.3620603429833045	4.847009728551192	3.892175094361464	6.691862108300146	0	5.0805786965878905	5.305095462617755	3.312464519402606	3.3109981269203335	3.314380032967694	5.160925994665767	4.573875135628347	0	-0.0	5.20109402068292	5.647073569817566	5.383265409007115	3.8059486815569095	2.583205947219749	6.235872866208638	5.57204177064131	2.305462782684142	5.577727837232329	4.511028444889588	1.9991772901042166	0	5.219688136594445	4.496133886095782	0	2.320970459866359	0.9981435752812302	0	5.590914312490447	5.53152049991837	5.858328846188521	2.9929876599476875	4.495103371557927	11.486211671354848	7.743672014798945	2.7997014816805073	4.693643945250836	9.426139602844417	7.927698405662472	6.448266855360149	6.625441138383633	3.805580479760678	6.182239748012713	2.993587687067832	3.3173708415965697	10.779081558518993	7.896333374972347	8.263523137726088	8.53259297650533	9.505966968820095	7.000124865481595	7.270641291250593	8.81939892182722	8.985763115474683	5.822806096631715	10.144803796476245	3.3199305117395648	10.114189356031048	7.18046342094731	7.359515355461665	7.393979886476526	7.700057657963154	9.273294713684734	3.6835605613713702	5.919086243847603	4.44863813631265	7.075402105193256	8.850176839857758	7.419152359350064	10.169253881095434	7.6604635331334014	8.001742596328436	7.683571508834455	8.338573433592114	7.1578478691002685	6.4609755392092705	7.954263717172136	8.252133028053636	7.167568419137691	6.845474175146135	4.24265164788114	8.697049629373819	6.908261351339161	8.921476897658527	9.017737526806993	7.968822591030024	7.6512867604659585	8.37165011204378	8.372675015476457	5.908612094437348	7.377282825100981	9.483324403838399	6.370032309041619	8.168261783578778	10.06183863624312	9.35913476665785	7.812904899539801	7.673510720694985	6.872815886821565	6.9275616314860855	5.344748835679047	6.417463119651479	2.78895389763194	4.162869652050271	5.634168775319068	10.457290976247986	10.250428440303395	6.029490508936877	10.599026251709974	3.641872752133872	7.3102021543800335	7.6249283783454995	7.4306379524788815	10.96924286567193	7.453722990481843	8.114035103053222	7.644518174760385	6.739459544782123	6.904773091795645	7.429142632358661	5.066903148408872	3.801609545486329	6.273435865033916	5.602030002577738	7.725365473553208	6.713594698746843	7.555255448395305	6.49382014755715	5.436494623350784	6.434657836263042	6.400751302796016	6.400751302796016	7.613665572117775
P66282-10E-Run1_S12_L002	6.097511280385719	3.578085717817306	1.9855883312687301	2.783056786278038	-0.0	2.995814443424426	2.9973612304496076	5.864900600739034	4.070808719841892	3.581199262844051	0.9991460413909494	0	2.5775429949933018	2.3150317353704484	1.5811750455202165	2.31950070830148	0	3.685549124803716	3.6737922919819153	2.8036813990496445	3.3154308895847064	1.9879951219839214	4.154581906038128	9.357992548891854	7.668625147100394	2.5752837926417684	1.5827317687910485	3.9933153716196483	2.996561639641732	6.963570609531757	7.617208687272508	6.3491897278908045	6.597895462251135	6.627571666729059	6.7115902765323225	6.767538483843269	6.605134461783592	4.076475639132126	4.676666304641565	4.573300537566753	3.946913081839896	4.728698065687965	6.400060309666812	3.3033462993713147	0	4.972899431897501	10.65671624722892	7.995546580311803	7.333609062440036	4.730702557874951	4.940073628937251	4.8727722306723305	7.310685944273603	0	5.990812207908245	6.260562913996392	4.889210747605468	3.8976149802502302	2.9904841327573046	6.466611070368627	4.379751671129908	0	4.597270962883346	4.939010700531495	5.954231507400996	4.843201294099631	4.56896368663152	2.580058422444457	6.034912664595671	5.6608468524103515	2.9889098660133087	6.161288453013456	5.309200155031777	-0.0	0	5.431404658123354	5.06028702820163	2.799326466537413	2.8042362278989783	1.5775195226220244	0	5.7025993515017745	6.0873436449134815	6.0637263627707645	0.9996757237123512	4.79235035640649	11.489786287583422	7.023740544825741	4.1329639336783925	4.639249452193397	8.981074491209394	7.943547583935947	6.076478038240999	5.484585448103448	1.5841597777156893	4.992834378904755	2.9832638995690024	3.8448299410037605	10.259094121822711	7.6533729509436625	9.291548138046734	9.454562923449425	9.332612410258488	6.961702161533538	8.887540026099293	8.200064429449533	8.372692880081619	5.758664224746599	9.460508654820684	3.3165194927850696	9.6833321810332	6.84276390519204	6.717318696914393	7.556724426667147	7.676200090132972	8.854065211783587	4.07221144953726	5.999830841116588	4.635431127535014	6.8407700516846655	8.516942022036027	7.028235186932439	9.980527843800605	7.569527287076542	8.89560796683625	7.056478397229423	8.137948465098601	7.034594280928494	7.194602386019488	8.16013613032074	7.779613075007221	6.365169911561575	5.69298010923034	3.8939545725617615	8.238814283261409	7.949742177283313	9.201994551168543	8.597417354068863	8.114467562930686	7.146931550601741	8.305282565255483	8.562977533119367	6.34697435764654	7.299015928716587	9.097651323754446	5.8226686370048935	8.067876486916845	10.110361366761072	9.117254289543238	7.4769089374426425	6.757008786452912	7.402773754847171	6.059717466811295	5.222692829460353	6.814726033400616	3.438151773945049	5.728177699940995	5.511322709723192	10.64622146060476	10.495577415775525	5.774082983991349	10.877495148264408	2.738285966149145	7.620605614844944	7.277800093924681	7.797375727076242	10.94021940417697	7.424864836761578	7.968745137787467	7.1900050452016195	6.732593229166829	7.0822372611347335	7.516769978199964	4.31641048717575	5.38686208218087	6.282448069344443	5.442027335746278	7.100397559552209	6.930946212299611	6.583002004287587	6.260436849927863	5.673377707394699	6.7767477541980154	6.763421349576134	6.724008731646743	7.820734335583468
P66282-11G-Run1_S20_L002	6.447948950168067	3.9890934710274046	2.2955728793955643	2.768852610629119	0.9997279307959601	4.518924418923452	4.311882604146867	5.797996296015556	3.306703554853962	4.748401618672604	0.9995617239934053	0	3.307316911919969	1.9945489811799866	1.5803611423442843	0.9880806861362843	0.9993666756619096	2.574740577673155	3.29653785236843	2.5775201410822195	4.081830081400113	2.301561796227675	3.994338441077974	9.495047427874248	7.3738753414079365	2.7974520426406952	-0.0	3.159912536332217	3.1637315194946347	7.506205139422037	7.6077385952765555	7.139791785864923	6.358574449345371	6.010579410576235	6.682923481606283	7.289474536240997	6.5114854981142445	5.017000560781262	4.776686117103871	5.163300689748387	3.898886695581793	5.007460428656063	7.114840955716049	3.3002521939935194	1.9998481668654453	5.0070338614104095	10.478938534925963	8.061891743687449	7.1695490518648715	4.305694340123503	5.185389166258049	4.2343494461233355	7.282035249662194	0	6.274821077519923	6.159613512687224	4.566435305324894	4.743573862653547	3.566612673554912	6.113487967760531	5.271252610435507	0	1.5775132315595308	4.988176063543491	5.550730899076966	5.605413135736645	4.316502019604505	2.8008822929235775	6.175495386879905	6.43113392263371	3.565968861941992	6.254981316698608	5.8442888867791805	2.801831621011533	0	5.320722608859498	4.8676360291389615	-0.0	3.9913422920005894	-0.0	0	5.519675547069454	5.750250358814927	5.518574424440841	2.5770472143726373	3.7797913464143433	11.536648135077302	7.739069523858806	2.803537809693819	5.079029822638642	9.534101836471503	8.184757158765118	6.309376702420291	6.217658213546853	2.8053811280937575	5.544911607851468	2.8011273042917124	2.320560338900043	10.470452200024877	7.714646862257118	8.188354155885445	9.688141771421602	9.812330885833697	7.361180147302004	7.1582969116766835	8.671392703356199	8.585309713210647	6.116780537154811	9.943732425119574	3.9967258308224243	9.929685368931874	7.413921370487412	7.105584655431625	7.604479150786138	7.8940632002042	8.667243042538663	3.56540909725626	5.8642653970916	4.162410040135329	7.114640786459817	8.268356473868995	7.19803972485281	10.271275790011343	7.83452821219617	8.72299266327313	7.273504826511037	8.28726189587853	7.126014843694599	6.89654501755411	8.494257022527458	8.619748296607536	7.041098751411899	6.797164640763168	4.630478332020567	8.847406771079307	7.793832800766294	9.037586326477443	9.174045512544996	8.179258007472813	7.415041021364227	8.370485954436402	8.715119158226937	6.567822094168624	7.287676158271824	9.276322161642648	6.157568404620753	9.105686712089685	10.184687019729616	8.976242914933119	7.681237222174382	7.237047789182978	6.934041298244698	6.260047285899435	5.276392993258	6.964856619540996	2.311092845612328	4.634137477781911	5.3485829322344545	10.55638747326564	10.386321432796269	4.9392911158814785	10.733938149217405	3.8186014817095284	7.281386010377344	7.054397572340198	8.243188376989597	10.754806619157977	7.337120289148597	7.9558062298123025	7.3120606718713095	6.840840115888562	6.8672041869047735	7.4934849564733215	4.635436483149908	3.44960619035709	6.287839208567294	5.158921101264436	7.354638623224436	6.846765944422584	7.290696355262321	6.494964347043923	5.776906731710159	6.906598642412221	6.941747596582799	6.941577650252564	7.770524599411179
P66287-02A-Run1_S5_L001	6.012546430899922	2.989906597692442	1.9828165651941168	2.2930644546874626	0	4.382804965520723	4.454327819945203	6.031089821462411	2.56775975845073	5.185353507089341	3.1368870479750384	0	2.571251791074697	2.9934732407034774	0.9996941178873832	1.5835859400954138	0.9997078147502904	4.126492113540159	3.886238753971504	3.31221727210052	2.800396619259266	2.550054296944191	4.694839962061326	9.038783748960057	7.087886748947263	0.999382558144235	0.9951908296351983	3.8013739664147534	3.695840840312067	7.155475164779593	7.058667871060064	6.0508765791610735	6.011480110042209	5.575983573402516	6.3809699571904135	6.579399093930612	6.218905483625969	4.074860372654267	5.3988392418576066	4.8924964983240145	2.8004945851467418	5.256733650145909	6.239151854983306	3.3029883051379274	0	6.46465731098216	10.184690209977537	8.259941990109278	7.77188407285006	3.8953855094029657	4.985852247603885	4.495119501162141	6.82387558147699	0	5.313543003025141	5.4119670401903575	4.238069477442377	4.579286109205555	2.8015728520449823	5.574694819971614	4.5729890875886205	0	1.9967817621776076	5.3701247445267315	5.782636887340915	4.580366123783937	3.5744618500717493	3.567088690378025	5.570903664583927	5.413528649372756	2.9841179169150265	5.7982199215341135	4.444521951612194	0	0	6.564960212955538	5.431844773075672	1.5836895746133606	2.3206143511894477	2.3140748771464996	-0.0	6.430987576785736	6.527429612744706	6.019010813716023	3.4558294985237894	4.833428111750407	11.493377969255949	7.489573329866328	3.7212926968811493	4.7350280067519765	9.1517178725828	7.729687275221179	5.991171069312382	6.9964088501837525	3.6701932506511397	5.4452444857335225	1.5848410620030244	3.3011149933322947	10.216589884638605	7.44014609742417	7.909159741871479	8.820415377283375	9.021690834149014	6.937540323971437	8.059034878441718	8.420277313690217	8.493368301205152	6.146390355978038	9.859767001119515	2.8015304844125435	9.492500717491309	7.680170193448081	6.757041492382446	7.639459705643384	7.936817787986068	8.666720156268832	3.790301825392311	5.539973687178724	4.693689892611842	7.022802127738963	8.549283411065675	6.794613266967703	9.982909187279288	7.565288464943611	8.525763199531179	6.675524427684003	8.019503417072233	6.62017822012032	6.643975444877805	8.164513575204793	7.716508545086456	6.25596202354997	5.970711280361798	4.36432246510046	8.588679053441306	6.9976004850326134	8.430143384278544	8.425288264111197	7.57335787583431	6.906674950764701	8.017161982799053	8.377736998984728	6.205124992202115	7.234034539905603	9.162203713167903	5.9474328298452965	8.157138766642456	9.856599750102117	8.912002150203133	7.338470806838703	7.141726384109853	6.705826975709069	6.833828919419622	5.5092834310576535	6.656847431074075	2.568411129688971	4.516793830611479	5.575595740157624	10.235160437250148	10.166087746387864	5.157709518599198	10.382874236290581	3.5070698098534403	6.7584862079185175	6.618807475890145	7.327295701689773	10.452185904488873	7.189664889630859	7.8686755282649035	7.119707930073284	6.524387196776016	6.780811863150312	7.145718969790904	4.450616904666514	2.80495070107803	6.25439701674743	5.036354471501817	7.160230052442623	6.528188873250998	7.337514811747733	6.15896800930911	5.468074885357321	6.656494847154802	6.656847431074075	6.656847431074075	7.646116008021035
P66287-03A-Run1_S9_L001	6.3261646345446225	4.239763119216518	2.5659915283572006	3.1426323503483125	0.998848809717344	3.6913392833620056	3.9919960282201563	5.768063061349549	2.982479793047223	4.74821029584707	1.577024505522136	0	3.1535455919412603	2.575254503130593	1.997030360572186	1.5796166213420775	-0.0	2.985548939032509	3.431843787203096	2.5764085177477147	3.90186906811592	1.9684901613162145	3.9009402898726964	9.591980809756793	7.423921407252499	1.5771209152665344	-0.0	3.154691746177371	3.1660270233237324	7.562998995784913	7.583368047862096	6.580535984155788	6.354048948304176	5.791977055691367	6.7303829000099045	6.845836147415824	6.345684354622158	4.683950481426166	5.049471899100783	4.633400536212128	3.3140255294403484	5.041788900834915	6.817650603095842	3.294134383625913	-0.0	5.005823448978019	10.497533185463501	7.81042434774232	6.84604051908266	4.2287850889014695	4.932043340221348	3.6800678248701892	7.194905861180643	0	5.690072244987828	5.715918288784414	4.625533130043145	3.3125152871688006	2.7999046936748977	5.710643932120943	5.154501689465114	0	1.9996923586904192	5.236259437960868	5.638206081223713	5.606346084299159	4.165770241350702	2.995826536843232	6.177715049140501	5.938392851170419	2.7877763451199904	6.156318507308473	5.338933412213849	2.801579369477461	0	5.545761633919321	4.956394154382858	-0.0	3.6942046502835817	0	-0.0	5.577584445194801	5.774770964010785	5.688009429047139	2.319462855082083	4.285864943014918	11.567819127842272	7.429417835524062	1.999495233848445	5.201446830036163	9.969580653495107	8.354168510470691	6.306442733299844	6.118380292857904	3.458070734538355	5.690581911535445	3.1633110980578647	2.8027928309175607	10.213050578006703	7.389305679960973	8.042795022767141	9.262918799770503	9.44993465028127	7.085789169762075	7.344370021534768	8.741369588025778	8.764485173643585	5.872336430375956	9.673182310641266	3.902381108930371	9.654174730094898	6.858868262787942	7.206303493444593	7.293954067567821	7.803752780738962	8.564846631213074	3.9807969507756105	6.131061124362845	4.4534816732620905	7.011011091205556	8.304047103396972	6.85692358225814	10.268814248416367	7.972816186691835	8.63436875677264	7.278608059586795	8.295472761836809	7.072321557466219	7.093725275782807	8.610723139266028	8.070631958137419	6.711617494927876	6.6767042894380575	4.238740247118984	8.544617425356236	7.407390742905413	8.713847057592316	8.649022891034301	7.806716556624471	7.2024004470845675	8.353784108631025	8.686510724071567	6.405811733689038	7.057369509912178	9.242593194624861	5.845692422306611	9.399350296132537	10.157290194234095	8.90612844999431	7.541687035930491	7.362724366687628	6.676646065293311	6.201992192139734	5.036529135006249	7.025617334352372	2.9724513885280186	4.845488789984715	5.415583416559244	10.488954296795175	10.392836293746432	5.108377062005357	10.71296656272286	3.824244283625059	7.296865806532482	7.095014102482645	7.914607920005602	10.572646925697795	7.245836048208211	7.877749312854126	7.274663371566294	6.642813886506369	6.8177405828417585	7.1634943040629535	4.510176092402839	4.083750715520347	6.3711033653284	5.034183348846451	7.2454945533784585	6.797328365896678	7.094986701097846	6.3276054457376105	5.7980141029267465	7.034836556011086	7.00367322755525	6.99281608766851	7.942059610484211
P66287-04G-Run1_S20_L002	6.414168217912152	3.9888881199914	2.7845659233427673	2.96409252421387	0.9999951310133288	3.6918269713163108	4.515244909694252	5.988291278633325	3.152318238323732	4.514098403051525	0.9994821589776608	0	2.5718740461792833	2.7933446857647457	0.9943646695750461	0.9773053135020007	1.9951823469269618	2.7940562946202205	3.4316727755654495	2.3075041184671146	4.165642625689267	2.5659174815803856	4.080153957845534	9.710910670448344	7.421578509616062	2.5697303867415924	-0.0	3.445928725933982	2.9919216934013733	7.39760295057209	7.501588460084268	6.622727458447817	6.268705160918696	5.740997035955328	6.696006654953296	6.75857893379105	6.44624338747521	4.683928580186196	5.129452651954617	4.636385527865938	3.451144792000113	5.086480992089494	6.928258472111145	3.6764178792020883	-0.0	5.242115561911855	10.542120152904731	7.855352703532967	6.976962589040011	4.230952840289392	4.978795591551283	3.791091439389277	7.166309845420318	0	5.718049659388039	5.76981090924856	4.228338241528974	3.575357180172224	2.991918412883103	5.8408796757969395	5.113399340990235	0	1.5837760674925732	5.223342753750434	5.798198678929347	5.605174117837698	4.387043757831781	2.80235602289713	6.344955214395538	5.843486054619043	2.9822843010907545	6.095751172271164	5.34059586037705	2.3199472546612245	0	5.4839649138477995	5.205187832039461	0.9999525801610892	3.6931047265357444	0	-0.0	5.606204968374354	5.848871559973172	5.715645480432575	2.58256525778144	4.213129183777235	11.580829253036208	7.609146587916662	2.806434945888256	5.3125919115975755	9.68767292381898	8.1977138512581	6.44433679931207	6.275091487538851	3.699226618706451	6.012366415273561	3.5777330276483097	3.1599330054258314	10.409154271392698	7.581281778147677	8.075295514163466	9.313425211556911	9.578395163025283	7.2054481707980145	7.300893091898158	8.688358581107456	8.813139827213108	5.849039674811242	9.889450678246565	4.164539684885852	9.746088961307114	7.02367930106664	7.429040269838458	7.669391917828326	7.837386627811055	8.828943314317533	3.7863825689054096	6.087533454552438	4.796533129349362	7.135713600926252	8.290607100009016	7.187105899860254	10.342556981096672	7.911320993763103	8.555305297404528	7.233450930303692	8.361796484839001	6.997159472351435	6.987947822746799	8.530839924805631	8.401610895217004	7.029454644292333	6.872964157506063	4.3137538472336905	8.581140081138033	7.407103983268438	8.877337815675233	8.81944050419608	8.025690836123628	7.384413136353467	8.38835106466999	8.689858303713928	6.406323547486587	7.198323161580725	9.405986320109127	5.918095142749772	9.421559535526631	10.139873042436733	9.048000810093622	7.636910979907874	7.430968520032074	6.847794538257367	6.500691915008923	5.240247738196651	6.94103393648727	1.9912673705928268	4.630519068071464	5.343851355243371	10.573663665563174	10.438634177647936	5.302997327758659	10.747620139089562	3.916691008742378	7.33482964421548	7.281297470583656	7.916650852056831	10.695418895971484	7.456331698880919	8.010703531148266	7.440977964331499	6.725688315631786	6.92713845730529	7.261094092798495	4.744565594903805	3.900677357207577	6.288940600990894	5.0341161834962325	7.496260056862127	6.919528472241368	7.429427301399998	6.528334127272725	5.697393911949733	6.951200193205102	6.929341623782962	6.917871498433542	7.8620450554799435
P66287-05E-Run1_S24_L002	6.393911127855896	3.89450039509547	1.9761913561531534	2.5526997595842493	2.514017345996397	3.4473110317664974	4.081173300240112	5.631394789032698	2.988291928716062	5.274037363711732	1.5813123041218675	0	5.031564950981771	3.8781842763841845	2.319136253980308	1.5735891413057284	0.9997040940644348	1.9873170567043117	3.3003368008083998	3.1640267871517738	3.579454027365511	1.9709451917447667	4.318407946985645	9.504122849535399	7.3414648026010285	1.5832359745237117	-0.0	3.158822822229679	3.318889361841564	7.229847599933916	7.554520537137637	6.285146089088119	6.39788128171656	5.8703178334195165	6.713650071033118	6.639032190012356	6.2733706145895995	4.4441200784314505	4.96971165728554	4.516310073636896	2.5798031061068634	4.7736711183228815	6.6446216234866835	3.6810392310930995	-0.0	4.920137860014582	10.362957320808658	7.837218948731133	6.770087774657166	3.7924000784403464	4.934785136254893	3.570091768096236	6.928497660253494	-0.0	5.450795242660464	5.416582046037564	4.230280711844439	3.6902223408677974	2.7971054881581323	5.711960295298041	4.985305665597656	0	0.9997933085862143	5.155650101285113	5.4934772740336335	5.19557072956806	4.306649798274226	2.3158392181280942	5.94473764613827	5.41260875889167	2.5633686530602087	5.86692161545931	5.0721403911299126	1.9994591612737178	-0.0	5.522357958570982	4.966452655074702	0	3.3159213742668414	0	0	5.582881071911627	5.9481394044714415	5.550589066759182	2.3212581435626927	3.969976472447313	11.552532284925917	7.398123825723967	3.8910443863873097	4.900687848218525	9.631155118685236	8.082750558627081	6.3462072997675705	5.74416577470486	3.4509944616084547	5.665050839368198	3.5804020708404978	2.803771893684306	10.312307415462053	7.374768536893429	8.072968947900389	8.891861265653066	9.463914355977652	6.822016131377883	7.6367837923366855	8.554077509952387	8.823460669346247	5.692611439625236	9.822709038802092	4.243063148378182	9.65863169541331	6.561677900411186	7.033315983129702	7.209425690973228	7.645273259125739	8.607579866582675	3.6803110336443376	5.84116643634755	4.315926464670342	7.0815010383361825	8.257759976902564	6.820991501924643	10.126950214692357	7.82441217054825	8.849642889080691	6.998859219604704	8.257829630577971	6.78056015860253	6.849156347929669	8.733181996237503	8.02500667891864	6.770107332438479	6.706706512812238	4.312672189739079	8.404925138983641	7.276632693100854	8.715848447861813	8.713143483501215	7.675220248199126	7.040063704825978	8.150843076889666	8.512919939571384	6.6361118088468105	7.248867260505059	9.410290906092921	5.634844183566331	8.44417829234407	10.055058157406323	8.770272331700458	7.438321884897576	7.427350242838494	7.049916097615667	6.315927776083159	4.947118596506919	7.2409312528146765	2.303675597147474	4.383122869813874	4.944163898327784	10.377920416960697	10.30497532168205	4.740712413779196	10.597305597600755	4.17702381499459	7.16805215556086	7.19027568102668	8.056855508067303	10.523788390611717	6.955390831408376	7.7141898793283366	7.07839577681226	6.308818687276532	6.615895699573061	6.906412391513507	4.315223183298098	4.308377195286929	5.91451637278746	4.7454076664940175	7.034625216032023	6.466617417473592	7.220504873422096	5.9434158574149905	5.84582322569294	7.222279290464247	7.231923856332048	7.28726241814405	8.056517556135127
P66287-06H-Run1_S30_L002	6.255572699733758	3.7934774749670632	1.9808798203644988	2.980521909163714	0.9943886056213852	4.383205154287207	3.694742316996295	5.69141302292908	2.798773371582662	4.636737478948493	0.9957535047880415	0	3.448908717060701	1.5739874063577641	1.995595297518029	1.886228206787531	1.5846171954610717	1.996619998551334	3.300618894816129	2.802199216904099	3.3181462658604537	-0.0	4.750161337732732	9.430575090371397	7.366874203772924	1.9923055231955749	-0.0	3.872106263387946	2.9944021447288973	7.239609564121299	7.349610682849884	6.287623493706277	5.939291960967205	5.414943911243136	6.250024366015796	6.898948345524676	6.361862270744501	4.98776423922292	4.965519557509669	4.8507869727583115	2.996230036672012	4.916288916559143	7.223999622105018	3.1483172570705213	-0.0	4.918794521904575	10.374782284035046	7.736192902644375	6.869785643332463	4.157191419678887	5.106968164351436	3.8939995081458716	7.516497259326455	0	6.3644555741915365	5.632788213859982	4.685435404289008	3.991510201455079	3.1634473360288804	6.194602527883324	5.3414529595700175	0	2.310397510684398	5.4806961928418385	5.587135199891927	5.746501359525187	3.6947125789423327	3.165394107911865	5.7443248031918	6.116667456427761	2.9867999095971145	6.236213815836305	6.053683760536361	2.3193507915448572	0	5.213666966156363	5.629422302143794	-0.0	4.156437542095892	-0.0	-0.0	5.4897610243277875	5.752672686033837	5.550652444251504	3.318055667864829	3.8774230696415444	11.54360409689083	7.138986563234712	2.31222958478262	5.204041203357257	9.584332357775585	8.04630566215096	6.136895652379154	6.03427829575127	4.239485745716159	5.664208740943369	2.580720557259906	2.802985974165456	10.210001007041592	7.0245940143789865	8.112045772084965	9.080610909923507	9.092702441443315	6.647791047005821	8.064196146450387	8.444607967747102	8.573494747580344	5.451425593402623	9.443607462495995	3.4530457187052104	9.489887580405348	7.067296436230521	6.674664027666895	6.885520991797417	7.715346245975602	8.454615838510133	3.5627768832674325	5.735963150802187	5.543197477376932	7.012963452523114	8.000626805356898	6.464003816412132	9.91697657377839	7.693751396530508	8.504762525707031	6.7435228525973825	7.9918599124094785	6.7153514804308685	7.090433543040745	8.523767425103562	7.867936163809674	6.292654783200401	6.327776334238407	4.6304882487452605	8.339838073638324	7.212082623166246	8.46048222071857	8.37727445093249	7.480947239433143	6.975372299169742	7.973937686996737	8.32340238451463	6.214923613611525	6.903732228418512	8.889066390001238	5.450677514279179	8.350724398434215	9.927983895476645	8.529238928144027	7.178469756759091	7.22470818612869	6.778917382558808	6.059401608340121	4.8016714599561015	6.943068836282278	1.5840565905648067	3.7958530300974926	5.0791659301611265	10.33779718943176	10.282748521661794	5.272153047948456	10.62580775797024	3.0793734550098826	7.127286101978689	6.9888788480205974	7.573295204017376	10.416680574890094	6.872724180815051	7.623765695628739	7.0235507388499	6.176787553724765	6.397644246688935	6.729752731093935	4.078299315901584	4.6759617118978545	6.448810007772072	4.893206024701011	6.874403534251446	6.258509446157594	6.819921680047963	5.943721038279929	5.671572222217994	6.95426444113806	6.920292386068238	6.909234177042422	7.7757828131228575
P66287-07B-Run1_S2_L001	6.15876826138143	3.986323740632417	2.3018734231989524	3.140062977839784	0.9955741010536683	3.688308007009377	4.384172036578416	5.661766671448573	2.7921961382038303	4.241653612219194	0.9999958723919068	0	3.44632911654532	2.3097171804677648	1.9961306418766958	1.9888656483350156	0.9999051534167791	2.7948251745363355	3.4331658632392634	3.5671731529764474	3.996580837327638	0.9712206195278813	3.996015180187049	9.616052639385025	7.447223066820656	1.9888022263897416	0	3.8917693063318506	2.80097508285244	7.406431498034324	7.628365292057463	6.640234708230007	6.410034639710567	5.918314584993984	6.827144428285574	6.82150668178173	6.21778017077911	4.936852352250041	5.133698283051928	4.634009926037429	3.3145005278122155	5.044874916864287	6.841261641245611	3.4371962841963617	0.9974461599453046	5.049499139369725	10.467394269833957	7.6351827312988245	6.96562177784613	4.069660256340221	4.934615843635972	4.071491600893688	7.0923814412082615	0	5.661524717513398	5.602609364331591	4.230302181747388	3.449602916769992	2.9921106896958585	5.656521027721986	4.88719489807695	-0.0	1.583681004031666	5.117947063029924	5.851205640873096	5.313780046973807	4.3768401419483185	3.576268383700692	6.075531433952877	5.714076691303518	2.9843792257737007	5.962565532354058	5.301980703383898	2.5837031538207778	-0.0	5.544849288771746	5.045809594308305	0	3.4521131777083123	-0.0	0	5.606874478019213	5.898919210787008	5.689096068047698	2.580603793736118	4.138256127808178	11.559072465289841	7.446435908136633	2.5842023306218342	4.946266122167334	9.635441690605841	8.188795039330945	6.308517934264781	6.215984059925706	3.1676222234772573	5.606138511884804	2.9916369447465874	2.5807617141328842	10.277266041990943	7.354274916301544	8.097482659182283	9.383353985007865	9.623510935347076	6.9657023826906945	7.865871233745634	8.560215377806239	8.71978843566012	5.66139445290711	9.752015311215768	3.8007490654175093	9.611526613353702	6.871482501339914	7.196359293704521	7.373577475479408	7.837656978342213	8.65347785171028	3.788000989673906	5.760696445839171	4.900801558068995	7.008029920854837	8.235360016019309	6.9879171858878975	10.312455659290485	7.888824344878204	8.863276260066566	7.262169302296452	8.27325812766747	7.0407248953993635	7.147274562208218	8.627726246614436	8.199387237526627	6.793366573110384	6.69180371817898	4.514026433671557	8.5477641429047	7.566895884530022	8.836098303697916	8.759141175700464	7.965326802052919	7.2612552862382	8.337529745788144	8.708637593957727	6.42411570069264	7.111719598039118	9.389159184689854	5.846195361521753	8.90550212166069	10.224511189923023	8.922164213580533	7.608588810790795	7.423251463563836	6.848598489054591	6.20264201019796	5.452409979483478	7.073266617219599	2.302839768707786	5.155655012339175	5.198042666263754	10.463497528654099	10.386846232783602	5.110254463299379	10.686029381142898	4.011139460133387	7.307578601600848	7.137327027207805	7.955653818894988	10.652495374876606	7.463794714321511	7.86095977126175	7.319386621997434	6.629569485765589	6.740937899993168	7.145872005013834	4.576193002015476	4.386417770758839	6.072912465564487	4.9912092428756365	7.355119805365907	6.896648360184217	7.166136396592467	6.177848141796266	5.7509212260809	7.123467543483446	7.041455717995501	7.052061955525729	7.933869818704676
P66287-09C-Run1_S12_L001	6.450449117683758	3.8972259791669828	1.9761925451178128	2.5530075791761644	0.9940066339250129	4.16300946026075	4.451805731705611	6.198980609997489	2.9877129602085173	4.45310584639127	0.9849960610505297	0	3.576043510277958	2.307393444846954	1.572805700276135	-0.0	0.9994019177294773	2.3112979214036478	3.145527669883937	2.573781396111605	3.8042714377443345	2.305345978541467	3.6959687368699816	9.497871518250308	7.464957044131124	1.9865652079375415	1.5826487278773056	3.160596802157557	2.8051490970737927	7.2764158865161415	7.399101330332467	6.358070907104915	6.37632394603958	5.916666984347992	6.655339046417343	6.636850940493458	6.196231963575826	4.50904859685464	4.919315841883003	4.516082772980262	3.1629954183381788	4.822250272358019	6.7686849738146995	3.4411621527967204	0	4.825542726187187	10.45024533428632	7.650069594469669	6.7183218769549224	4.2325228663359065	4.983302603986711	4.072446331348714	7.0746905450189015	0	5.5160114306015124	5.380294418859325	3.8916281372744934	2.988617518486967	2.989670538703608	5.765742279464647	4.987071057673022	0	1.5846475663071335	5.236926734006387	5.459798200637849	5.275485272152376	4.083110128167473	2.5813773233689026	6.445300557150412	5.870716206716363	2.988827677477571	6.054423223633821	5.194584360898079	2.9971116430306664	0	5.133539215098755	4.770935712871322	-0.0	3.4538587527931193	-0.0	0	5.359826530071808	5.641566062933052	5.458680648333585	2.3185719328874166	3.9685886683482763	11.584042070677793	7.565726028869659	2.5834633150899795	4.945642304525373	9.597728724304776	8.09332850852283	6.155636096846779	6.312015357588821	1.9993552468884377	5.7180853763843755	2.9930409582728683	3.577653544275669	10.215280059243243	7.398874774972152	7.902112810428362	8.818418836122818	9.345655939913737	7.166810047004091	7.044304861340019	8.565884496493762	8.645415911977597	5.450604216843434	9.685633026909445	3.803578948876443	9.648901830542512	6.95641457167848	7.388249986440287	7.2841688536326865	7.70891324398432	8.681480356233049	3.4314959081169043	5.839812793185527	3.897550159312743	6.920272677949272	8.138839425264425	6.95471016482495	10.211001677198615	7.891595941611736	8.47223280801608	7.019694191344034	8.204212706912674	6.8951746614884994	6.850094120910618	8.404818844034125	8.16090748120827	6.831608682718725	6.7320025802726065	4.385303374971474	8.375354944292406	7.182837674442463	8.617644889012576	8.585587546470071	7.89465977918006	7.241911926125651	8.279546136520421	8.465992059204797	6.0978902158573955	7.036467644996112	9.270005037776805	5.897052820844205	8.441564005792385	9.946604551177218	8.890017027015437	7.520262768418787	7.329510907898694	6.606652820549783	6.4009496796601235	4.851071518912903	6.905835233368587	2.3041439729988102	4.238990972523153	5.120246646120457	10.43475860390439	10.381119935486648	5.235239854873923	10.642895324797934	3.6124669558431597	7.1573803649296375	7.097007430819679	7.800801249719374	10.56182246826754	7.129548250430941	7.861762924040194	7.130014047260031	6.726815235670712	6.805277096537518	7.094703281411385	4.453656056689373	3.3138381451127628	6.1957991476702725	4.9455224986332915	7.226790185913741	6.919662417061158	7.205918692142016	6.328637918585203	5.696945771290297	6.90552761902232	6.858941465945464	6.858941465945464	7.7172390440580845
P66287-09H-Run1_S14_L001	6.571626923171065	3.6879116740275113	2.3054708331665092	2.766551911953052	-0.0	2.999496713284164	4.315897341617394	6.036625164006676	2.5788157346905165	5.034549150616026	1.9993817218535606	-0.0	1.9927197786302473	4.312839033864119	1.5846613071470896	0.98950903172123	0.9994368652013577	2.3078855119467425	3.1488674776476424	4.361704039938175	4.636666873271468	1.9781478577868912	3.31939465183935	9.341194582745898	7.216348362619984	0.9997439479920165	0	3.576791750174515	3.661330742129501	7.060539076237341	7.060360472634432	5.985873480730767	5.7704225496472885	5.687236133342934	6.156689297537605	6.560922993803986	5.990214406591973	4.077785720677144	5.255152164743381	4.638141880322074	3.1645316105676233	5.011405394072428	6.365149293691564	3.894137169099397	0	5.054128948371078	10.24619699578473	8.26185490729813	7.271927298755888	3.3143579617304897	5.002840523920499	3.3097628888356176	6.755892627558156	0	5.338364549782634	5.116803171365213	4.231634405776208	3.656999314162869	2.3136071861080483	5.032109655056374	4.380141032943515	1.9005466456532663	4.52263959553296	5.4418891473558935	5.6473421470788585	5.387474876831519	4.14275960079253	3.079337723891766	6.676427544437863	5.809066573258893	2.5732453241916935	5.606975403033951	4.689293233509061	-0.0	0	5.1785956967389914	4.7769955350586235	1.5791836955922962	2.5770107022598725	0	-0.0	5.491777509638677	5.671498456757859	5.63937948285987	3.2955780131559664	4.837562214736978	11.614381121942166	7.237150583222889	3.899463271486746	5.345416384060578	9.580735227786125	7.833844164840745	6.118055288679155	6.325494597949677	3.6805176612812804	5.945350403167072	3.3174304491043056	2.9932191975992364	10.491466444404734	7.20897100831505	8.59231386305294	8.73619477816614	9.228833455481185	7.160465407337723	7.662777115356595	8.125037940548495	8.594739371910004	5.7702708716500135	9.7057795571651	4.212377112637197	10.009164557577058	7.573360478634823	7.320491204901681	7.678285574547401	7.510311238827901	8.891870116398822	3.44011603402543	5.683545716126866	4.5108741495633	6.6200694620607585	8.218656151721705	6.745169150525981	10.278378289560411	7.5419401456820445	8.383048040653849	6.730169970712795	7.929963557766944	6.892597557236765	6.616095283912411	8.416847499834804	8.057584249126261	6.92775026870421	6.466801715303526	4.237518329697608	8.236633590188482	6.7680511600856805	8.4020556386408	8.5810940980569	7.408386093892554	6.83388727926106	7.948655433350628	8.329822157587286	5.954030076337643	6.987793911493238	9.339979260412596	6.210755514432623	7.785574381654374	9.878304824250478	9.28461011979226	7.291967854666638	7.198671815239243	6.551591059561044	6.723835916769066	5.693461196668231	6.64491526358914	1.552595446077621	3.995658431251461	5.447372941306646	10.388969924398014	10.334569162388448	5.797247147388693	10.526119579218665	2.9311037212383257	6.781573244751606	6.873028801973058	7.557337754612084	10.640182376316856	7.100126069446472	7.90388953014604	6.945017823074032	6.379504756458949	6.429973790209567	7.064757891020154	4.241642371751243	4.24630607718491	6.053870335737428	4.629155739668458	6.811697209656769	6.275805069463128	7.413540290871562	6.180476071483007	5.5913808262495195	6.6582422560890295	6.658707178319411	6.64491526358914	7.426374215169286
P66287-11B-Run1_S21_L002	6.583717092685387	4.158604699595953	3.1527272654416203	2.773205607295127	0.9982383406949977	4.452969695245206	4.3116362874156	6.0310408403056925	2.5745948639856713	4.896399102988917	0.9989094865048911	0	3.68557333614277	2.573005506774985	1.5829426575440297	1.5781835600373348	0.9999523429480179	2.5781676071323485	3.295794767937877	2.5763217472553013	3.693766591668335	-0.0	4.453840531491001	9.971650541821033	8.133578105050672	1.9863181434474615	-0.0	3.7977768643140704	3.6959967919930694	7.6574370373752085	7.525650571001101	6.5508254188271975	6.9499213304636935	6.477896810330106	7.219570163118196	7.198532132997608	6.67022588604392	5.3893146248071595	4.920030575408237	5.268884432617493	4.576012313859984	4.869106582937278	6.960815679409203	3.4376920263705335	0.9999942349016242	4.963000834146852	10.696897386578616	8.365892033717085	7.607050640288023	4.445440693882071	4.933799761398238	4.8877504289860445	7.280183445804089	0	6.291537990269371	5.918083401054959	4.376222085995912	4.794290013448395	3.445528898947468	6.004975107536125	5.269278944054291	0	2.5764347529539684	5.965140945732422	5.991122740490596	6.171613707102742	4.243345685559736	2.8021332960332583	6.273983955111315	6.304551208455758	3.3030123067395945	6.360808380264607	5.53681608309782	2.995390071188253	-0.0	5.3178788376156705	5.420941106937738	-0.0	3.7912200345744407	-0.0	-0.0	5.5783546896493315	5.825716222859022	5.606879928777692	2.803337204661248	4.1349066159803645	11.650754418011662	7.413824594828463	4.4429906731050215	5.51452290105653	9.979617424228785	8.510330817502119	6.569956497356114	6.096267426297616	4.161737311246642	6.179157369748866	4.233961545501806	3.7949971221530476	10.343454759757686	7.519211303874372	8.335068223942265	9.043261731306382	9.451100324212565	7.1986474855832885	7.431164328188697	8.664517319161803	8.843833203208112	6.309148378009658	9.748580896077376	4.238265446444819	9.829983561746621	7.381238170072465	7.052046957861133	7.328792052064753	8.017421146532692	8.545388250454197	3.7836919261174136	5.811438066097518	4.386947906429593	7.053516738464599	8.171664227095555	6.951788477947822	10.341952451256743	7.959376348759949	8.668088217740888	7.287519882633123	8.458517188109846	7.197088845021419	7.10531655114488	8.79440974530068	8.304185389532373	6.805201404938106	6.5746503418500595	4.443212484716159	8.4410790196814	7.3219111857679975	8.742407296009885	8.753065957277633	7.957797810924645	7.2128524150611435	8.371410225867134	8.638564055531836	6.320655411534688	7.268030366656838	9.428174345975593	6.010946171928304	8.885648549868499	10.192268071363207	9.037785928940764	7.646705465260312	7.1788219539762315	6.772292145710461	6.529231650144882	5.200154851874379	6.930748234744505	2.3017426712707243	4.513714936661247	5.713937536983915	10.72577662691634	10.611296242818428	5.437276670847828	11.07971237635698	5.546205400690626	7.7491235366279865	7.3897443689012965	7.926245173500034	10.691483365247953	7.3781473039347745	8.001614835960883	7.422477551359885	6.509855178484293	6.844208899903131	7.233017502872227	4.3813187551516135	3.8041096979315157	6.215490715679688	5.6036264781791285	7.431307632816598	6.845693452196845	7.094856883345806	6.292887492670253	5.722250920014382	6.985527291743591	6.907691244238715	6.907402975038823	7.945999247578625
P66287-11C-Run1_S22_L002	6.327960908452251	4.234674495440571	2.563845918514358	2.966735818708111	2.570748451271225	5.237669406176414	4.081689761519913	6.102191485095483	3.442575927458458	4.313364182748698	1.5795215885291851	0	4.071991731628238	3.6858922609493963	1.9990186113068167	1.5751907764713118	-0.0	2.99119196385685	3.435090550929114	2.579265600325994	3.8017304673553873	0.9667741828198545	4.239644317731621	9.610383738755461	7.398175357357764	1.9956952268584132	1.5830775434190008	3.6879280923666626	3.319304455751121	7.255908978075486	7.508918392151528	6.439013033388103	6.3418272637997575	5.793191330116944	6.6127176141187185	6.897038514936561	6.380584205835625	4.684176845566269	5.088160234453502	4.575977864738891	3.696088336126521	5.2023932708285825	7.0616998383131	3.2974993375260215	0.9993822357558526	5.086640254788256	10.465138449381298	7.522219959373034	6.729259664000366	4.070519735469911	5.060845065350974	3.684557679734348	7.194603307938753	0	5.989660073647641	5.896290217467553	4.789783448751007	3.7960748132946516	3.159037306355438	6.005449456983646	5.306669924644244	0	1.5849293385510275	5.075709575300785	5.607257094290871	5.3835773361960175	4.242671873269879	2.8003920027422664	6.076088976907269	6.052521078442581	2.975966004825706	6.307420387117001	5.711341960197171	2.8058356032319907	-0.0	5.416511172033492	5.04104527522257	0	3.992018983860098	-0.0	-0.0	5.632985630636033	5.988763186935751	5.7681544362068315	3.3104698212374934	4.358998792996974	11.587951982600607	7.362891815054539	1.9983262893797298	5.036205869906756	9.729509962859485	8.19796870909541	6.253424669952909	6.527954549884015	3.5831771835626736	5.605362663353055	3.3153560440984107	2.9954344019817696	10.160266037030036	7.3631616077510715	7.948045945880816	9.13629878780005	9.439801163808065	6.918772204578143	7.999717932644685	8.512895688097727	8.678482125971689	5.634135185700715	9.54382959249288	3.903571335144025	9.529189180264922	7.160009695162288	7.186859237575083	7.219402483407316	7.786380887254947	8.59498936919383	3.7844727459118928	5.837682458543064	5.07307635970698	6.869539781850957	8.187204692005709	6.917661279781783	10.285862489766204	8.01313593058459	8.613191953318374	7.020170851061167	8.235947619954462	6.951786257420924	7.166762851179449	8.676127540361673	8.01742946924969	6.674207905670518	6.515314081480207	4.157016486105628	8.5187137258825	7.42400949833901	8.665469730096069	8.598401297423099	7.780716176878513	7.112831279411189	8.287525502209409	8.583743916074251	6.439516805908968	7.111357203242945	9.17766785946858	5.82206111477487	8.913622035977047	10.065603343651848	8.855314126337447	7.431335684506284	7.255501939525736	6.860763460490903	5.991658883726481	5.162498013547655	7.104677637715437	2.3033636822202745	4.63241096117214	5.273026330440051	10.45935377569677	10.364050729092675	4.738425589664809	10.65344518424414	4.011526811471431	7.361326627893824	6.999623026790686	7.890912837235697	10.525006156058028	7.283202508856584	7.846892434970488	7.1687767792288355	6.583433554132906	6.752788868661213	7.04083709215925	4.575213046125952	4.569803593428314	6.05034412892949	5.076156552987023	7.177909090829761	6.66065768822688	7.018740013837383	6.1777067345167005	5.827575034018247	7.15319343534538	7.114625982686851	7.104677637715437	8.042651306555992
P66291-01B-Run1_S2_L001	6.445994804533478	4.235497436980281	3.148355729460127	3.4260481023954625	0.9990376598071069	4.239867677186859	4.57555733712091	5.871583575988204	3.1514504044366127	4.797667212519272	1.5808051148128506	0	3.5684692809366285	2.7935460362548894	1.996053149301283	1.5716881374381235	1.9969063912648202	2.79923298294928	3.4329405531090886	2.797657369566938	4.242482315303977	2.559384777813418	4.162787333863317	9.846601858816248	7.5463030827650694	2.308287069338939	-0.0	3.6856615932007455	3.3172491847740204	7.532193693359884	7.777559680240651	6.720088267524051	6.56782573318691	6.093305239501045	6.887875037824121	6.984470924234613	6.540189302166899	4.73935985969483	5.280971574605797	4.847474313841088	3.5771045401397727	5.312329931111632	7.122330360552786	3.6749926353766584	0.9999345661763691	5.3133134676020015	10.6223104633664	7.909007457680282	6.9994135326270674	4.373172367442657	5.141782938876908	4.069034163683681	7.34146659407273	0	5.990358002439474	5.86970507156541	4.734985184584296	3.895778410043204	3.1599348631583752	5.981456109715473	5.269733926519395	0	1.999024036739552	5.445360135642992	5.870154836706711	5.772107835059328	4.386503816421257	3.3141349464597996	6.344295465491369	6.132889615758322	2.7909129151660017	6.288826520166229	5.788883121135261	2.8045982538535377	0	5.572652037857992	5.2388510322690305	-0.0	3.992614161063963	0.9999966556585125	0.9999682719664938	5.767242337158732	5.987338527400621	5.842295944115855	2.5822159473724056	4.045118791738621	11.584470615996631	7.7137908782641205	2.583513448528296	5.448481080993964	9.790326507152665	8.368855208850755	6.522884894292946	6.3963870959920825	3.9049072608754614	5.988558119436133	3.6935549752342656	3.163421414843798	10.39546390069939	7.594637377596414	8.276402185827596	9.52849938822781	9.696586746672358	7.299725059859616	7.7552751371710205	8.854098989847778	8.864950036747716	6.009757000000828	9.857216619752704	3.579744380427375	9.826371912934338	7.137613114431909	7.40272169184038	7.519979803541728	7.972412398423368	8.80581682981154	3.7835617033350784	6.263044382660341	4.575766789019234	7.124437066116532	8.39900684204805	7.104669474166209	10.413907271424407	8.041958350178986	8.774049014994626	7.259656310022717	8.381581991284072	7.163446854571908	7.239634948653908	8.765083836569692	8.402922332995951	7.029412200597859	6.784456345327803	4.310498037154819	8.728420577355925	7.6143636480912384	8.934891592194651	8.900925346172253	8.040127410834641	7.416600098954985	8.55875715801542	8.788496977145469	6.646373951860336	7.319139947700655	9.456033240580624	6.073246925775575	9.523101927081449	10.29922215592062	9.068779555849714	7.733967458453535	7.503408985518084	6.978168214430504	6.499061606243391	5.5148591111541405	7.19722892422259	2.976234006881267	4.688207720689062	5.344976288479994	10.640310145045163	10.51604911417591	5.22656193308866	10.84476714826535	4.379448269342261	7.499408651004372	7.43519825105682	8.197708755671453	10.750029323685649	7.396532837919135	8.026806617416595	7.421896236597388	6.73814881889123	6.950290940685866	7.260598332071416	4.795395171792683	4.242816513933956	6.362257917703275	5.0754594234925605	7.47902460383641	6.976984158902238	7.3252325763657655	6.379013420650773	5.985267642618774	7.186924709173934	7.1779655009864065	7.168313234793462	8.137365316736267
P66291-07B-Run1_S17_L002	6.197411613462243	4.157853163209393	2.2958143100033697	2.969443643447594	-0.0	3.3088711478926425	4.3835543719370795	5.766483946427598	3.1473955185895335	5.030664592419046	0.9994265002423133	0	4.073895211470169	2.3067180203687245	1.9959529003401149	1.5743647502426668	0.9984365482442612	2.577182046112018	3.6746384095217115	2.5791650694324937	3.8014614635629127	0.9872385034072324	3.9014034940575537	9.7902239486602	7.52698094473938	1.5782040572025542	0.9992065166437623	3.4503387833276706	2.583705656734438	7.5409259696974225	7.775180285192175	6.623145981741801	6.593951067233404	6.206271854833054	6.965864972861793	6.705707000449611	6.196869498998949	4.7391239628631086	5.216103320710121	4.384535495281931	3.31458977964815	5.054769859451265	6.7658864665855525	3.687149641866176	-0.0	5.424473513878886	10.554763951492411	7.6560022155583525	7.201258143830904	4.3045865601415985	4.787147934175344	3.6867568526108805	7.084131062354864	0	5.513199001344146	5.510738041365459	4.067835665538164	2.991221201426691	2.797570303085825	5.657205576064861	4.983942099544742	0	1.5843335152288938	5.511389244398491	5.674247640409138	5.4187778912920095	4.165769055567917	2.803286993263044	5.846066733902248	5.660822246838736	2.9864040153046516	5.987557072651564	5.1127214459004655	2.5823887350135717	0	5.428957134148581	5.175028490349493	0	3.3142252657229854	0.9993232857434884	0.9987668458569029	5.75391898873596	5.806697630399916	5.722458433283254	2.8053885617846195	4.726002233772356	11.564376860509926	7.263095995955033	2.3211259130414597	4.79941001396576	9.521487080998487	8.357312096247082	6.290745503215885	6.118259184145422	2.8028966981544334	5.5444830104657	2.7996028387093546	2.3123244297883527	10.279374307114534	7.320486758304831	8.255481558426922	9.328003729858164	9.533457049869499	6.88218884399765	8.070002026799703	8.521239722318692	8.706782147672532	5.663679649296391	9.522481594677334	3.5766001227357123	9.580568276740271	6.94533488494993	7.0843958642482745	7.36552859948104	7.849174809965281	8.63366907918501	4.070865572029643	5.863958288618535	5.024988598394044	7.074711698536023	8.170574792344748	6.8912848986208	10.234407125698644	7.858185513842035	8.935690195516695	7.084449238623254	8.38431415810319	7.095317173392908	7.177469838677797	8.842636093898387	8.081999688667237	6.602458914217156	6.415880053896179	4.239356298261491	8.523543806498889	7.7153956618863555	8.85330914730749	8.73717494635136	7.874886305828022	7.39272725779611	8.442147749988022	8.664291321478048	6.691077342798398	7.200191529068649	9.256580295325769	6.139348041077201	8.756685870949054	10.167066889111751	8.811377804308531	7.55690710798706	7.247166429394903	7.026700018346388	6.2592730376870325	4.852791447904565	7.213799918928438	2.298745988218181	4.512778698895348	5.710510249604528	10.549714432388615	10.424890503083867	5.536633529730134	10.835504513153484	4.176814975474975	7.461888302092963	7.361469564192748	8.101718608978578	10.568489231229306	7.256005466621187	7.842261596071356	7.10756861739547	6.713772271224106	6.740912515733382	7.275293717375773	4.575274359187552	3.987661847607885	6.136480248445109	5.120155196322831	7.097007216395879	6.74335009595325	7.126775326984364	6.158935864552771	5.898425495776182	7.24148784126785	7.223106998390678	7.213799918928438	8.191687660304266
P66291-07E-Run1_S3_L001	6.768621361512827	4.0725337018864405	2.786724768039228	2.7714128588410416	0.9992781376020052	3.7990861557295545	4.576870858102103	5.797071312628229	2.9872847948126253	4.312402742133681	0.998655213387592	0	3.441698898549757	2.7974821080730945	1.9953424230158268	2.3069705737162245	1.584055756325693	2.9867569172031763	3.557221366436077	3.1577050792916124	3.995605218939654	0.9752726643772966	3.994412300470578	9.695053377960198	7.470255634742868	2.5745001960526457	-0.0	3.3097208822662125	3.1656220736964493	7.503886472553763	7.56891323738677	6.788507908829796	6.506029225378627	6.0726602247536094	6.839372995661444	6.845940137426685	6.215476211026529	4.790461116176758	5.086415399757528	4.4490196043814665	3.5778911525782937	4.995716228681301	6.752627935750144	3.561803555932702	-0.0	5.348002855492637	10.516715542963347	7.927750256759654	6.858576184871774	3.984501517909111	4.787302577093171	4.070359368800355	7.1141929803751	0	5.605801575008487	5.6332854462278945	4.305855068467414	3.5759513818931077	2.9929533212906234	5.7109304773255065	4.935614747324536	0	1.5835670550384178	5.075674159784207	5.690249691148144	5.691442024943282	4.316120619162471	2.9935324889888824	6.271639779162492	5.891176163532123	2.7916665371668654	5.865516816884949	5.474411798866909	2.9548610050759274	-0.0	5.417341908239728	5.080426770487856	0	3.1629466290300825	-0.0	0	5.768063477834082	5.848428645048379	5.714950269449395	2.995694027093189	4.289027201812139	11.573262418362859	7.5260464958334525	3.162273720640039	5.483030219270051	9.624717758837706	8.282887939347818	6.377257238162229	6.2948307917786535	3.8037015354258363	5.745102557366929	3.7996395363210356	3.450212273855605	10.311231843546745	7.615892930775835	8.236311148120135	9.506972977029914	9.73381542030307	7.271311708589896	7.454911323508955	8.602722653559235	8.691687911507943	6.013512687804035	9.725425501418027	3.903889835869328	9.867895139987917	7.0127421082483234	7.486489451608333	7.472681714744886	7.88662481020675	8.738405942305015	3.96997491856898	6.001627552429411	4.451285605179276	7.136033631816543	8.280960858602665	7.0849361393417265	10.407194420194147	7.952314423406088	8.72544690719033	7.185355164079296	8.396312451406605	7.0514596671532965	7.157617338661519	8.703415535794939	8.264524826226594	6.939785022389349	6.745264440362094	4.515985916673771	8.931296612548183	7.565991390218851	8.931476965888148	8.896474139670831	8.067138385958646	7.348854932738248	8.494694064050321	8.748601097467361	6.594344645824264	7.1418724747882765	9.325262427573616	5.794865703593444	8.709052868478965	10.17052843634715	8.958621668340061	7.594851358049665	7.362458650001831	6.772209766094044	6.6776737477949535	5.4178325336151305	7.162026933137997	2.3043852977278263	4.896003919282106	5.381483278268451	10.553268675865725	10.42433207665642	5.230305956784008	10.730121729979697	3.818294634127467	7.307247783242783	7.16789115889521	8.070580234743744	10.738892497747363	7.486894136975842	7.961425572498284	7.28239278195037	6.724162291568786	6.840678326957285	7.250274961613423	4.745598131939321	3.454292917198557	6.069225985287534	4.742924462620822	7.334881630640786	7.021231339540846	7.5710165621896515	6.289171787442635	5.8232461771942665	7.190635253872252	7.152398439968794	7.1426284906943645	8.101166255905234
P66291-07H-Run1_S5_L001	6.447026916940131	4.075309916592514	2.5641913093220463	2.9670518606546117	0.9960598756212113	3.989967322427059	4.385412363661254	5.821766072429323	3.147877002543504	4.519272510403907	0.9998078180892639	0	3.304304396994513	2.308942441367737	1.9973899219468896	1.9874724633087855	0.9997256826431573	2.7977520613832425	3.562751575566455	2.7994547893576853	4.164445174023092	1.55793626340355	3.992643992060863	9.657621684622175	7.478667381085568	2.313747918881482	0.9968586192529775	3.686699481366629	2.805683362144087	7.399227772954712	7.569119631372968	6.5365308733643905	6.625996888550695	5.961461838872992	7.026032253917678	6.7585894869990915	6.328379803084303	4.683274012754397	5.281770240176542	4.576240322213119	3.163689418739008	5.127296713113316	6.853020364433847	3.5614582908321477	-0.0	5.206039209456634	10.529979853626049	7.963129330512512	7.032497734759169	4.070647992367517	4.933160288351465	4.23093990071277	7.2216722964009845	0	5.771190662801246	5.5732528092889675	4.307179124202706	3.8989916356628367	2.990819242569298	5.712155735487168	5.112195575347971	-0.0	2.3144596199502097	5.116647062608223	5.773404922973653	5.545935241172502	4.450298511591112	2.9940485141928352	6.398895206647428	5.8180521007455726	2.569193996993859	6.111445133890971	5.475942604944414	2.321153084792594	-0.0	5.603410822995657	5.20166076818367	0.9998505384152094	3.578832621683543	-0.0	0	5.5759363023316935	5.848796152219204	5.794946380072166	2.3202849557055174	3.96329603566778	11.551262792947346	7.825160177740141	2.997744204689057	5.313980630686368	9.741757984877113	8.19786375162108	6.410584276952799	6.137171365948863	3.5841571415368216	5.8226766538137635	3.9919143090415106	2.8044053536599876	10.462039431622252	7.550886654357775	8.255069827437026	9.115118123363104	9.46492764763399	7.1586958868722945	7.503187502930634	8.726949609243714	8.775261903397176	5.98950395346061	9.84597735673741	3.6948515270333613	9.799809846917704	6.9079888019364954	7.236363921751003	7.347793947491561	7.929104919957729	8.836264213562899	3.782391927023948	6.421808083082624	4.946725114766832	7.360280408438068	8.434141699132926	6.97591420184073	10.612689323020843	8.239688880456093	8.642554177676526	7.103167318772853	8.264129061768624	7.223985042188939	7.075815766389853	8.576156183163317	8.251334901434149	6.8681748522991075	6.921334444119891	4.451817243965508	8.513519365092826	7.294889516278674	8.755206054488735	8.725880876177976	7.9181336891685	7.242148353694987	8.393268007342805	8.748623128433946	6.390800859154981	7.180706040217163	9.397170817623582	5.8463347509501995	8.66355090276568	10.286542376937518	8.901506912681333	7.709043487356976	7.389551576442156	6.886995339427314	6.577156249656381	5.202528173312859	7.040483077994447	2.3009799102516784	4.4471396869909166	5.3814952147178525	10.561612075137534	10.428417905859131	4.935503133210481	10.690690346255455	4.246229564711358	7.342778863369103	7.126873932947578	7.9899515785535105	10.720135195831418	7.397262098985197	7.995130081914913	7.302141528138966	6.644569838170958	6.893231267972332	7.215240092761719	4.513684976146997	4.081336359300546	6.214573203467811	5.200259357404382	7.337531325531467	6.836024355414657	7.32582431317063	6.256320821526439	5.750375695439496	7.0606683255359215	7.0297780435308885	7.01910186516689	8.016366350547377
P66291-08G-Run1_S8_L001	6.615254481534352	4.074626937423894	2.572396803415214	3.4301017989051483	1.5839537714668834	4.161250238240837	4.452865318262417	6.175125680856198	3.30125859533068	4.798353297673504	1.577783565081234	-0.0	3.3032999120504245	3.6806954184259673	1.9960296188914803	1.5802896433649565	1.9893351417819198	3.153628575273952	3.5616028882218074	2.316579389446971	4.164476581030675	0.9793528269835312	3.9939765774885743	9.72865665271767	7.55468633214127	1.5676237119562277	1.9965682961315339	4.07249356868828	3.5797460778136716	7.605969514133592	7.5743381637211575	6.580254401314147	6.613168130973974	5.962182024204598	6.864955249784942	6.950729894923679	6.3956690137421255	4.680715617826813	5.270229651179145	4.689101843703868	3.576061987020667	5.374575928578201	6.915169292036768	3.5592984503084564	0.9997461977708705	5.2329950657884305	10.612545085920388	8.050477004028814	7.273362346065588	4.230816355323811	4.83721726922559	3.985567818703644	7.16478452534005	0	5.920270283318822	5.894326386336294	4.569177456994616	3.5750011743914913	2.9929782345442635	5.914507029039956	5.195296041061542	0	2.3192034345518096	5.570921821767102	5.817390678198194	5.631480347286264	4.31792761282993	2.802105422933069	6.380151740721475	6.174818089837283	2.7895999352821943	6.360586777979611	5.62614014497115	2.99896942092013	0.9989262514279642	5.73819849259651	5.191662466108689	-0.0	3.7999989404798953	1.5845056204717103	-0.0	5.655313318932664	6.07115515667907	5.934746358977273	2.805011466800346	4.1339859285240275	11.664615911496297	7.659539894509213	3.1691231161203666	5.512886915665357	9.814213963611188	8.390792046451585	6.508748311373278	6.3813077084236545	3.4566908730164143	6.237116599238392	4.162615150869897	3.8012052153425193	10.291148010750545	7.51807141481263	8.353093972623423	9.505910640543526	9.639863387434646	7.252764780944452	7.738232811559688	8.854785408374905	8.8976818304283	6.274112540659074	9.920243035392193	4.241356138430109	9.720194617652316	6.943393330167985	7.3253796864267375	7.440170859084824	7.903295810235412	8.61089479947723	3.78589856640967	5.884251698735215	4.740907220935874	6.9738502813389385	8.334640606801996	7.174674701879076	10.355633890396449	7.944282850386499	8.61677750437715	7.277900853299647	8.377945730485038	7.2415036287007135	7.1760344486005625	8.585651734640567	8.322827274921545	7.134273337772991	6.861438918569653	4.692794806447421	8.731154766622376	7.510560707293283	8.824379952588288	8.786826483271405	8.013475368976616	7.322068876221562	8.473325347273844	8.688948651698238	6.387693262387729	7.1982792445285115	9.375269919460202	6.174356817201286	9.428524563021002	10.196450262833531	9.006039554368117	7.753125793722416	7.565213519843804	6.90825026403837	6.5459683705064595	5.277800403029882	7.038065937574728	2.300606034455959	4.571487793090894	5.5102538696205245	10.616970996055977	10.513317064189334	5.534743602721846	10.876129960030285	3.8199997314506136	7.612640181465562	7.427691147493655	7.937694166403996	10.701596514930703	7.30026708383084	7.941800747841635	7.3887333699192	6.670123658116498	6.804841687270381	7.223041575022823	4.4483597586193575	3.696850249153117	6.233448022704189	5.156559363374536	7.414835877829191	6.883658757175962	7.333490530960878	6.3102341258685986	5.772492765890829	7.079162491325844	7.02703899562213	7.016310652061187	7.958664883617454
P66291-09A-Run1_S10_L001	6.217374536176453	4.236849718495497	2.305328590219686	2.7778151632087256	-0.0	3.5770338953371805	4.080585035145686	5.34760971600018	3.44624831179376	4.901753551099889	1.9968642400667633	-0.0	3.1567035491755675	1.9894177608980155	1.9939128503470576	1.5736897555178815	0.9995164093283202	2.5806737532255033	3.2875677579362246	2.3166806452751305	3.456282049818215	-0.0	3.803270461757519	9.584505142734283	7.657495516050988	3.1606529276171194	-0.0	3.3096030727486108	3.98004111835006	7.19023814349568	7.557147004177594	6.425677924708363	7.559072532867222	7.112522597999971	7.77615274055787	6.856895176336802	6.2363217024042985	4.737244079057678	5.2106179704350435	4.79648120175724	3.4467809181675504	5.351436786747492	6.645620559700369	3.147679103558009	1.999719609775471	5.319382456858809	10.419299230006475	7.4999491225208095	6.559809817754268	4.156400125092186	4.930701170154542	3.6827669026273346	7.010158341112221	0	5.824543019790435	5.604985815467617	4.304783631390903	4.489826384461665	2.993440022847195	5.626940155769592	4.985332120152363	0	1.999919087645869	5.073483417839128	5.915103882627963	5.4185363605909185	3.901371059826114	2.3155929970330837	5.845560447645502	5.540372050663653	2.792268972188525	5.919395350515854	5.228094954774033	2.569519516081459	0	5.512618679447209	5.124661351409377	0	3.318271351248967	0.9997197322384013	0	5.91803371323047	5.89371707622616	5.845911015011709	2.320227578013206	4.9247590524229725	11.552937174024535	7.227517613465054	1.999908323319575	5.081510046257692	9.357807160586711	8.119669519894236	6.138028065896009	6.115970328642086	3.168153716663854	5.31432971733728	3.4545343478006516	2.5835365327077553	10.225007208790007	7.188636925024162	8.42247181769295	8.988052512592574	9.230916130249442	6.782496165881951	8.538804494161196	8.561606720648276	8.672165713408331	5.544705538364297	9.480016684777864	2.995279007647622	9.381733694052773	6.603705524465284	6.964615740686534	7.0877498553425875	8.681168858304131	8.53932908519116	3.6872584705145828	5.596774997792291	4.579965028076797	7.073803619351335	8.14650063027299	6.96474067504072	10.43004786603514	8.040270548479423	8.657269610904773	7.083159948680403	8.35856384342824	6.869950854919253	6.898805011378409	8.552006379098826	7.848209190840258	6.542333903471474	6.240428393042562	3.576848446006486	8.42658452647582	7.171849597261626	8.617354674096813	8.511760153308478	7.66683899090918	7.11372174473	8.218825118954948	8.680737178412356	6.5212706435575996	7.24803239782144	9.063538156234639	5.662819021447035	8.647331476094502	10.348135525203633	8.676058220170125	7.284384341549463	7.1790292311141	6.620544073467152	6.182348390440162	5.038521205129045	7.033016234369695	3.672368363289609	4.628911386511081	5.1999124818937155	10.365271845877738	10.302067329767745	4.8433432031884305	10.582542638369782	3.7287416753445877	7.187958302627882	6.929985045424339	7.824230413858612	10.447990025658761	7.138742036177289	7.739436020249564	7.024085831808626	6.493911118758987	6.615103511143698	6.88180957565206	4.515460980704554	3.6978017306050726	6.416958063527524	4.742867233265859	6.944184091300209	6.62070985330997	6.806084296150381	5.942903176923569	5.801956947679135	7.042922793766707	7.02228668489302	7.011696279227711	8.056457081778872
P66291-09D-Run1_S11_L001	6.445329571002415	4.157556594448734	2.296636622493552	3.1406880564226065	0.9992623435811552	3.8978632808967983	4.079797970613799	5.921590673365827	3.1493847961589094	4.692319882528077	0.9950733018377431	0	3.3039526716178838	2.5749073738990256	1.9972794193899999	1.574079789666202	0.9994849552541384	2.5746838211352605	3.4334045335259917	2.3111359078918303	3.9952213615824443	0.9980052415123413	3.897275300739469	9.665877043751987	7.492839702009691	1.9858230902241893	1.584485635572443	3.6853939166342027	3.1614202147993815	7.37298630644786	7.560846962035795	6.4892901940900805	6.3757100286963775	5.845256047988918	6.750225500069656	6.9025884224384955	6.362616722493868	4.838507852717376	5.454276304159768	4.3799594024274215	3.3130326245440247	5.418988777251462	6.841271851163695	3.6802621906262156	-0.0	5.63245008640871	10.515181965290424	8.041422768919512	7.043766351894286	4.154138424969137	4.933592206812373	4.231755704642851	7.132565428796636	0	5.573773017386752	5.634588137564061	4.569923694815632	4.076425098645193	2.990570374367577	5.738266811793223	4.981878060817386	0	0.9993534743032775	5.030884493198946	6.033745986556201	5.451057071912424	4.2437180746515	2.9963688563989384	6.032312091582647	5.712134126274442	2.9791681362889646	5.980592943349735	5.26684520340823	2.584402632808776	0	5.818146253520379	5.574614526901978	-0.0	3.4526569474523585	-0.0	0.999721656200437	5.820369986223019	6.09703073498852	5.869524940967481	2.582208913791616	4.214250911095483	11.577371622261888	7.479235750340874	2.582389111916914	5.450416947072045	9.682853537398254	8.231993878863687	6.413716652138858	6.310020253359544	3.5843889094285397	5.873523949646494	3.6953651794616547	3.454177574917133	10.181761045275673	7.389643805218453	7.959577394385355	9.098616684077209	9.4067732456496	6.952992618102503	7.712711871441318	8.89785237143895	8.782383536893418	5.79498935687286	9.749730257863831	3.9016755426842	9.673659972060992	6.967003567807404	7.205844822381697	7.398537955940659	7.733678125641515	8.529399569264886	3.5640213756237773	5.886962087468728	4.691096771064436	7.007451782758175	8.215059660060016	6.986207658054218	10.243604221976907	7.933619306740865	8.603184743428406	7.083226723152555	8.294811620787875	6.941086552603911	7.085046888007069	8.590249006571273	8.13875717236715	6.780028047462293	6.4818307778330215	4.3142994380537125	8.473451765400412	7.431618027849105	8.734225085581485	8.673061266952825	7.84473926634696	7.211858481529866	8.36674597055704	8.620276545376155	6.306272088316847	7.068549884905629	9.252156098704969	5.846479409493929	8.844235131297571	10.088527484814435	8.876960018515685	7.462691547363931	7.389734868252125	6.6485854266137565	6.221295601120792	5.163833398017919	7.02894632503032	2.5597435505064903	4.511578354961429	5.198431071866134	10.541955993997343	10.409283962097453	5.069397636589497	10.742117420052109	3.7191130333030937	7.452427307529094	7.165522300245979	7.956088036050413	10.591601994919822	7.216594692655994	7.9200809512470824	7.274209325169041	6.568516420053417	6.842192806292429	7.15504397372265	4.448328870677781	3.997680599925657	6.251000375620852	5.076603863079288	7.282745213114805	6.730991709064022	7.135180524852627	6.3278932460312545	5.748575238534565	7.039008184801367	7.007597920706417	7.007492498880158	7.926824473656565
P66291-10G-Run1_S20_L002	6.343780047022519	3.7981524474389987	3.445677745347881	2.977182643375307	0.9988571883903369	3.574775844834202	4.314509682496402	5.894846345678032	3.1508637181239076	4.691514893204419	1.580849122588178	0	3.4430481778661566	3.154989287372385	2.3156634315385674	1.9918358093648476	0.9983139261878131	3.1581302540780696	3.2915929205793013	2.5772691257046425	4.694698660397329	1.5574510519335882	4.162420182814563	9.794198151067592	7.486385540832683	1.988983449703639	-0.0	3.684624721107381	3.1637071149535725	7.5630902469232675	7.746273783350138	6.549641229423274	6.5055999452837225	5.938923523289912	6.81252680033458	6.820381657819353	6.461481216644162	4.840438180912197	5.203032167326434	4.744051465334015	3.449777470310001	5.120669399354291	6.949246381925788	3.783230634021671	0.9997912849868125	5.346769417650673	10.579199066425439	8.034289027460126	7.07639769218756	4.1508831851483015	5.144247154685454	4.070769656145407	7.2511313502591435	0.9999575008018644	5.871350236354337	5.941283447925977	4.502437346492764	3.7957307291220324	3.1595758156473215	5.863683453217496	5.153922204635424	0	1.5834705375105784	5.379554280723779	5.793948328702343	5.718355353010787	4.387370955776271	2.9945102020228327	6.235389699374758	5.891354983067387	3.305098640149668	6.136296518717532	5.5060611350941615	3.1670471759972125	0	5.8824694045586225	5.078677349823824	-0.0	3.5765994164410513	0.9990554616975942	-0.0	5.816160614715509	6.113530651227213	6.10772608316852	2.804696143776192	4.2847798940438455	11.60509012641939	7.686880005789378	2.9975544027344725	5.383694269829622	9.956595594844437	8.473006443594835	6.41227468601083	6.343706797564807	3.9985807032277103	5.822777473918011	3.9017450714231248	2.9939452961987096	10.338017684229497	7.56598189816666	8.243866104493103	9.251630701968317	9.605934933625074	7.146670626472601	7.846784498094638	8.777902852254007	8.798699137976179	5.744535264203965	9.827841263913731	3.9920048994449044	9.784185265061403	7.021626604972716	7.368928978063698	7.473400974420188	7.954899253798036	8.744557458891135	3.7854705078483835	5.979272956655015	4.5140991880303005	7.040078870524214	8.312531802030161	7.074062547235558	10.383300374407629	7.9887718445998965	8.703081561706874	7.21323489974252	8.47677785780233	7.144214645417471	7.220981831431929	8.682251128171856	8.25933912670886	6.818289046992256	6.677018211831404	4.240865099282088	8.639008185549367	7.447377272267836	8.852192917853264	8.85363259418224	7.9851853229134875	7.331357399740141	8.5628475943792	8.799074709143175	6.560867131271332	7.264990548457898	9.457368876048195	6.234167805112257	8.947359329620785	10.28140206992883	9.025698404358534	7.754400779292487	7.4394843987964245	6.860310859461467	6.498661348245367	5.201624795645671	7.089426719564843	2.301531534939413	4.510282733160138	5.631817608717922	10.593649612433438	10.47247852042214	5.375355254096866	10.787552128718078	4.006093276090636	7.4989506679038485	7.385089181966444	8.185776047164138	10.705438218293963	7.371365166460153	8.017403350420363	7.431885377475233	6.642806957756723	6.962766586627874	7.316276959826746	4.745782816065854	3.900970028375217	6.233126204377755	5.077251004290032	7.448668343775889	6.8964738438941255	7.32512667979037	6.381121136790294	5.820680748827097	7.078484137081142	7.0788592695839885	7.037208203294551	8.04667655268553
P66291-11F-Run1_S24_L002	6.413328015519613	4.234828042308978	2.7880587174083025	3.6777130525196164	0.9956855265795326	3.992932327105742	4.237584342883457	5.871014889348115	3.151097536849145	4.2444259691746185	0.9992226399163426	0	3.572852398629706	2.5725987841340237	1.9942926983178504	1.573744195102723	1.5825564467476483	2.991734329115976	3.2964819339463154	2.5773346277176916	4.242912774888559	0.9693521415597031	3.9944863762271523	9.897254949688339	7.50165952487142	2.5728276003094783	-0.0	3.445400164783305	2.994725864997745	7.406195595793075	7.6050436184858805	6.535785295598442	6.47387032653432	5.792117623789951	6.876266736599672	6.9186599535519715	6.428166551206902	4.890150186521745	5.131213966580309	4.692425711696803	3.9919634068763803	5.002296316263621	6.927598519868005	3.2992673199578095	0.999990446787625	5.047934377985069	10.527232173865496	7.804864156062951	7.033914832004771	4.2322522766862445	4.885884651308663	3.888350522718969	7.2707099102906945	0	5.871004671676313	5.797061194014864	4.230477646407595	3.986110580092881	3.1587092209589698	5.887785633014954	5.07044944767369	0	1.9989242093817354	5.309725353950933	5.69250638337189	5.546294515227296	4.449005334252386	3.448737610939261	6.138004221249475	6.116970014655311	3.3007019613964776	6.271135107246813	5.507118321897626	2.320469203749575	0	5.38476522748267	5.042500494849942	0.9999482208064482	3.5711200965269283	-0.0	-0.0	5.5146564310819635	5.772756346977329	5.604947149760397	2.581832230976916	4.424796769507076	11.567621866239927	7.430736363679852	2.9969502596221678	5.078555322424239	9.662121271064827	8.296572632865148	6.360826516046288	6.381473293342595	3.6992820998251426	5.68995091582343	3.1634151319280694	2.8038281909596257	10.184637582116268	7.439917990112194	7.947830430108227	9.1270236319834	9.516099592686079	7.116422907603779	7.36290109872062	8.55124519827543	8.71545111386532	5.717956195498144	9.690294972441695	3.6943615622497075	9.76193277955443	7.001420518249784	7.50305529408539	7.512695744545988	7.793037454475516	8.55372470424459	3.784861552931129	5.813285363288252	4.314206349024477	6.975582199351374	8.17704065160983	6.964276239419797	10.29134254337604	7.8757152065868725	8.630886505152898	7.083020326418796	8.268053139227236	6.9749902601978535	6.999203602730545	8.742462978428014	8.11372481910615	6.807432848541415	6.482080125346432	4.1643421053122935	8.539347819118882	7.424243238684365	8.846968553508269	8.732505166254075	7.929195398166422	7.3142640814474404	8.430524921856783	8.697322501145175	6.355775038224645	7.090079627657042	9.314047281140153	5.919385051243335	8.962988948167576	10.181120632567657	9.013596824416277	7.471379339383366	7.3636361833741075	6.7322250526355205	6.295799116013458	5.2002642851754	7.015059120114848	2.30315755066473	4.6299664358338415	5.602973040782946	10.537168750141412	10.404842390904697	4.887708943390393	10.735738561456188	4.007424729652221	7.359689161334544	7.145944912512698	8.000816568270576	10.571052962155697	7.336939889065826	7.915164808748027	7.292764248137535	6.738822399729641	6.8922937617359805	7.175721109029518	4.743977153144156	3.578942235861346	6.174968138952939	5.034279322637129	7.3371663954359025	6.931967296311345	7.280105990779509	6.5430228738859695	5.773081531719225	7.0565541953849715	7.014940011040855	6.993516709344405	8.04702999711037
P66291-12D-Run1_S29_L002	6.103643014356137	3.447979342164723	3.9228980069341093	2.5722656760756863	-0.0	3.691834025997742	3.4551464043531777	5.162962679488128	2.57716178279943	3.697185098993068	1.5839043629642096	0	1.568056672439842	4.138226598177719	0.9894054651613629	1.580409816266862	-0.0	2.994653127943308	2.557873570670822	3.5676386241296143	3.1664039850639316	-0.0	5.466682548999173	9.11823883849532	7.178813897516781	1.577539998917883	0.9989500267718852	3.8934451317371677	3.164356035319861	6.938811077115092	7.2551101834316	6.224108174034702	5.74233647042934	5.237556028109101	6.215287837850127	6.722015806357958	5.873662437662023	4.235411908025007	4.615326848075272	3.898251815145458	2.5815988998364667	4.364990828380238	6.291973109365982	2.7932758741477004	1.9759886893554954	4.726367193535192	10.235368081112187	7.859660902397774	7.0853200338307225	4.357712555421832	4.89222520370084	3.6751571555174043	6.81066930644741	-0.0	5.542333331093775	5.36597649750668	3.894120540038076	3.986682256921313	3.163050575518217	5.530891532953619	4.572761161414182	0	0.9996606151460202	4.968122777732699	5.0636067676704535	4.636493694223166	3.4581085203262267	2.804869711133574	5.235866173614651	5.407869218130038	2.3146880747670218	5.798429713838513	4.8959272468891815	-0.0	0	4.920092357655078	4.494069693181411	0	2.803789281305011	-0.0	0	5.551172549746616	5.8521695770094535	5.324635066082842	1.5847669396716495	4.437252945700149	11.5816262792297	6.978313668768129	3.2987747965775966	4.242190067502722	9.31160926004184	7.827372830996648	6.033702823884552	6.155337119887682	4.491447247351147	5.384320244552768	1.5820315958106466	1.583591024029198	9.749830250793728	7.220391451794092	7.726932920026797	8.98867677517049	9.147352094822033	6.7591381591538635	7.734337355251865	8.535135184597408	8.52221357314893	6.539730667930075	9.458492713540755	3.454365496682346	9.407469981248799	6.714220386162699	6.718031278476143	7.368641692716968	7.572823489175191	8.69825734006512	3.5582056843469707	5.0716429872354025	4.687384251172631	7.077311612122714	8.289159549928385	7.044919775611343	9.888946371768597	7.592294635445539	8.456612244985418	6.61761852471221	7.97018299576769	6.513976932420392	6.740169283861084	8.21837426524978	7.8767324137414105	6.790715492603761	6.37097699261691	4.438407575891009	8.652608727921567	7.192510639758732	8.455731902269628	8.444072922255287	7.480299955633777	7.017835030240673	8.012972041888366	8.465347950113046	6.272409992211708	6.881022984709615	8.880452705192159	5.348585771231341	8.4299773836384	9.928562346575717	8.564723272242844	7.245740658178134	7.297154630155277	6.418996130405759	5.801635714433015	5.375726146950108	6.854181948511774	1.5791375374141183	4.753309083680351	5.162443842658135	10.274013309110883	10.218006166402562	5.271364181834721	10.437427146434482	3.504005925400618	6.883669458717089	6.634234654774423	7.370644382231903	10.429538785167148	6.961076071932452	7.716565236434126	6.9098752958210055	6.514376229086918	6.539380841878119	7.044469209379483	3.696140300880726	3.698470977167682	5.937636008818831	4.4532561728279285	6.653206942884808	6.569584374388486	7.390785001298409	6.165145055459564	5.5912301030711715	6.8671868278891735	6.830014611177372	6.817464125635527	7.651705284049691
P66425-02E-Run1_S6_L001	6.557583248486139	4.733282980480589	2.7906542094223905	2.550080073499911	-0.0	4.0799529387726725	4.691431928137043	5.822462114697778	3.443249733599912	4.08259498374738	0.9996544805516611	0	4.06737561683382	2.3062304758285737	1.5845141474931386	1.9862613783155467	2.3152419844702554	2.790293271689929	3.296628804342941	2.5777165211590884	4.579105444360295	2.9770924879593363	4.313420116882375	9.65884010497634	7.415543839246089	1.5763774599612528	2.804577204243256	4.303875663057054	2.8055408692294552	7.362330286522201	7.41494507711955	6.522413757615927	6.251641503232705	5.572503087522345	6.628019059833387	6.707882939771235	6.463119703897576	4.307019427449619	4.918512567016853	4.514467577057328	3.308742300324582	4.81941843065446	6.713919553761915	3.5653610606690673	0	4.824917161456866	10.489423330241594	7.942659677156348	6.978272141597727	3.9836405831412094	4.737448755998587	3.8889876562653174	7.175767045853107	-0.0	5.7202691409421	5.512840073426482	4.072004447103009	3.1605427894729736	2.9924238668482204	5.629710337069376	5.11443169422001	0	1.9958094159589157	5.379025429696666	5.46201972809156	5.480050540143725	4.16563871635711	2.803632240339472	6.617419604293915	5.841562440503529	2.5655258166013786	6.117372422276641	5.19673678651372	1.9997124601242722	-0.0	5.456111343355768	4.7672035545252625	0	3.696033032556409	0	-0.0	5.2889456056229225	5.724587459136906	5.580255789016796	2.8040160701000665	3.9705087552109166	11.504443507514603	7.741414042149224	2.58360808198341	5.276134478082895	9.846578010435778	8.132481739054906	6.599088016488249	6.160058517953312	3.582517500001885	6.055349764567756	4.163539829609516	3.6913185768114296	10.505840123433282	7.604064287217431	8.215735007817608	8.914337665517165	9.607034457275883	7.404158293966073	7.571101156209157	8.774943857923088	9.11340364073173	5.60677276967366	9.88206731595582	4.5185055679688375	9.904060623730858	6.836266612253185	7.502944008266163	7.6415688759095	7.786867899623462	8.879120296225455	3.7864126166592573	6.13122005449684	4.900084988564931	7.145444515677393	8.339632948145312	7.053040856073286	10.317197665933502	7.793524154599537	8.483734743241506	6.939165521246732	8.313241845093257	7.042767841813221	6.885923175594618	8.600298212004496	8.199748297242552	6.905008477683797	6.562118356309857	4.635592148860883	8.526447005846032	7.193507247233219	8.757439454101977	8.821431993886305	7.993445956027677	7.307353561493538	8.45185167460176	8.652240747610067	6.289120929791911	7.1772361500379285	9.460689392476258	6.054831884202851	10.772223536328726	10.216795907604544	9.169662902916603	7.713075111037987	7.581905139522303	6.70301205618447	6.351069408379318	5.349034826228393	6.997465464237182	1.9884911267197731	4.633525206812206	5.378782874104469	10.561052134083802	10.403466798407747	5.444299463822767	10.731611426825793	3.731702125288097	7.335461740126856	7.362143223211861	7.827015362204136	10.742644696635754	7.2744485770227145	8.14777611506615	7.302507868944957	6.659540737562323	6.891732193140624	7.206499421169677	4.692522347579666	3.9037533535337277	6.272645230711816	5.12109185545891	7.4976670665867395	7.056859166408137	7.454843250933368	6.449017702388675	5.750166689818446	7.030119730005111	6.975286977611299	6.964285637818776	7.851058533017181
P66425-02F-Run1_S7_L001	6.413131077530603	4.508295753414266	1.9775897844999628	2.967495419129927	0.9964939155251098	3.689956072769432	4.6357776762675185	5.895340824403947	2.986130148596811	4.163939843858458	-0.0	0	3.570726257618552	2.7913305512298283	1.9979936799408433	1.9836728677050595	0.9995425696778928	2.7941182900436647	3.2955725476866107	2.578077440742213	4.389025707499267	1.9811541544507005	3.8018020613680408	9.623712270975936	7.398108315487489	1.9908943160469788	-0.0	3.3095184902299355	3.1654202680456986	7.328973674700443	7.6985398783978995	6.836785589579572	6.27114855783339	5.76838451201681	6.670643545273625	6.705615852322796	6.380517420334981	4.569782387914518	5.052083750790248	4.635141847443456	2.9938260028444357	4.914441047102174	6.754649651429168	3.786944286387751	0	5.007093852606741	10.506965967266439	7.791545100379357	6.845781565182366	3.9834776699273644	4.887872843436315	3.791090354999068	7.176360865803343	0	5.71799283279154	5.603825820252943	4.229570848594835	3.5754023010182063	2.990993644731311	5.656871354133815	5.072585963788122	0	1.9974532674052825	5.157196367629622	5.61362476983595	5.6625094331068935	4.4537442898931925	3.164966577596293	6.289878965830568	5.7649527260230515	2.789056463938236	6.095135380547118	5.443690434478161	1.9988538042135628	0	5.352156685449064	4.867739324443517	-0.0	3.578693580162154	-0.0	-0.0	5.355786491106724	5.696146493964991	5.518435046285855	2.5816795097915466	4.773494203472201	11.556638979857139	7.672036603710164	2.583505764015354	4.945790690011709	9.66192038365541	8.147780374116062	6.477640461899064	6.199585894782537	3.582866362995523	5.872562298712115	3.315412002702841	2.9930201791558604	10.320425935316083	7.558151858069846	8.004608539550656	9.433718861064905	9.668279544699839	7.243685678200549	7.41448615641123	8.554879165393697	8.738865229987917	5.69172660339181	9.85046632296342	3.8026397305320123	9.975255336246677	6.920832644383819	7.470967558785299	7.536357098713813	7.759822471967743	8.765425849723483	3.6810231179144832	5.933655683565794	4.383446591844613	7.126104645829693	8.171815120996374	7.1859306475639455	10.323416614906554	7.8890205461210385	9.028065310434728	7.134802748756343	8.332229536891255	6.8929472840200665	6.893950576607748	8.942115602253745	8.103678674401658	6.858120050312702	6.718052416839662	4.239341527464707	8.709167416296255	7.549108046524527	9.03872756714705	8.971780244956099	7.980415242548319	7.304989951594831	8.548738129245121	8.737414426650766	6.7084701983291675	7.130947179225645	9.378000628172062	5.893421366946102	10.241501952151125	10.213075314102479	9.045564812862322	7.49376225552487	7.472270885146024	6.784535315632194	6.367697410770385	5.313934773158721	7.323988587112163	2.304318699116953	4.687312212222156	5.196848031257571	10.500007650504728	10.430695604166242	5.108891449986329	10.715044454041376	3.9180134420599466	7.289859665668577	7.272667456210685	8.150162375356608	10.75135956180015	7.5357376749596625	8.066014548946905	7.389785366789952	6.84320776910019	6.914096136260149	7.288591430858051	4.575539445566821	3.3127834856377496	6.341660417586504	5.159536457099394	7.414259969395533	7.087059129262343	7.622804320748761	6.44624330462854	6.186134521036588	7.372994234396617	7.314949808750903	7.36522414363944	8.335891966722084
P66425-03B-Run1_S10_L001	6.362781612341964	4.074823133247238	2.562252436171363	1.9658139715341685	0.9993694745515597	4.746743825304441	4.514955006754303	5.965447737976614	3.3012666519711362	4.577190998039652	2.3154684543250155	-0.0	3.8918170478190097	2.9915927505609297	1.584198816000994	0.9894101652379461	1.9973948304453546	2.800756212838388	3.4309536661116313	2.5768756998266737	3.901044240896982	0.9601897015356158	3.9939693340524762	9.613608465089277	7.664793325009974	2.3124191894508073	-0.0	4.682746853814035	3.3179367150110433	7.388937960094623	7.6540185896210415	6.457063726026223	6.88926428022422	6.529011879793165	7.229263949168838	6.9408798071157145	6.494412907394977	4.791810435888473	4.8745568511732005	4.6919271381469	2.990259490452491	5.088958893418457	7.221575983279993	3.5652838377675926	-0.0	4.824362333861481	10.57362496598684	7.951439646532162	7.011112590508622	4.15184388974716	5.017952400048041	3.983278705172212	7.425893677409077	0	6.198685784608535	5.9882243444501695	4.7906210163377265	3.5755752596564685	3.1612026342784403	6.112683029190704	5.477352778771121	0	0.9994275856405148	5.116743866419544	5.45935399739068	5.634625525885689	4.24436604388913	2.581669028421317	6.074734368462638	5.985297918177312	3.1502834626076677	6.412174250599542	5.9150333269993025	2.3211491564937003	0	5.3866623732054455	4.817661481938454	0	4.315893227774407	-0.0	-0.0	5.389221198511917	5.696451351286368	5.452699984281085	2.998581412685109	4.612895543436064	11.572802589204404	7.5718189311023005	3.45665500224923	5.079689946430505	9.81695336226146	8.358191214320057	6.3789690308396185	6.446617500439647	3.1676928636896817	5.717492740081655	3.576292332862796	3.4578950824811017	10.36927635726322	7.46435196646789	8.36202772503847	9.166937826687104	9.528371491177891	7.234886383481847	8.46324304412036	8.683299082349889	8.884198754490024	5.871802081521031	9.7177115562517	3.693313473243859	9.673383677291536	7.11740887152314	7.493238394997674	7.29220350015703	8.076749484964019	8.670205750728089	3.7859829469600754	6.025704040692288	4.162922796888753	7.20529932737965	8.407700782090236	6.927926222553965	10.313076346772082	8.061204070327848	8.628246568297909	7.270068065165791	8.321161272058141	7.041057131488366	7.1042008620560475	8.564289311683865	8.070721418407281	6.754380397113387	6.498142133827031	4.16268920172117	8.512619165173817	7.495579303739463	8.700729678913918	8.725088568843816	7.9169332015375495	7.331709908940881	8.537102082058897	8.65464393134284	6.355416672473802	7.36549022837899	9.285391933467043	6.1568654033222385	9.01881977630759	10.24302105471582	8.943973365944103	7.780620949848538	7.363356772616125	6.907654415422552	6.277633762855749	5.0807671626330615	7.027938829660375	2.3026356525184046	4.693313260980515	5.65967184281299	10.607800037082283	10.463350972844797	4.976407558738368	10.793217179677113	4.245280157876631	7.500338243370639	7.215004922228407	7.973336436252897	10.599408321944113	7.3003412394240685	7.9317309834927245	7.282582224272639	6.656117573614193	6.854497163037378	7.2512853870453045	4.689761529773907	3.4546782648504135	6.250799089129307	4.98948910264839	7.2638616672156955	6.87202023025551	7.269913963264166	6.2539073268004906	5.747470857047133	7.03799421188782	7.01716736721351	7.006459786807725	7.920773400584369
P66425-03D-Run1_S11_L001	6.428990672018899	4.3093400651493265	2.7827392877934636	2.96834811822009	0.9993168838765938	4.161017587019882	4.6352573946926	6.009718645999781	2.9782239861472943	4.578278486891628	1.9971734958937088	0	3.567849645260333	2.562706168703614	1.996445536934117	1.5817656531741844	1.5821233875734637	2.9860139902502647	3.672282072294749	2.7966452725450806	4.080855190679195	2.296463401838191	4.240148101202966	9.796485180864003	7.560185630542496	1.9858862057430144	-0.0	3.5733248777015802	3.3167155145992058	7.493266551884204	7.6741347082399844	6.622598483084314	6.655196720894662	6.072782927868129	6.934863968396065	6.961195678996187	6.477537371462121	4.8900280001352	5.241208235079286	4.8467046274653045	3.6910982970443773	5.271982858540549	7.081510192225095	3.558926599222677	0.9999426092889719	5.2392004095454965	10.626764962635818	7.97899463300142	7.075344273717033	4.375473034706427	5.063605039215385	4.068539633188595	7.332083068095051	0	6.011460695651512	5.917535619563234	4.786480224225162	3.987372443400083	3.1596666438137664	5.981265575835476	5.269356689942788	0	2.3187777440319115	5.344713965223322	5.9140466667627996	5.717914573776489	4.387044469464739	2.802851853193104	6.214967440617828	6.113391329848699	2.7865252906193523	6.269885675696446	5.737495499595725	2.8043168852812803	0	5.684588882244044	5.234782690190099	-0.0	3.9922193377262616	-0.0	-0.0	5.686647960719546	6.006146577569975	5.934506660248888	2.8047352688165974	4.354833974579412	11.576382747893954	7.651063395004777	2.5836731433389812	5.275161863170126	9.775565643662919	8.294552743723019	6.460630816937999	6.447573614411488	3.3205708311865005	5.871728294412795	3.5772772094160428	2.993082172624003	10.380365945548744	7.579360847360382	8.27227156690569	9.395544716212294	9.624854225862261	7.175476321254855	7.891961483776203	8.813744204868724	8.877131748069267	5.966121609289832	9.846366250847124	3.994970226669539	9.824905573591346	7.197644007472826	7.394305517088122	7.4883365436574065	8.000453635108448	8.754308554213912	3.782538408494937	6.021553671806401	4.633868147155078	7.184441774043466	8.394527140266876	7.135532731820876	10.424557768370857	7.99349544712607	8.73845475649076	7.350139629146349	8.436523506074952	7.113953717035253	7.13258036925247	8.683599646294496	8.351678184943232	6.891508384662218	6.691067510792563	4.2391822863611734	8.6946475543709	7.571532096624398	8.873106638047535	8.864722904629382	8.00198999412954	7.390668683289825	8.516161365566278	8.732725971263473	6.499170179355054	7.218480166354395	9.40059200852743	6.115433156998712	9.265871577866728	10.263841343505257	9.068720777751187	7.711081086637529	7.455162060876282	6.872413740048032	6.664076258889443	5.483904549749812	7.0990299401584895	2.304245729642502	4.9444975667605675	5.345727881596172	10.633964205391319	10.518659095594828	5.188383025702773	10.835806268915304	4.163941360937526	7.507019323656856	7.341955843220738	8.046056929441148	10.733011823332824	7.404622722974318	8.053251396310632	7.396967141919899	6.7247580581779705	6.890751315092804	7.278773987007153	4.7448220154802625	3.995640222255121	6.286689995046349	5.196417854813512	7.421964358514536	6.966064489004733	7.377133182047065	6.39644405258645	5.826439872239253	7.187972143351371	7.088685277054334	7.078460757432383	8.051160764248941
P66425-06E-Run1_S28_L002	6.461364221516429	4.3098470462339105	2.2963895850373293	2.778550248926915	0.9975810174985429	3.9894457804601933	4.163120490205389	5.894142357962286	3.1499938723358762	4.451299546652399	0.9987525982856695	0	3.30293113415802	2.796282401754104	1.99616954499113	1.574424671499962	0.9997954618611815	2.5814743584221436	3.434733860500091	2.576734534487701	3.695301481484722	-0.0	4.3125506176723505	9.79474800106285	7.635220976032611	1.9872564057601556	-0.0	3.5667254790532206	3.4555295655166613	7.461357729935454	7.530931842389092	6.534826554977226	6.583584202135445	6.0520272239794295	6.888611718410354	6.86679792931991	6.480202689705139	4.626957933774113	5.205252988266325	4.68877901164768	3.3123846412673474	5.084750707171582	6.914149284917479	3.884514979773957	-0.0	5.128230250151204	10.632441968659723	7.7729980108532635	6.89698806258068	4.232427981290246	5.019982106929489	4.069197170923063	7.251327977585472	0	5.897893196358875	5.715458398931215	4.43942258123117	3.5733094567228303	2.992035966867345	5.889390248180537	5.193820926763861	-0.0	1.5834185797026556	5.197044906989375	5.664677030996677	5.692096628903185	4.164252623914779	2.8023394887245576	6.255419366470356	5.93945990461333	2.56970830780946	6.1750612726641565	5.50463469312293	2.580849197597075	-0.0	5.602579736608443	5.1644733842479535	-0.0	3.7999980414043755	0	0.9999389112458476	5.574735375591337	5.8717934424657106	5.6607368535020015	2.8050145094641548	4.134376836775	11.575153719575129	7.556925359168983	2.9987387726741703	5.239680866187309	9.770960042734789	8.30900060157246	6.521648148223914	6.344941013705742	2.9984297345137074	5.943130511115353	3.579233612961465	3.315976011059446	10.336270335020476	7.479584854201757	8.225322331264481	9.114436728748144	9.495505208261582	7.075041461834826	7.420480656791057	8.60939243806261	8.803948665235945	5.7178842110657015	9.730499468528574	3.9938162469255696	9.707602765281747	7.064987339197642	7.262168195720559	7.4156300636746755	7.898030420884947	8.707577697137943	3.8804706444066555	5.930216059790599	4.7992802320356365	7.019734757528255	8.316788320258643	6.975141594577939	10.376856302552596	8.143828041682719	8.633460794536484	7.174624890844183	8.33472073260204	6.9735708444133016	6.965565030549379	8.708399485366177	8.1728539826881	6.961931652314498	6.731801220419195	4.162975236668658	8.551561093029932	7.448396094139682	8.834303805339717	8.767943596304434	7.917132876711245	7.258915022233702	8.404579824049765	8.696324051563401	6.38904460278236	7.219129711467773	9.301382209285999	5.918448120873764	9.125882555519416	10.201000668496969	8.97902800965161	7.638407168477597	7.371842075842406	6.810716933495755	6.3671236584909305	5.161783038093767	7.02804382492443	2.767484188217812	4.569550461888797	5.412951351038756	10.62190033343978	10.506478943656957	4.93463092890266	10.840778701053692	4.097593488573045	7.476548983417783	7.435255259968645	7.878597946467879	10.632913051854143	7.254976741218726	7.976722872084564	7.217792338876097	6.614282877557277	6.780047313089652	7.114331502923278	4.511870142611356	4.082175899210553	6.155663940239946	4.988363795453758	7.3104502025618325	6.784343793015458	7.165960401855792	6.235817512007286	5.797715539604525	7.059304404394591	7.017109718038979	7.006422703140652	7.926071477275361
P66425-06F-Run1_S29_L002	6.461975518138033	4.377179664744236	2.562734696143975	3.2923804952372637	-0.0	4.382658357218648	4.450245603580668	5.9653334780992315	3.2967414628097993	4.63766358770093	1.9926598212837958	0	3.888917888204371	2.796675765402624	1.9943974571227592	1.5810679088491693	1.5824453272089545	2.9868544993356667	3.2943158998968123	2.3162286562976075	4.0822332067035365	1.9694200667544808	3.9942843027334205	9.895402556015517	7.577791647481485	2.575138788646503	-0.0	3.6889316909495986	3.3158991249058865	7.430037929373729	7.7273226560003	6.608703470066855	6.639446925952153	6.152988447545631	6.956939021353668	6.894344362404506	6.429659176729521	4.839969372439086	5.12958404292265	4.634447507747467	3.1623199785640272	5.084486785531931	6.914166269910691	3.6763511381565075	1.584838529649772	5.202869713532998	10.61706262423191	8.061414215676331	7.04261073970332	4.2275009032696405	4.931225363179474	3.78992838745977	7.234061191518737	0	5.821972574494674	5.894293273254344	4.56449581055834	3.795055573678108	3.15896104983467	5.81557455269725	5.15418313067024	0	0.9999118640559963	5.379316415808362	5.821178137456093	5.635147883035051	4.317325206808298	2.802013684011601	6.273029793446692	6.006615484599654	3.1509383317149857	6.271434240814218	5.506534364124429	2.8033731302725373	0	5.511135708161079	5.3100504253909815	-0.0	3.691569584110052	0.999021351781486	0	5.573509694782986	5.870993140122532	5.713987344533329	2.319316660402959	4.209981394390401	11.611707238988682	7.548135173514965	2.9978582056304135	5.239096024306474	9.731767505478452	8.317370035565684	6.4274845171473	6.291348258004339	3.319227960317946	5.966308900496876	3.8019037975325762	3.316288349365667	10.343359803382778	7.602354510297704	8.304187571822037	9.431702219071918	9.572091658761137	7.216600191141406	7.799946662569416	8.729044153469784	8.834909689337447	5.943546297886542	9.805790912472816	3.99497480644947	9.775741386825926	7.158928606944791	7.2986762489816455	7.398548747134175	7.995055853004258	8.757786047038637	3.9738237749232512	6.103285221522147	4.692782778014451	7.203772369439474	8.537134659704519	7.223736924723442	10.42472954804508	8.000755700766897	8.752522483688187	7.350400578703983	8.411947784268028	7.18342205089824	7.212469426997245	8.70802709895693	8.263650913991697	6.842643965678608	6.690617838009588	4.160938932924512	8.775268438809984	7.488039988033307	8.903215913368559	8.84706927159676	8.073496404844514	7.400471188445122	8.552401236249173	8.79854383576654	6.483554224729198	7.228248122501929	9.36503321090561	6.052754349450909	9.253828244326856	10.266706428790117	9.031710791788585	7.6653170071822725	7.439026469010495	6.932751607155008	6.38448759055331	5.385416738136234	7.026776519705887	2.300321677310126	5.034479017269837	5.310444770325177	10.629374324623004	10.498167832467843	5.226303602407778	10.846353337023348	4.089036498186273	7.568669251024738	7.288944847921861	8.00976391905297	10.714108142669474	7.396760380782393	8.091761607566495	7.406109340264204	6.752306351638694	6.938974246724377	7.3240928635838065	4.69068098898266	3.9010781017051652	6.393503472812187	5.196965641493186	7.439588854613165	6.976854440110531	7.25133438652817	6.380476874380744	5.796137592763634	7.046956741769319	7.015875876003973	7.005088735701251	8.030474222201988
P66425-06G-Run1_S30_L002	6.0141399896320165	3.893950379955646	2.7955617073980434	2.553342430112455	1.57803024966582	3.314153061589389	4.637259153033663	5.875183380494889	3.5736978054428894	4.165636293266668	0.9999817625136518	0	2.9902029875236833	1.5749924457107936	1.9987507745827688	0.9890991504970216	2.318657373692832	3.89418968749967	3.141493245058574	3.6845934978917274	4.382516847312971	1.983080963558054	4.940292179237884	9.33248224728348	7.305847908180271	2.57341383009985	0	3.3124075524816297	2.9882430187357527	7.270748667351772	7.308038007315621	6.539887925480615	6.307132919270697	5.821189333653518	6.627206028163636	6.441642752055216	6.056324886989623	4.235018401054403	5.059509509727558	4.242325862895183	2.9938853463717487	5.0132927449268045	6.376293061563638	2.789421433818566	-0.0	4.9252675129524395	10.329476929053294	7.774046100679661	6.895440173755633	4.504357532077798	5.113442581039461	3.9842186333778042	7.061604813846737	0	5.607055638422414	5.715284164195744	4.572396117009534	3.315698252639401	2.5781683905314425	5.379246096538589	4.68412676431711	-0.0	3.454090667173125	5.158226888036449	5.498872817415071	5.310710436956058	4.451242394271467	3.57289855398194	6.290961151791468	5.231982987510056	2.7913923677065338	5.74108544252428	4.844427916005591	0.9992043360892026	0	5.218192550153646	4.827219911985617	-0.0	3.166618731145467	2.302970584532575	-0.0	5.256835330982324	5.756412259374999	5.673321522306843	3.166674657099514	4.300383371822091	11.479310490015544	7.68902873363028	1.998641892620746	5.514208961229381	9.523198774330389	7.874118034558532	6.180801945005163	5.63529545114819	1.9978149191110885	5.872373247194208	4.44705638288955	4.23774663690292	10.41599596736858	7.704470625801213	8.179509176923746	8.979075832185858	9.680924518138925	7.292404103382388	7.190856169990129	8.412480453321502	8.549943078334465	5.547503245422805	9.832799652542349	3.802350479228977	9.922789723392516	6.664600645900853	7.595821057055055	7.77542286178768	7.826075513136187	8.700538488770658	4.151226574902411	5.940177738807887	4.312851492723361	7.033549318835105	8.268358172931299	7.283104619560998	10.470016173712832	8.083460855620816	8.630483847819601	7.405703425811637	8.38867219758548	6.965313882605753	7.004144242605504	8.46461852789139	8.167026137557805	7.012945107655694	6.873396426374354	3.983745156640321	8.644002340733273	7.124872095178824	8.826023248527786	8.896140531395943	8.148224463383846	7.421525767011307	8.732132813401922	8.787654966088258	6.102647542588304	6.982972571113347	9.465866704282739	6.012009696708519	9.276369593501098	10.45876339126526	9.088792127063188	7.729099899796778	7.44069070468037	6.7860434995781596	6.718859065394459	5.416991407079133	6.909652634312405	1.9932036594332223	5.202252791581021	5.309408140663336	10.415170298549436	10.260317571655987	4.794442382144053	10.559146374408437	3.9305270362597367	7.043235022225023	6.96684313981421	7.759099296285558	10.686282997152949	7.5667537521276635	8.003278417852083	7.511847547387695	6.881651913810858	7.09573802573263	7.371128308939304	4.944878122019519	3.3185255145734396	6.755769573989675	5.482213051256833	7.543814818362652	7.364296285885756	7.413120615797621	6.690177481865713	5.7014720780489	6.897685691970769	6.8862568251308405	6.8862568251308405	7.861378462494544
P66425-07C-Run1_S2_L001	6.19780146050555	4.160008770494173	4.248882918454117	3.4340003093209934	-0.0	3.8963539189662226	4.080794292251315	5.604497432015356	2.97828061001048	4.51664871805561	2.5779495873987623	0	3.796811979595699	2.572262664180384	2.318533653795729	1.5834327417048502	-0.0	2.5748059733355775	3.146810425496925	2.57499143719773	3.9013810733111027	-0.0	3.6952553537710022	9.64329860711047	7.520595685101808	1.5826407345652755	0.9997743262367742	4.575450748269455	3.316997726653412	7.247416371686914	7.493502921681232	6.638753798320078	7.036580943308424	6.509300077117999	7.255801583101418	6.997454958754607	6.345901091270408	4.6858667545340325	5.005011293186208	4.989662898760563	2.8017428147850305	4.819759484759399	6.806960921845208	3.438091812043276	1.5759382515746743	5.169354869310141	10.460884958785288	7.897562665062064	6.82318566398405	3.9837729078655855	4.888161315963528	3.79507100516558	7.074351283971683	0	5.663262042338498	5.658221318699485	4.155620687316903	3.157162139036668	2.7996191134972856	5.571173841236883	5.0740301442891	0	1.9984895951675776	4.938852068252018	5.667927718187303	5.576797705161355	4.388251995675053	2.9956508861586064	6.0749852923853185	5.79529918241703	3.3034796796916917	6.05328268988456	5.193070785821003	1.5833242997638872	0	5.575939593193805	4.911180371076794	0	3.455876935040215	3.8658562371831975	-0.0	5.663584357081401	5.944046182295534	5.576573574167902	2.581845581246412	4.548143518164473	11.586608995304642	7.41432006402116	2.584314261497389	5.202312741352607	9.54262078102098	8.165279604090749	6.343268609418864	6.270286038878779	3.32039588171363	5.576037324918303	3.316141331124385	2.582767233709154	10.215817701879748	7.3717721235372915	8.205829202058906	9.379482912246832	9.468801973303359	6.906894033517438	8.292507924745907	8.48404162389096	8.653075280381282	5.746166261812625	9.554912654412016	3.4564531194844554	9.615525325994748	6.785290568375766	7.262027636044952	7.160541488066213	8.053847798284647	8.470054888919325	3.561072374731604	5.649221743873811	3.9923051781301027	7.062864230993791	8.446781460659071	6.8703587044324745	10.298204747699218	8.079149959563205	8.73684594095811	7.1552794806972555	8.529760584009976	6.913837277179988	7.147472403970034	8.558342205461443	8.022895189992997	6.644802901395113	6.238579855167496	3.9936585261478057	8.520974450560722	7.37276872459034	8.75895950759204	8.695154376249482	7.8452219304737065	7.153023808414087	8.350583312605988	8.653093775370643	6.322704043559755	7.0898463817259145	9.148320545816397	5.795431553105899	8.85487720434237	10.114433875381804	8.953106933600631	7.487326722271049	7.1986222237709265	6.604917513813294	6.1610727587322325	5.451404168107549	7.050321919776402	2.561861245787989	4.450435714424092	5.077031111986878	10.452632444482306	10.369263108419364	4.73906356667794	10.63984523198307	3.6205628597319284	7.270611245020451	7.1060052720940785	7.8672880414211726	10.527732836422231	7.187896746001489	7.848179774520723	7.045009098964454	6.555710604118435	6.700472018416853	7.062612546035717	4.575526022928758	2.9934809687239947	5.915998643668872	5.0322419409215176	7.11844645088736	6.782782521566107	7.0630167521542955	6.011711206476111	5.747559300372623	7.028335464502643	7.028641584920718	7.017983075126112	7.897301330388015
P66425-08F-Run1_S7_L001	6.395828390858855	4.233547659587328	2.5640117243114893	3.1351545963992256	0.9990048986418613	4.631013613236804	4.513484946044174	6.321346611048605	3.9623029938506646	5.570387989456035	3.3171941167111196	2.5618345050560407	4.508511554035328	2.5720748863043617	1.9961924220398535	1.9819339293928344	1.9979313514382424	3.157123615609926	3.5569603156889484	2.576034104223207	4.387546472776542	2.297235992462288	3.993883184627689	9.807730901453924	7.524345677971398	1.9943763450675878	-0.0	3.448667195112088	3.450614459840514	7.404686533378359	7.616783771370055	6.57891673210946	6.682192511848355	6.0302838884012475	6.910848334872705	7.25893235533691	6.5411843864312065	4.980443603279661	5.169849360267571	5.07748437299434	3.576492526392092	5.416374086369936	7.465179932443106	3.977917329578698	-0.0	5.205425283236883	10.626868420143103	7.8677160752995094	6.999895743444017	4.838456607225946	5.181303926610507	4.06981757860287	7.679187010343421	0	6.3611830919508865	6.195377032323516	5.152279741840529	3.989001249192806	2.989729698238367	6.354134186993536	5.565560210999496	0	2.321186822005948	5.412994532604089	5.7448058909982915	5.746038018092817	4.242994780820919	2.8024360163959514	6.254839111863899	6.3778621115705345	3.7859680351877034	6.505006932490314	6.151823899801527	3.1649794788736236	0	5.659916761605565	5.238439865444499	-0.0	4.38224566895302	-0.0	-0.0	5.818029160684911	6.112703397488704	5.842013906056653	2.8033544155219214	4.423818952484613	11.582476044881977	7.593384905069855	3.168417603667172	5.240133374343219	9.79562406866136	8.307500235206701	6.444176194039192	6.793535194139185	3.5839384281243936	5.797045431116293	3.8008193216661184	3.16411286388114	10.384789493771102	7.47809230915949	8.27664728379821	9.383640476213689	9.560674307760392	7.176264500156025	7.7556770288508705	8.694454977740671	8.822232742092005	5.633194606554921	9.796137773523473	5.114506387089061	9.741051499434446	7.54775637386175	7.342760809693979	7.34719094076654	8.033359119475854	8.734562665978585	3.881970495250403	6.169063529596779	4.63676302145045	7.123417957768551	8.386746343517167	7.15424695526055	10.442026760094503	8.09964457894675	8.723107390232581	7.232387113149597	8.352339283846584	7.029247742587712	7.3144925156210165	8.780658365187183	8.343142398013804	6.76649063931436	6.941826014185882	5.234803578697287	8.728851816842948	7.447163198159263	8.882378958405516	8.757096721639012	7.909594233415457	7.3294907447917526	8.470023813976544	8.72629751700235	6.45312999430482	7.218558164248312	9.332007647438223	6.2695130684139695	9.681117555216348	10.239089270471743	9.028800419870072	7.7271614931147035	7.3964925304264355	6.908593961298517	6.499165742158352	5.384477034469538	7.080632640021928	2.781418201633264	4.845135341621268	5.541588924325978	10.620886278587665	10.48733310840083	4.97870823299334	10.8401606067137	4.086676990253252	7.490789051854138	7.24235452135211	7.9646699353517505	10.644356284180795	7.343950396470205	7.998724354053115	7.326822351605845	6.710348531687281	6.816333094958961	7.202561493712589	4.688170115043823	3.9941517453885558	6.2121185332185345	5.196398718772519	7.3269546683630224	6.858608124790352	7.203467433385816	6.325801137696302	5.845987507074268	7.303856456282229	7.080462894191125	7.080293233591975	8.061950687269235
P66425-10A-Run1_S13_L002	6.139912118453221	3.6921309836753458	3.1421665956436478	1.972216896023563	1.5848009274917991	4.89094115102993	3.692510598489532	5.511900547470928	3.2909824956505345	4.3138680415678925	2.5761193073477333	0	4.3042115796636375	2.5785550434247635	1.5843146089645277	0.9847249482123739	-0.0	2.317054335847478	3.432963461357831	2.3129121700069377	2.997342044913406	1.567656096950416	4.242071492738909	9.41002523715523	7.342009973265791	2.5826041608850536	-0.0	3.310420953235249	2.994298661801525	7.297994148512304	7.366338875587288	6.457648709225596	6.776448632178667	6.604697105919562	7.1819375734822355	6.693324208432182	6.120573618405025	4.73884764820582	5.013064436841102	4.4498209369154	3.9009419272835237	4.873929253757594	6.742012405227411	3.149405053882036	0.999983447673783	5.327280615597062	10.318181971761648	8.748343274678074	7.284614078148045	3.986629384543657	4.973924860960149	3.8940433345527725	6.90635818510891	0	5.604379995369668	5.649804006468979	4.549343684301466	4.543614504067881	3.27406815205336	5.837144433431416	5.113578057543993	0	-0.0	5.193982473075124	5.617806275836511	5.080994849216751	3.996511533970112	2.319828660495241	5.7435526720808605	5.414084549283707	2.305005642121821	6.054429072400693	5.024811274100027	2.5821089517399405	0	6.163650301181113	4.772108996365576	0	3.581665644363311	0	0.9998442297938821	6.312231860728052	6.92499927483455	6.278692880463298	1.9971513108671672	5.1019103842836175	11.546386067117176	7.458473156843235	2.804900479231201	6.117781703037206	9.925761305890168	8.433254846146866	6.139173236844023	6.0755901965949475	3.997212496946245	5.6670175487699845	3.8011059365678137	2.577664351265385	10.412179438991256	7.8507762335805324	8.426989216178578	9.65123086199299	9.605833449860693	6.871693020130767	8.315816556370761	9.270868810204256	8.739687776294904	5.9213901689388315	9.41734871403942	3.319997254269036	9.621223918284082	6.295031917757638	6.895275809748909	7.374604425998487	7.990895152595646	8.499488400855945	3.793277782812661	5.839812107091701	4.3874479318387145	6.604229123442877	8.472371962494044	6.820740499453466	10.318294250147208	7.857897658717392	8.889613486641979	7.176647148548468	8.538478569400958	7.469515282769729	6.98103917042862	8.52636268791197	7.916886802018502	6.660341198399797	6.382361576150035	4.518415361181843	8.62323079952224	7.475326410842588	8.937787034358216	8.682894499851606	7.79544602446747	7.500326901979022	8.607963597941264	8.646229666265606	6.1406281394395625	6.879660576525425	9.345078869216564	5.795453120826964	9.13040125782391	10.186849373314224	9.018327189560862	7.634099940417138	7.736331352625857	7.00814354563262	6.364752448152802	6.2509458750241045	6.932221150354802	1.5848743401441618	5.312628771693661	4.9415351199726745	10.27805652561199	10.222649611561698	4.9407304015598426	10.500619347728678	3.9335808258525558	7.226061154448948	7.074395795842297	7.7390543330518256	10.84665567387056	7.179035785591876	7.747914246301911	7.2399794797763795	6.55810766107367	6.83449205101744	7.174150709371465	3.993347311375131	5.109360495555273	6.478421452322852	4.8479844912485595	7.285620331747635	6.8727300295652665	7.148107617297557	6.433670804252148	5.529072524235615	6.836155784074381	6.836871206535492	6.836992656005344	7.76099069955712
P66432-02B-Run1_S21_L002	6.3265691341994135	4.374781689175996	3.154863462686704	3.137649015364553	-0.0	4.3545067474950665	4.240569211799555	6.284930458279678	3.7854038385504385	4.995423505385516	1.9966808799774354	0	3.3071613999977525	2.7947838061116603	1.9960807551696593	1.9900782509483348	1.5841629622686026	2.309562048244779	3.1435206101994706	2.574575640557241	4.16572093836094	1.5598551846475532	4.239760285664376	9.728721152921215	7.526143397851199	1.5797816765214563	-0.0	3.691667937731112	3.1656847201516918	7.379708121670687	7.879652336297874	6.910400442065419	6.3428374853848535	5.867773351925591	6.751826644078571	6.82238960659377	6.309314329210752	4.789249880234421	5.090334761511625	4.690539006084754	3.315370543291303	5.041459538234302	6.890514618534822	3.436827490834081	-0.0	5.128086964890367	10.516509719831324	7.765867993500847	7.033545241655228	4.372538329673942	4.979411675763603	3.6835505150397094	7.251797516908633	0	5.771011030433407	5.893435399839168	4.787503229486295	3.99239672099962	2.9926014044522686	5.791015101961793	5.155199696128946	0	1.999980692716176	5.308358965016858	5.609234214705549	5.482826868660288	4.165836979895511	2.993256220773151	6.117310119991766	5.793374867958526	2.9813879333446303	6.176142463952594	5.473664031842458	2.5830760139813127	0	5.888443903717879	4.998734904197612	-0.0	3.799903651057214	0.9999935822414714	-0.0	5.9591411619093035	6.192893640437904	5.576722637661613	3.4194018520738934	4.1339109707599375	11.59124713070425	7.479330310145331	2.998477224107241	4.989963557940046	9.584332161614846	8.206970856921652	6.361572124076062	6.617282961250238	2.9930271718329795	5.546020351552751	3.317224065635389	2.5794509200280458	10.262255068784784	7.371974389790625	8.353134053227565	9.876592187192022	9.722992936966957	7.064325942598598	7.976143360512293	8.530564984818799	8.714056705813043	6.011184659436726	9.625242916046753	3.9962832744051764	9.565288191329243	7.0844116853492896	7.145788204878947	7.440823703445646	7.818437513607965	8.670079648577618	3.782570739547726	6.001853758168383	4.517674809175279	6.9868360791027015	8.495713288843781	6.96552804560238	10.234727791306888	7.87589351209	8.964197783213391	7.215053740466404	8.21969090845119	7.0824185349543285	7.449427467334403	8.636373168796352	8.328821965268103	6.755210633368914	6.576606351526197	4.377741354758815	8.661317536659057	8.107876237864172	8.922227190449053	8.733747692233187	7.972578413384722	7.33612958073743	8.531210771917552	8.773812957962011	6.823156020227051	7.01452787159453	9.187293320523544	5.86990559612158	10.69938991338592	10.117046232125576	8.827570482020493	7.511243731655731	7.423979757702102	6.835719364031293	6.221838031765769	5.3511753196576315	7.2262593742335515	1.9928899090386172	4.746444771716721	5.236434616411042	10.492362685486764	10.433819122035459	5.0693822231261	10.742274494531456	4.318165771090075	7.316612067834843	7.186657120093636	8.266723071820415	10.607974553757948	7.307644828733101	7.824425017899152	7.218008958445279	6.614721483814409	6.74059357952266	7.166620957371065	4.7436585889604475	3.8015401493581154	6.135647724421736	5.19563549627595	7.2084904905720135	6.896310080666807	7.084413698415036	6.158321756043913	5.917874030609049	7.196660688717799	7.216241761652616	7.1783045248162045	8.228127335869099
P66432-04D-Run1_S2_L001	6.198565442416449	3.8979525195460627	3.1530458474032965	3.437265702161152	-0.0	5.06742485630277	4.315407791875762	5.7413387914339165	2.985762904424419	5.0346213211578545	0.9999609964496	0	3.4447784279943465	2.575757677767556	2.317852592266977	1.986871262107957	1.997980312947321	2.5112060714061664	3.8815111696824234	2.9911918437375182	3.9020204415839785	0.9787290836463859	4.235872937106808	9.623705591895082	7.390910793920093	1.9917258972890404	0.999791197080644	3.7955937396282162	3.453829100916941	7.364021856824177	7.740417279606006	6.90130769864272	6.750569040463763	6.135374821192548	7.100315064023881	7.009596494759526	6.362100119187721	4.789449868061735	5.285360304900383	4.745659650917538	3.4510361329917627	5.416017577142389	7.250511626026784	3.4333034693573734	0.9994622832592452	5.313473705790112	10.493803620454226	7.885509109832564	6.962071229035586	4.683206121139571	5.2619070752051	3.9829118160607275	7.491904249280345	0	5.989375166358674	5.989157265488775	4.790283071263393	3.574277483537164	3.159325967134497	6.092239197386983	5.509859090111989	0	1.5842949371087043	5.157672362497549	6.0281538979532305	5.417658107222552	4.454609197682934	2.8004102900273247	6.076096689039273	6.00937096669527	2.9885000963553368	6.4783821408747	5.984679055260353	2.801940084764785	-0.0	5.657941381916609	5.310515261764288	0.996981045707036	4.080739631890485	0	0	5.632912565988931	5.966402987802458	6.002607409966309	3.319955617657567	4.824081881509124	11.57054752996885	7.471381031180826	2.58316343521273	5.078819536209001	9.560011226639489	8.208190263418057	6.272156812832035	6.744461083752643	3.3206147640838726	5.5463617790930275	3.316903306242707	2.8047809691397765	10.193275809685854	7.433556543394976	8.334605973931938	10.13285495430888	9.750216104784474	6.988106755696358	8.005381733149937	8.556624385683664	8.842021969626783	6.050502746985589	9.652494492931883	4.623288860791455	9.5843825242764	7.245173575924591	7.310393736643474	7.238028898903323	7.767239615719797	8.591112509961697	3.5626009192656816	5.786420424487075	4.988804990416014	6.974367021707868	8.347060730516606	6.893869316957736	10.32274157870714	7.979712253856416	8.742783349708487	7.0306806506921	8.177334078560214	7.041847365705017	7.4832294503272125	8.59902727574817	8.302247847819531	6.832130552085482	6.837608473986354	5.215402364971284	8.745067667186827	7.993302403801417	8.998752940455532	9.005817272999764	7.856508330202513	7.181937865950142	8.294163173962893	8.662588492669396	6.457529870794676	7.057965967726591	9.207203851993505	6.02891176276827	9.222846990079441	10.098675379817212	8.875981138277936	7.610025268514276	7.4275630620293605	6.810595298464182	6.333213064954155	5.121994521710251	7.072064253516581	2.304081090530122	4.845987731560511	5.15822139927599	10.485199738374162	10.393912114991705	4.838364338987856	10.683874442106623	4.244863614263531	7.307760947747665	7.053408235625932	7.891171230683042	10.678733080342836	7.227501892290791	7.854855808681188	7.1097909959953745	6.525071492086466	6.887579118888895	7.341077402609356	4.514451437681835	4.077744262936285	6.295156241713141	4.633344136684147	7.098075682547718	6.745355836349601	7.094924271739333	6.140567492649316	5.7209128606273545	7.249811193477098	7.0603082676502975	7.0507544244119	7.921048554398353
P66432-07D-Run1_S19_L002	6.413147106809149	4.1571998197524564	2.7925368238133577	2.9660097211225938	0.9991094352326892	3.990439085504732	4.080638781712571	5.795023148702148	3.1512372055970044	4.9464882558058125	1.9935025077041433	-0.0	3.5703003075147826	2.9865208941778247	1.9969848389918665	1.5707487161617308	0.9997115763627807	2.9879536928468617	3.560208281750484	2.5765483940019624	4.0831297151580035	1.9700392836215013	4.163939896318625	9.72544099175598	7.524575025801647	1.990988295357036	-0.0	3.447567623205944	3.3177799016893026	7.509539279961494	7.62444176856218	6.638503167157473	6.670061824890964	6.073275055158059	6.947506484231224	6.89270426753456	6.510077889576897	4.7381641865721855	5.091462430546231	4.846253893694805	2.994478609835574	5.124503113381128	7.015101528742834	3.560942301706054	-0.0	5.203958556855021	10.56329583331439	7.7979514522841855	7.021829422977613	4.304260056467183	5.222431302331447	3.983904213663296	7.277295766615448	0	5.846835800356101	5.964533466088509	4.623194275636408	3.796442571154445	3.160366679107624	5.980781148216315	5.231429337066578	0	1.5840295494827257	5.379261931123726	5.693125869383529	5.57420805512595	4.453107835307813	2.7984818322045424	6.290839204029535	5.938001790925239	2.791224301321853	6.192730304162945	5.6529896487157885	2.584186255303166	0	5.4505183974769675	5.0829438801012135	-0.0	3.8987648439007083	-0.0	0.9998941674341194	5.604152255791807	5.849389278695083	5.767591947943958	2.583372747818399	4.486123952372325	11.57679796675311	7.585941233195643	2.998548167910857	5.160981209873493	9.692615698222497	8.361375905375185	6.410684734173764	6.445143904132163	3.6996069088262824	5.717800613845971	3.1613820956275034	2.992211874714332	10.314801520163321	7.519459161897829	8.233921961631317	9.292212456820053	9.653850848767242	7.253228860409984	7.571976355552441	8.778666022748794	8.816073365642055	5.871030517035109	9.767141649290972	3.893001105086996	9.7631567902654	7.127669985434216	7.261899603802958	7.389414824716699	7.950674052369691	8.693240839120264	3.8862140715849804	5.955590733601019	4.635607816739261	7.104655519042012	8.36115313712155	7.214951995932554	10.409389422970168	8.053606531953907	8.879450678127156	7.288099542576251	8.526286910549146	7.124836915681033	7.314687849296813	8.687942692038765	8.225187149599979	6.868676114968855	6.689502870587353	4.378035020330932	8.653337433135214	7.550146113264534	8.932793067070396	8.789692750422539	8.024525026202083	7.440736816981819	8.54429789804594	8.928330244688093	6.467854625534878	7.200237960944253	9.356619920332808	6.254240705272559	9.37435683362781	10.244741463433485	8.955780958444288	7.66637968383864	7.406022568903007	6.920454255384718	6.418826553336224	5.201956631021555	7.025592838419569	2.563611602168234	4.745078103131848	5.380226749653817	10.568307789051115	10.454190698578836	5.068492743943467	10.770697719831062	4.00098163051712	7.394167085279123	7.2240621667166725	8.090535371559286	10.667106274501215	7.380296114309966	7.977742095713404	7.371767667333955	6.752515031742028	6.961678950858947	7.2613866941769984	4.690765045015603	3.9938036522115756	6.269773012226565	5.3441329197433305	7.389032127653206	6.920054143795013	7.165308636751821	6.413892317748408	5.770056276542003	7.088294969224601	7.025463563874113	7.014792945552503	8.04595245079064
P66432-07E-Run1_S20_L002	6.36425783625272	4.073964164253026	2.5676581593975962	2.770630570147225	0.9989417555277886	4.0769842582217475	4.240789208512325	5.688263054450399	3.1501856136731634	4.515201727323522	0.9997914568763513	0	2.7872446925547245	2.3128285518841927	1.998105525317997	1.5731396513085683	0.9952030174852331	2.993925386689331	3.432955300234835	2.5768441275738194	3.695073341833999	0.9951349666684187	4.163908141262107	9.674075203529389	7.430324210569931	1.5792355333451003	1.5802470500107269	3.7936258061619434	2.9972305212931105	7.4705567546105645	7.761665166322009	6.90936610559942	6.612939765479262	6.19621536245292	6.9010070436258255	6.8330304377357916	6.3940034794109755	4.73702789501547	5.206573515897627	4.743487057987733	3.576558156312937	5.124781600054478	6.903121535963243	3.55874895300846	0.9999270259997408	5.20717246978981	10.526139172332144	7.76479691855421	6.796121974120323	4.304801129696435	4.886947543683378	3.889792327340071	7.222670950488518	0	5.79674370504948	5.688677405114403	4.566274659719337	3.688638970525294	2.9908302251802237	5.815760573111986	5.155164704400014	0	1.584297887084849	5.233677631553054	5.820661580835444	5.4832769154686405	4.165884365452342	2.802346125132358	6.158504530096864	5.939236762909726	2.7913275758394067	6.115235111905879	5.536866799994744	1.9982286546957098	0	5.4172428566767845	5.162188224383936	0	3.6944286680374834	-0.0	0.999928632998761	5.688819160554323	5.848100243207021	5.740792521911276	3.164286284104715	4.6101779302908525	11.575673818501716	7.503024803125499	2.3216848132118804	5.160663156393188	9.623937530210942	8.267975003628834	6.412975586788898	6.216372736654063	3.4578429667227244	5.690985072134293	3.3149060145667564	2.9945016338428827	10.255461500163774	7.438894234926019	8.142758930599394	9.467062845505755	9.62391027235257	7.0959862398348355	7.5717865774012205	8.617587947849437	8.752258297423674	5.77038038890387	9.693381047820369	3.6940683811099686	9.634422044551089	6.871659056106171	7.203979061629413	7.423368626193107	8.00145457366427	8.590418742265253	3.888761166011679	5.930794799759061	4.2399018147029075	7.084687691513526	8.369537110366357	7.052127004647171	10.357948404487994	8.000710832136871	8.815151774962697	7.297712555541981	8.309276474060825	6.961495348194779	7.392964927782904	8.740493149359825	8.181123633936984	6.869231325939044	6.677459913632439	4.451391153036337	8.743058976212858	7.6995456963540505	8.897634310101452	8.776441606315085	7.974218250405657	7.284836959584322	8.46527384938179	8.701102592238248	6.548286685826155	7.122123827122966	9.288565530840524	6.0325013704382675	9.580195659149783	10.186894755884353	8.987821329225614	7.534560018501185	7.235632322113998	6.678371030853572	6.331613870689139	5.452996583486238	7.143414433919101	2.557037095097461	4.8956524079995365	5.310916106947189	10.50992443759512	10.421404720991916	4.888093678550731	10.734240369831562	4.506104283107389	7.411296564094796	7.223962784213214	8.096023438765965	10.601170527599853	7.318115504305314	7.865734824018757	7.226637453052352	6.739193161858772	6.766598343441291	7.155034984034684	4.7966126227890555	4.084267190128964	6.134003093677811	4.988717282657892	7.254910064546573	6.932093692305429	7.123856171097595	6.235588821616991	5.8007571248669985	7.152420296390036	7.133069126125565	7.123266508641937	8.038222415874158
P66432-08G-Run1_S26_L002	6.413737885743198	4.378543490363565	2.9842114885773925	2.96449957834018	0.9984290938368051	4.078117713063293	4.383938592306665	5.796026126774059	3.152944230247612	4.578069409762476	1.5831589215893036	0	3.569735662385484	2.5718250896297365	1.9977140892556093	1.5761131339703496	1.5829747132949485	2.988790276710625	3.433992338021953	2.7953422826085235	3.9015588207497984	2.2968686074193942	3.9017245938409917	9.782819152783198	7.48807311682264	1.989862680516318	0.9970847474789719	3.7901745449020083	3.3164415799986258	7.455086641162683	7.639421308389768	6.550275522772093	6.597338476876764	6.1137448698149415	6.888381529814161	6.858217662924618	6.380331494495197	4.685016882207952	5.207604304805246	4.743812812432607	3.690614589729642	5.201999279882484	6.949889725020291	3.676236163922721	0.9999640694561918	5.168450176215452	10.552929826496777	7.82320629556266	6.976810401261104	4.301985597734501	4.882652667650378	4.153201653960674	7.279123436825372	0	5.8223206697703525	5.84554039284225	4.786855685490818	3.7951400567988336	3.1587565339671615	5.814546726502657	5.193410963131381	0	1.5847167827372939	5.270802264293023	5.797235796782522	5.662854346183765	4.316917221297371	2.8022946733541003	6.156052996761321	5.916727627842555	2.7908350775783206	6.233175236170486	5.567118447858049	2.5831520758805255	0	5.482893739103777	5.201282531086913	-0.0	3.7979095737303648	-0.0	-0.0	5.632446574690432	5.896204876697123	5.767834274414605	2.320762668180041	4.282518523229533	11.57177385005942	7.533507569913468	2.5836948405762055	5.036431434209393	9.657852420020335	8.25001787242712	6.361017119596707	6.447372106511947	3.319992777366335	5.745228260099376	3.69476927167764	2.8028446686456663	10.24703549759749	7.5117525268221925	8.157300026487162	9.154462877490786	9.532076596969674	6.987110682095699	7.735822606950919	8.613638675270249	8.791262927247281	5.896471054074015	9.719166135517115	4.244340728037436	9.683910077514843	6.988702371224525	7.343094751753084	7.373318190614362	7.908814989668709	8.583028915715254	3.8865020305878564	5.979222823380821	4.240258413305253	7.052613352718963	8.294673389164839	6.997680893723789	10.343495343069263	7.939144778079386	8.720079073086472	7.184484603072596	8.330499071114538	7.071632589823202	7.240748672431415	8.629274574006057	8.16794678169692	6.805890370759096	6.663419550283858	4.452083734976681	8.599582651869738	7.4136455370150305	8.795272172768659	8.790323634669223	7.963526491265778	7.321983520172491	8.49351542030164	8.693202628096982	6.404421373877977	7.151098163441798	9.343638180550236	5.986536801418064	10.677569710247143	10.194549115134052	8.987581900445994	7.548812813576938	7.414210740510299	6.8227276281173115	6.278127424561342	5.3495405862468575	7.038567030081425	2.7851869281602055	4.68580311891273	5.157723246237521	10.543644966239889	10.45203478044802	4.679783535718884	10.75511519033957	3.912217935648884	7.42760322572659	7.18554225103154	8.042400714810107	10.598561728031704	7.372091436208784	7.971758807591528	7.264106863194221	6.739117037202633	6.855719867132222	7.124943906676201	4.69012791745908	3.6959695483746278	6.134588405311278	5.117760179369839	7.310533869810986	6.92004558180696	7.2419858008440885	6.31029169459269	5.799864769925387	7.11015523995937	7.027718414764842	7.017077094272645	7.970629537743188
P66432-10G-Run1_S4_L001	6.196818628440325	4.158599166182239	2.3009512516908726	3.2986150486019	0.9957300041297775	4.280306251815906	4.243239216056691	5.795277219093976	2.791221101099451	4.290431332701379	0.9974726645595217	0	3.572960527694891	2.797581044979546	1.5802667482082513	1.5793103272324953	-0.0	2.790567050376894	3.2990239148122265	2.5793039893869754	4.489624364947486	0.9853331722735862	5.200648769059165	9.772481312814476	7.895536421020398	1.993732606163787	0	3.5708276419464626	3.16677627835707	7.452404240959258	7.446333553688922	6.26658470809252	6.491101475262293	5.892600116317099	6.710116367990519	6.968299146284079	6.595644585171734	4.685123549035255	5.087437821400121	4.634553066426472	2.991897163624383	4.9546141199696985	6.778995480163631	3.43207107283628	1.5844318172422087	5.312802904069365	10.778703454599485	7.857545952733961	6.9842498919064715	3.983375558320443	4.888861515248566	3.567971896203536	7.135176588534527	0	5.632239614888172	6.011413969916504	3.9843651396129722	3.311560088355027	2.80032255266614	5.6837807450813225	5.267969069662496	0	1.9992814263165337	5.359559038194385	5.519485295831649	5.447452459412348	3.803786168642582	2.802735253777163	5.919209017696854	6.125121490732019	2.9809407290633874	6.156610272084324	5.305078696186147	2.5753144823906586	0	5.349030155870854	5.243912053721167	0	3.4423693384311758	1.9976098907032807	-0.0	5.790854354588468	6.011335086078612	5.822490215658179	3.987179466839935	4.212378032829524	11.54511874505933	7.541561198473819	3.4525694020451625	4.848324549364742	9.964291853150392	8.362136830537294	6.429545363505304	5.942932787359935	2.9948967257964036	5.661829605241416	2.2996812866480787	2.996090364647146	10.211515534773831	7.247113529692164	8.48898309967632	9.188003692143447	9.480717814813348	6.965680335114071	7.675236321622045	8.635841915940254	8.947741028806119	5.747311835199194	9.66316009337963	3.313372500198433	9.711280761205485	6.904411519825711	6.9949964933352335	7.3247800389945965	7.778613150046818	8.712621544575786	3.6801751660323316	5.854288596354375	4.514763987597041	7.157354487863747	8.396569593923308	6.812785715002771	10.15348363720568	7.735366375002943	8.549025845852722	6.9904774655313915	8.194947973121517	6.9530585246108405	6.861718914062443	8.626350399149498	7.956641792829166	6.7018251396201585	6.276431396289267	4.316470768867087	8.3080167778449	7.4896574553238935	8.649359438771489	8.587334855359769	7.761756849924854	7.13404318519283	8.521998085274607	8.661628318307065	6.373344000438649	7.248189255566357	9.31251542465064	6.034003131630939	8.697229679282648	10.295667320394305	8.874956807764491	7.486310576164971	7.257662313399004	6.743650362257282	6.221415305871032	4.900015917302503	7.019604266218929	1.9865248146273369	4.309526640900065	6.0108638137211985	10.812478012929047	10.682444988278364	5.626499933639609	11.099944075323219	3.832911828796931	7.705127020249809	7.431820079254917	7.786846736560046	10.589783457451965	7.372692777568092	7.927257228036741	7.336874919823214	6.446039407902937	6.89410676881355	7.177883629851232	4.575653501868114	2.997454735152703	6.217154529573153	4.897512350838958	7.2050187430063986	6.633329037865751	6.9630984432330605	6.076277485119126	5.774607936550358	6.997240022265763	7.008402447575547	6.9976254257057455	7.979769693204926
P66451-01E-Run1_S17_L002	6.428598708371225	4.155993657924592	2.786447040753884	2.9708531719641766	1.5839166214106266	4.6905160845532095	4.240412774442576	5.964959511046521	3.149834855002778	5.11966566797761	1.9943115699404785	0	3.4436865500284304	3.302872111766145	1.9970952521517598	1.988368077685831	0.999921609516286	2.574815193991215	3.6727511313999743	2.5758244544350797	3.902204091731182	2.2937339805246846	4.384980297986775	9.716677197062673	7.790869933314367	1.982795314653451	-0.0	3.794866350213637	4.2415714076398	7.525345319660957	7.544706700709583	6.488202179800973	6.47504590016357	5.939717106098797	6.709697191180999	7.581730650382397	7.1635532564453905	5.261338735658898	5.1680149092303855	5.539610844012308	4.314907174432802	5.417373226055525	7.520200932634893	3.4332123803669976	-0.0	5.208977973603819	10.829907254616613	8.104461983971385	7.117570719678278	5.306369574812934	5.467953598064044	4.442171140947117	7.697118674748394	0	6.49250248799266	6.429599280348943	4.735631471954041	4.382925310886664	3.1625482520980155	6.691490222453765	5.67831696959425	0	0.9998843282531185	5.659716416903874	5.869956859952174	5.943731573259801	4.636313901112235	2.9925782542058768	6.157383776340183	6.657440139944103	4.361328038185582	6.750821887020443	6.425853578320062	3.1623520886368097	0.9971626455393576	5.743785229693469	5.1655134115089405	1.577063922108857	4.304168736007508	-0.0	0.999603732969836	5.7710622510218705	6.11685882618843	5.890536026060846	3.6929298521989966	4.772322875200044	11.578874312719346	7.549163156327331	3.9950269694293383	5.382545904040901	9.718713210523445	8.54811029832256	6.361013795826479	7.029698959994763	3.457732553572248	5.920827088287039	4.164838820392582	2.9954946724833342	10.259559529786426	7.51915687568794	8.221222478254942	9.187060644731707	9.51717374327771	7.11618681176469	7.534886060160549	8.715780686174444	8.745070209347222	5.770062371929977	9.703502685092655	3.993715484226591	9.768446098786253	8.188912264494048	7.3517785564023805	7.4815394175423915	7.9151589040799735	8.626104919809658	3.675566984764974	6.000319979082846	4.517168324414871	7.073040090891886	8.285331414044375	7.030155179676976	10.297322460221878	7.856795229914644	8.62670623843225	7.1653258428853475	8.303992927546663	7.0403995620579884	7.260319562660033	8.629835152504082	8.196186746412883	6.892087016690237	6.8110165072830995	4.240182745872438	8.588420667819197	7.456229881023907	8.703631659469021	8.734726826791528	7.8688251824201885	7.294271306035837	8.378685792727191	8.69776954575682	6.337610208090182	7.160562217343831	9.31481079706522	5.940972108610059	9.246997680208338	10.154493558060775	8.97875465317074	7.5558618313455534	7.336494109946869	6.758431392843275	6.5312189639051885	5.382934278707957	7.017305896015077	2.564917914127193	4.572690556873228	5.236529117441651	10.718538417550223	10.676987012532466	4.888791231303097	11.079799015807307	3.9152938139976587	7.576530166531243	7.359046514234057	7.91924619759091	10.587064884888862	7.282064941812773	7.9551185801471584	7.273734552802352	6.712045679419395	6.79250838576775	7.135216018860076	4.687807181753302	3.90185536685981	6.1733687207384715	4.941988904435577	7.264021151479816	6.859399683664466	7.174555004355886	6.363722055600759	5.798299505272579	7.02762189725848	7.006475912093395	6.995685497431143	7.931377928079468
P66451-04F-Run1_S6_L001	6.4805391809090125	4.155860280704513	3.5625183636939424	2.775470954746051	-0.0	4.379365572888661	4.316388952689292	5.795458580603443	2.978763032802568	4.578680150569779	2.5700549876529557	0	3.5674351026643882	2.300704774374345	1.5827088939545757	1.5699892893439338	1.9974764532841864	1.9978031348309997	3.4348985050970486	2.5731007500883183	4.166954784530893	1.5609201388014866	4.160511730134179	9.681777903948477	7.40026177507253	2.574376478014722	-0.0	3.157332860676312	3.3163802526806117	7.373100497913902	7.722295266929274	6.667788087798863	6.461042242513163	6.009628162027342	6.751683765383608	6.809630221578728	6.272270552566774	4.682275268952566	5.283129826271625	4.691505632662427	3.695030109471677	5.241761840142868	6.853919090673053	3.1476302010989627	1.5840821299919279	5.281049601678272	10.500538387578699	7.779757635110145	6.965971887629072	4.305869453893096	4.8861692135610335	3.7911895782325438	7.154607018414413	0	5.6626955709046145	5.688724957015	4.5065080996070765	3.896964151434469	3.1590478757084	5.790095975670051	5.071694731805141	0	1.5842815895229307	5.075996696616771	5.918107668630922	5.746677323640678	4.166061334710017	2.803328871908974	6.414356971263847	5.685428908240168	2.7951420761750225	5.961814774943281	5.26846850090549	1.9987995696568028	0	5.792181772397366	5.084115681915056	-0.0	3.57906323987888	0	-0.0	5.8932554506675014	6.194928521031432	5.868784213845769	2.5818614196122547	4.4889876542700025	11.552503957976453	7.565307119085512	2.582780973547674	5.202210456654012	9.663571619308229	8.193575129733574	6.326020979624029	6.387905063055609	3.3201513500297173	5.605617961954247	3.4536242939064468	2.580504207701951	10.252652129911926	7.6815501058553295	8.133660407992878	9.254609080598422	9.595460533083676	7.353511382536181	7.7340079068657674	8.581548757891714	8.817657197522596	6.011933530729986	9.76812543553762	4.2321359127824945	9.64286735823901	6.932209708682872	7.494304139131739	7.473322509487359	7.951159822987876	8.766068043656773	3.78799511464461	5.864058301744649	4.74601954505805	7.144362198767498	8.42128743318854	7.187304938164598	10.46071892612671	7.979634943244018	8.678133103109786	7.3434832051890995	8.26842723333113	7.251963872612603	7.302585492798871	8.616521427455055	8.283437304081492	6.868205943863498	6.689094060238929	4.690659824526929	8.809281103031582	7.464945037881354	8.854401575917656	8.827258278260665	8.015553798818255	7.468277076668877	8.569713298661238	8.790270909199686	6.424344366945101	7.239476769957954	9.373528140062376	6.137104131535275	9.367699101524812	10.297485298995193	9.088932038588444	7.687319244092902	7.496335954780377	6.991040523483447	6.384462526330212	5.8744947787001385	7.060075458086193	2.7936884176213015	5.275628107730433	5.236866259533007	10.535008647974765	10.38928656583005	4.888575125795909	10.69030825378383	3.921917364490129	7.377206070762334	7.10631303156725	7.973980145092272	10.697420220484597	7.5428656460537	8.061327933870825	7.5437936084032335	6.983981000354076	7.103346799559258	7.342961780048908	4.634762953182115	4.580792589000522	6.443766836560688	5.2379169852738325	7.580607160806235	7.168496379667159	7.428379061509274	6.572340994411303	5.7994910574599245	7.059531615102466	7.028528202694992	7.017983118781803	7.921223262787305
P66451-07A-Run1_S15_L002	6.555289609984811	4.629661827311747	3.1574732734612194	3.779516605231365	1.583330737026285	4.693130924534997	4.072481332017787	6.751234860548921	3.571001272276058	4.637088681444541	0.9995131867526256	0	4.570738505117175	2.31074952013985	2.7955321334580545	1.9913434066236764	0.9999120251464935	1.9918181188290665	3.435867151392933	2.989483948907858	4.164187395548932	1.9718446175310134	5.313644874304942	10.368432483096553	7.616139124897496	2.3046889303666593	1.580036198954023	3.8915253711778313	2.989291972008149	7.601294407154895	7.555860131267447	6.551517394995541	6.58258864234222	6.114790712939271	6.888655698157802	7.212054483055116	6.842988829372625	5.02587905301081	5.822217869424664	4.986107016013778	4.311932832977608	5.937633964481113	6.952078155054624	3.6787832362737274	0.9999717179731883	6.0074281059365555	10.743753072688335	8.096076897003442	7.127791164446622	4.687180420743484	5.066222171748283	4.44291802866488	7.144912372990704	0	5.897817934984418	5.846382494523945	4.3723370629185805	3.688372696547484	3.1611852907288505	5.842561496485044	5.272189421515078	-0.0	3.455893901858226	5.509389799160844	6.639970536417405	6.460820605317116	4.316558526933365	3.16390228304471	6.46486571937931	6.154132918564171	3.3032614633918924	6.138672337611539	5.6586582186496255	2.5786974760059382	-0.0	6.151338001218423	5.767127918717281	-0.0	3.8026265683955884	0.9998332880569301	1.5849214069439852	6.439630893164239	6.390287420645252	6.33727315569521	3.5820321103563297	4.212884767279217	11.563281317307025	7.47808189724367	2.994687056560215	5.120548282441704	9.785185465505476	8.686977493985381	6.571228995636404	6.413290018780976	3.804929127218935	5.74482758896011	3.4552380532331277	2.3179346643425167	10.269996845411091	7.389631293111889	8.229867635575596	9.148140852840818	9.435241144343298	7.214871965763797	7.396915292075474	8.623136768895183	8.777922322129651	5.847978229138455	9.817136142266278	3.9961127437733768	9.786307080851131	7.155963777472595	7.13566846318879	7.26507485373152	7.837555950083208	8.596985854165236	3.787323519244685	5.813429644422661	4.385856667461334	6.84403940856521	8.185888870445275	6.917728104581123	10.27191768961804	7.922878327497489	8.57757383068937	7.241957407118626	8.262237531088445	6.996248700906911	7.10707044608806	8.620879216540336	8.188251355406122	6.903838304909081	6.661547753381848	3.799364517518558	8.633715383585345	7.399516119548097	8.794138336501321	8.653026307760973	7.81988807977572	7.2126241748801165	8.413132625386078	8.666123067093853	6.389308740013327	7.294547507934018	9.409547997184031	5.965103719039727	9.05969581394164	10.222889185092367	9.067358329246854	7.686179950290686	7.403947583887853	6.732085392891362	6.34892773280842	5.563845504772108	7.016751860667944	3.8096322197379497	4.793594312192426	6.0104172724324085	10.7409912403353	10.634149016077993	5.227409084137295	11.004418224784986	4.638075716862794	7.683352258463793	7.681942983189594	8.03588081460801	10.59214251611483	7.227373634940812	8.000392173338104	7.218118942548281	6.524499825588086	6.727483300755743	7.185228689098442	4.451875710474498	3.4536775694228674	6.030046660342315	5.158993405992711	7.363587706147183	6.7180568555740905	7.083489457208608	6.138742060415333	5.771946816790622	6.99589078011578	6.963334645075667	6.963334645075667	7.922512523433004
P66451-08G-Run1_S25_L002	6.346232517966339	3.7949176205372055	3.152526812003186	1.97926935488587	0.9988797449776989	4.162879797520093	4.448232259670796	6.011580403236117	2.981701765303188	5.160220342146476	1.9825086537898589	0	3.3074046847796232	2.3135317057056177	0.9975650178114677	-0.0	-0.0	2.577326490662074	3.4378744609699456	2.3128496803802285	3.8016612957518725	2.3028661103600694	3.9949447675788905	9.58356087081255	7.4895817165234275	1.9828745945335304	-0.0	3.156667486576698	2.805108347855311	7.489888031698159	7.511071739561979	6.4589599759234835	6.644143412332513	6.178458183803428	7.039844052954633	6.97525208097343	6.254876856311351	5.02659923337348	5.0524790467107925	5.446639239315999	4.080227891197803	4.962340621263925	6.584974777432304	3.1536744711268794	0.9999439953206404	5.094233549909057	10.402995937026171	7.915023323155668	7.1076624600567895	4.3044085342417695	5.067247266958164	3.68415084362556	7.144868166405381	0	5.744451997872779	5.942292955632957	4.3009466901442055	3.8946827348482183	2.9879813733128096	5.655444334200016	5.026309651486141	0	0.99625609100093	5.195984680527372	5.697691647674327	5.663835406078744	4.635736792209453	2.5805896422184316	5.869913667462032	5.794833706930692	2.564965232841149	5.8642107446749305	5.269733031860999	1.9971727614226364	-0.0	5.422480440254101	5.212734647975189	0.9997409271976063	3.3133957903023714	0	1.5797622099344895	5.519870437943036	5.751014532252846	5.797629330047885	2.9961832337689662	4.9308175209154435	11.507369749712007	7.380067546206223	2.996797169806134	4.850482470771413	9.489087568077267	8.140073688419154	6.274508838485707	6.076875158915434	3.580773563102691	5.797391852488046	3.452452829991429	2.578256783385962	10.477354542680256	7.6581434306994955	8.02255039785886	9.212237426086343	9.46710883497558	6.942110056601775	7.735877230331074	8.71444405803641	8.793143568339623	6.0777168045084995	9.796890114792728	4.8895352483422325	9.713484053933241	7.0023117391480465	7.403156362608189	7.48158943929959	7.794495043290072	8.799296134122212	3.6787835343958246	6.268671447320031	4.633614893932591	7.187568817509224	8.341060768048553	7.207858819176863	10.471056062514222	7.982359501069448	8.564814461832212	7.186314288941285	8.217609229770257	6.987072620868299	7.497265229615241	8.47341504223724	8.118973942006845	6.644180118819384	6.783109357511266	4.0762852512656025	8.950669770755434	7.331794016647517	8.702947146827722	8.770136016758503	8.052778337561486	7.402245283160675	8.364598358428605	8.665491948777035	6.441219353148427	7.134223171740126	9.330523943687888	5.897751443816845	8.825336103177035	10.348876695713903	9.128089120617084	7.610389395400399	7.669866433954729	6.692661291574097	6.606993786922822	5.8867359955158625	6.987545484298294	3.5657122906844236	5.400186291701914	5.199401474391041	10.465334885847952	10.33757102192705	4.789591053460387	10.638999395557818	4.173417884233166	7.369674848278559	7.1171085771390254	7.916923465047492	10.831077967330467	7.578598932234883	7.98496768948905	7.534869471523803	6.709476196253894	6.938118555678974	7.395423652640477	4.516145492812922	3.5809800781690067	6.325281205645166	5.416048409761232	7.510787998292765	7.031649736875116	7.405000597258817	6.493432574484678	5.7499700378896685	6.941353530288993	6.930399719122484	6.919028759885026	7.869995675698102
P66451-09H-Run1_S2_L001	6.29170225955659	4.07405153435907	2.78625526414322	2.7738280844639167	0.9989197718747476	3.9876906542798243	4.1614047296173755	5.660610920279473	3.3027799061037975	5.526806976705667	1.9887175414364628	0	2.7870848618647224	2.571746292117753	1.9978506111243683	1.5717951485322736	1.5841729114963041	2.575232633911541	3.2919346630073645	2.57868980192651	3.9951649158625973	1.561964207472358	3.994288802138523	9.656441706132139	7.500582344520208	1.9875677327042076	-0.0	3.5706561914605546	2.996510811369886	7.397251879168935	7.838128822767854	6.798839170541659	6.4600802001964635	5.894290996880091	6.865218561334687	6.857988237541083	6.362511821406652	4.681952187096405	5.352365124661585	4.63213946216587	3.8007616776692768	5.314311673258421	6.891798482280729	3.5618057839732615	0.9998159744134869	5.480415227376874	10.515836558086233	7.731581731294632	6.834058081650869	4.152891917847156	5.019500879633012	4.069371642776526	7.213932391316057	0	5.871795420955299	5.687998931811234	4.440283170364468	3.9894309548520366	3.1600453163627558	5.888793770420507	5.030040449196787	0	1.5846820242847999	5.78833285833721	6.225712572047944	5.577467193222223	4.164353882778927	2.578809650664699	6.094974783329776	5.938830921802173	2.790886383761418	6.235032100225605	5.626666380404857	2.803695998315174	0	5.630253196563153	5.312399719198309	-0.0	3.6932793283636456	0	-0.0	5.818071047029319	6.155561599108143	5.89127072717051	2.320412324357433	4.7187805355412635	11.573247247393116	7.502727723719273	2.806189725494308	5.239058385371033	9.613558286923993	8.264291191576888	6.378826009843737	6.25293871188255	3.3209246924329774	5.634809398273108	3.3150467886105677	2.801705374951507	10.25359254236854	7.406285145466362	8.285650154997503	9.503523217045174	9.661212132558385	7.125992195810968	7.787935630219257	8.709509401614993	8.83840506006429	5.74335018970883	9.702241948679767	3.9006303249728154	9.65067503107249	6.90868236732591	7.233880041550389	7.372746752432783	8.093135652080317	8.65607662399167	3.885337330882765	5.786085205644694	4.515748168956299	7.083296424748595	8.238680057315204	7.094763116683994	10.284892421700134	7.973316872109052	8.796316586176529	7.175885656048024	8.272332889729606	7.006100334507147	7.136232513609072	8.672438053156693	8.249181450913992	6.905600429358079	6.6205710214056825	4.239640592130609	8.749667063282532	7.767910150505287	8.975057403954096	8.847225647984924	8.072855153783056	7.423729967646511	8.542922962548277	8.716819566346272	6.549067758219386	7.180940643270878	9.242547753519966	5.986575929830013	9.105479394236891	10.164045596779577	8.903571428005918	7.5946096381678885	7.455057222804488	6.908997829156765	6.368180631481994	5.31371041193804	7.141856860800127	3.2648050394576327	4.512106492702879	5.235908953647573	10.52806584297321	10.431642483970538	4.837711410206388	10.721558587557935	3.8210416271775802	7.3603923406921945	7.167025721600357	8.25495226769658	10.619714991381068	7.255020772715049	7.872915152578068	7.256117676795178	6.628640105374084	6.793275320678109	7.176237329309337	4.633333346292389	3.4538649209849286	6.213478307749371	4.7443158383314366	7.2553814477522796	6.920405134598292	7.223939208351162	6.291794910305388	5.847194701217739	7.141486466289413	7.121699212003003	7.111670126717916	8.042646623151544
P66507-01E-Run1_S19_L002	6.414221947468594	4.308494425241566	2.7885433681888463	3.2899472503540634	0.9987617880097518	4.741664101505028	4.313900356553565	6.053582984847661	3.1429275672980213	4.749109394082397	1.5807616955080541	0	4.923563047959436	2.795454936355207	1.996925141169133	1.9852758033419238	2.318437981755006	2.5753512306062403	3.430944862536143	2.5789860891875116	4.2418783080757425	1.5533749757838922	4.515590039608329	9.766589505935704	7.494877612873998	2.3089075788917865	-0.0	3.444269786026353	3.693309449255012	7.413690325572958	7.507088967289864	6.747250456030871	6.491817173436408	6.073299732083361	6.802275880714296	7.240024207255604	6.629450882831422	4.889319044625232	5.4507527770657624	4.944457431660251	3.3163004522663986	5.544114185281538	7.473237988749022	3.67500979371627	0.9999531424132271	5.54075239856475	10.612914287625783	7.951564714124325	7.075807140717265	4.738351351221288	5.292592530909025	4.0706764161485625	7.616350760137671	0	6.34471790420543	6.1568631888472565	4.937400859341159	4.235245282424776	3.3089464961620756	6.319147619442989	5.538455859083606	0	1.5842012158700012	5.510707638055395	6.050334124646846	5.77124843858388	4.385563992793548	3.1668143873702492	6.571407481758115	6.359214402753515	3.1494463222149527	6.667398873710923	6.1711733065490595	2.315805727923561	0	5.916956057662765	5.628343765980254	-0.0	4.384774550145985	1.5849000696271482	0.9997666266797862	6.006343436846115	6.156870042066303	6.110171968060583	3.1666193701189846	4.549398884793188	11.56638812719577	7.666410322049155	3.1688104178686753	5.314312633090254	9.749722902360233	8.277232594249993	6.493448424105832	6.8425438144996775	3.5831654671048545	5.988417641695648	3.903248711554518	3.5805598125208498	10.364640500121308	7.652733937185112	8.233669648844552	9.318159556599818	9.660872729928077	7.453502218803616	7.41947494906972	8.832962629884051	8.954158121022632	5.965555652107176	9.89085667022946	4.948810079954271	9.825081975045205	7.378138982005134	7.555909683917882	7.456336588928003	8.011687224744346	8.803185467157299	3.885488873008264	6.189885919888129	4.452073695780746	7.184161844703679	8.41519494450288	7.194078663905427	10.403144684246827	7.992546771853104	8.766718344040516	7.368218277790626	8.472553113923357	7.071483679522638	7.135458433855111	8.695518524963319	8.344986456476743	6.961999803764743	6.942391678115819	4.7477125862094915	8.78085676573256	7.470302845512749	8.948151626797976	8.91318237160539	8.0139863949109	7.425851877979883	8.540876068129757	8.795015219018282	6.40502772136496	7.3290296961954216	9.441119116839568	6.133988997386518	9.178309653544686	10.298015061675738	9.084542528618085	7.752401897926892	7.579717506582104	7.021222633321707	6.606529860081992	5.313860522854639	7.048848635497209	2.3037396630476388	4.849713789401277	5.542648823869685	10.679273818480752	10.517151285826312	4.837556680079419	10.8770067186561	4.087652899028923	7.4024681736275415	7.4765098081015475	7.937356963041446	10.721567413803127	7.549477365442274	8.101321588316523	7.542155525655014	6.816429201894387	7.0389092611967685	7.359599788591837	4.893262110575426	3.317920056924824	6.459169347199314	5.234405651375294	7.53383884479227	7.075809199321672	7.377435218340512	6.5561538096551155	5.770749048658165	7.150364494244064	7.027780284455736	7.017136624840568	7.96467868024809
P66507-02B-Run1_S23_L002	6.137153054021482	3.7946182788704372	2.3041787663156583	1.976666581499985	-0.0	2.796327716758829	4.163974304647387	5.544457299624197	2.986973224331932	4.455716551721159	0.9998778904181516	0	4.3120859678423775	2.7881990256840816	1.5783318615370476	-0.0	0.9998932209265545	2.574651028407054	3.2935903900127617	2.31473664219416	4.7674682874521315	0.9866671825945701	4.477659200319139	9.459663107591101	7.475156737982278	2.578784562647543	-0.0	4.6518396505055515	2.58365820703255	7.3141504373872035	7.429881655512523	6.373960779207954	6.169005791178452	5.448355269130049	6.579591088845174	6.650426056095129	6.137599204706547	4.509103916719775	4.922305623618872	4.4531347718385055	3.4483423658359214	4.668574769653738	6.616738027093923	2.5578727964590224	-0.0	4.967156257171773	10.409382920707602	7.969559783512621	6.934195166979443	3.9833287086117206	4.738070090950098	3.445359858108634	7.031747465592494	0	5.2764625342992595	5.274094541524067	3.6868581666148277	3.3119275075324994	2.9914202138587047	5.509893055211967	4.893333750669461	0	0.9998573892749935	5.074867651384594	5.7729264351393095	5.484527507742433	3.9949408959723427	1.9974707401267646	6.263020682680415	5.541547306838648	2.7927808319071	5.942820734518168	4.937205335405564	-0.0	0	5.094775562150929	4.718808334137551	0	2.996456286411305	-0.0	0	5.425274421005759	5.642977807256096	5.487918687445431	2.5829072573532614	4.056985018617201	11.549740616601557	7.18925066325236	2.9867710131067415	5.418728780482904	9.509366358737099	7.968423421654361	6.216061919246674	6.010187604163556	4.1394481128877825	6.038176047131497	3.452996652091522	3.7935737678634314	10.065639139705949	7.388103345097889	8.418992075165947	9.165046716898143	9.399119144065864	7.177504494371743	7.651324745923152	8.430608707388394	8.657159676900282	5.575718154163745	9.50478474504719	3.4551414266649627	9.479680974069334	7.01036483905286	6.905441157902753	7.159946802636111	7.9043413936783615	8.337200100020388	3.786593113454858	5.707627489722257	4.38451762953721	6.768865275427393	8.037278165677897	7.151691953952992	10.11506124946112	7.7712418362361	8.52800238119711	7.062348249500125	8.411653156619836	6.782639035658759	6.861262991400684	8.49897729612305	7.962498220337392	6.463276218426947	6.201136267195939	3.800774995924683	8.382355195891266	7.222485046791103	8.60242464103462	8.501764719093018	7.652913618534547	7.333633765222549	8.503814590325492	8.657040038696705	6.235229274358515	7.108264318074249	9.395209521465663	5.717893057527639	9.49794867459226	10.07468944707803	8.880541140074914	7.521955508540943	7.238089899767733	6.822318529349585	5.852642045809616	4.8996276218411525	6.987784082546629	2.304629851601825	4.312798175723483	5.2361503567145276	10.457425246021176	10.312803266763222	5.693430354513687	10.602973085573344	3.4999670451730127	7.352983968681792	7.085270913223935	7.754587065348355	10.398981141406486	7.32732432339288	7.797833556823572	7.145943950145367	6.616488799630533	6.832363449730048	6.941737009436347	4.382701403846321	3.455067983965307	6.033089272351358	4.636407982562455	7.271143622337184	6.675905173152918	6.869741742204366	6.368722247288263	5.746895328215058	7.084424126968374	6.98756346603855	6.976638779980106	8.006975675778015
P66507-02D-Run1_S25_L002	6.346500362971238	3.7910005338773773	2.5650059015032367	1.955481197439903	1.5753945472295778	3.5792252971143435	4.509444245846144	5.6639782759460235	3.152317309679839	3.9961933412493527	-0.0	0	3.1592073194357226	1.581037451124209	1.9989928866448903	1.5747134744451832	0.9998285515190222	2.9899317608084486	3.2948917296458955	2.796810703564242	4.154581262370941	-0.0	4.514547458651152	9.514932668871193	7.357004271852665	1.9901453379148317	-0.0	3.8901492067963743	2.9961928483482803	7.456141482890592	7.3668343446593285	6.425682294234885	6.288458500373195	5.767446545212022	6.642020564719065	6.705242064074107	6.237177924767866	4.7917062021486805	5.130929403173541	4.451018736601712	2.9918584299907147	4.956570814719193	6.629597222932417	3.150713813395628	-0.0	5.003136066601995	10.44277476494537	7.569574772730343	6.702844242821755	4.071369984401992	4.888321693944501	3.687032116888284	7.053855823814232	0	5.63479752610534	5.689484107974119	4.069829270281822	3.5747496755837367	2.8010972087624744	5.657345259268655	5.029551131408694	0	0.9991985801850887	4.794212191790225	5.7220764366225385	5.1987508620212335	3.697395406289434	2.320777794206938	5.845981755120474	5.768456253916275	2.79386079138496	6.033036842898097	5.231001957939469	1.5844065863866708	0	5.546088909141797	4.865197205149943	0	3.453297581701211	-0.0	0	5.636204417469723	5.799874045106448	5.545853688312403	3.5716473737066936	3.8752830748076894	11.592178317905361	7.542702450713457	2.3194264077966227	4.801351798761059	9.606957016965556	8.200946247131082	6.395882458491406	6.118569952024254	2.321223521807198	5.416707092675336	2.9922037306457394	2.3172565182538296	10.316964830364679	7.455505230907779	8.167183498574177	9.361861628312825	9.382156924576455	6.7945567163122815	7.40675191111091	8.763938008936455	8.825190384282648	5.770133824279873	9.70386364358117	3.578511586228891	9.551951058564358	6.7318512562224475	7.136398518528459	7.266900481013065	7.586988253565861	8.570879782899603	3.786262242097401	5.838912425905292	4.637746941023712	7.043338871622515	8.191247254045578	6.806715000674007	10.221779512737836	7.85400623236434	8.556123790310886	7.177183423526089	8.258378816955771	6.893436891442455	6.910263390124994	8.497066122497772	8.087557695663987	6.857223278757493	6.689628067108486	4.079905341980043	8.412575898409697	7.286453501648623	8.67765306338665	8.613829807341883	7.7698106929549855	7.102678649879914	8.170055403908153	8.551042284912949	6.1927044887799445	7.160310792296904	9.256726721560428	5.660741787561124	9.261306090838621	10.016995434403514	8.766051333184317	7.555407367302269	7.624049554541825	6.589810319396929	5.947905839822564	4.99227466914555	6.975631849602097	2.5600945630633904	4.4463823084136385	5.818602791846162	10.427283391625647	10.310220487816302	5.026305699975555	10.634165377915394	4.009789184869534	7.3345618223704605	7.216248381849513	7.838106166600447	10.632610339188599	7.299957867250083	7.958752864774182	7.236803533722308	6.628379499601634	6.712870798185637	7.08384527246124	4.572721350197905	3.3187535338803253	5.917014569560659	4.8459641215594695	7.0977996166473325	6.618813425242794	7.340524580601046	6.138277832063636	5.698025035768949	6.975107689620759	6.975527802174739	6.9535801738676275	7.856294373530958
P66507-04A-Run1_S1_L001	6.012489954405614	3.573913810942182	2.7910338809885453	1.965583609804482	0.9998810593530147	2.992184600991333	3.9028222901598264	5.575928474266635	2.986379249529546	4.385341328375258	0.9997924982209411	0	3.4467618377729146	1.5768045040202239	-0.0	-0.0	-0.0	2.579886843587588	3.3003554391894503	1.996011438608873	2.80503025392908	0.9789851105667493	4.387376091675809	9.39541893236837	7.302987129935938	2.310072948747395	-0.0	2.9860414349715807	2.997543538340559	7.350598915522477	7.947259430340236	6.410360011417496	6.0287239751752075	5.657933054851546	6.287017100521767	7.17425242091027	6.311545937718968	4.446930168151002	4.912939637140863	5.698320622106003	3.150184385016255	4.86076622321156	6.782480844675345	2.9801686203968285	0.995116845404155	4.861925945070837	10.33648254613685	7.961757311466262	7.553318594973158	4.569125433385965	4.979250235779626	3.565091707811395	7.387260223299392	0	6.031160954122833	5.5742961433686276	4.569981414527665	3.99376263186253	3.161704311804468	5.820792866904539	4.939677600994656	0	1.5835395732595239	4.688672430636964	5.519354755352392	5.5201716549217315	4.4952216365700135	2.318127107398426	6.227264869101288	5.572781685352355	2.7919927014126475	6.252219546761011	5.51022579367426	1.998649344796986	0	5.087418369370722	4.808816079191825	-0.0	3.1640408681478727	0	0	5.608613079669667	5.947519631721098	5.605268853425383	1.9990891498054055	4.729727450125007	11.539018060579371	7.2165687577709585	3.6820667107704614	5.9672632155004335	9.366814496069246	8.02076573582316	6.07697778051883	6.257077136073363	5.316125217693402	6.123574210677807	3.315388492994054	3.3174628625679436	10.081680414781912	7.539708684456043	8.118936592519484	9.422939231312062	9.399586363810718	7.137681715043252	7.91313323115778	8.809046292361169	8.72505025856964	6.641995364761048	9.355235080301275	2.806030623514044	9.45875361226352	6.530328396931306	6.675396910873016	7.1349639656714	7.737766444063997	8.237467735916491	3.6780846009672494	5.867293934190932	4.386458438943262	7.050987744690535	7.883640390229336	6.432098288335978	10.079784228689713	7.760040404165483	8.741993871847892	6.87103008366513	8.074052801784033	6.965657497707081	7.1102515961559005	8.593596408143128	7.798528423674469	6.941629831777688	6.598422218437954	4.84792213882133	8.341359870189569	7.464961408288314	8.6897091716003	8.282419820072544	7.769468425753571	6.843582580728335	8.327869521504425	8.502680579801504	6.49338500003598	6.98890862327601	9.07801727833336	5.416441122150249	9.956356640039326	9.920227175761475	8.822615126603003	7.408423557457911	7.218037083863955	6.762730650050508	6.138219000148866	5.232084613437474	7.361708379255948	2.305896167202615	4.512662477097009	5.119910961751172	10.345703898657355	10.219582181887779	5.230121025957598	10.499043314314614	3.500789272869988	7.443533777630552	7.16836678013822	7.96208717060424	10.459764578458223	7.001092623891176	7.631342479349547	7.046968157482532	6.198300334421636	6.75336398507035	6.6191290273596435	4.080909657796628	3.58027877378446	5.574683263359567	4.848156383402991	7.174586611296866	6.447438393440599	6.768987039919344	5.747318840159743	5.804147311208046	7.327421101785231	7.318833778152211	7.327649962211559	8.25570359174129
P66507-04D-Run1_S3_L001	6.4438368099659495	4.0735970866737805	2.7852767235019757	3.1397140333840143	0.9972928022251899	3.1578668835134645	4.3160222206957295	5.963678221897502	3.979078268305771	4.799877112924033	1.5821124944681988	0	3.1531966957217623	3.4495009448385496	3.1681928025967814	1.9782111171676253	0.9990346577998579	2.572609545908883	2.9723504271636636	2.5819693325792312	3.996365470908346	1.9841311275304667	4.314300677516941	9.75903185317034	7.630793048168092	2.316470631950561	-0.0	3.311191051270669	2.9954150488197655	7.661617194713286	7.57036914966802	6.490284021975231	6.947105125414837	6.252902878306154	7.206960381353585	6.679549650007381	6.2914800542978755	4.378582656626569	5.171278565412343	4.577032692361377	3.1640108570133747	4.959529035389123	6.741829534279184	3.678938653273905	0	5.16876374763668	10.522640106830861	8.02531101060051	6.858418105856363	4.231141499714299	4.888737301856298	3.8895889597149886	6.999234580181588	0	5.482666791030517	5.6319613480165085	3.890081572975291	3.312500373141149	2.992125157819882	5.657837878238067	4.843570751112155	0	2.3197099446625016	5.38037932263465	5.610034772721635	5.663272223921098	4.2444442142977215	2.995244967946212	5.794862199265163	5.818788164608796	2.9826543185678904	5.987746120834949	5.027995738056434	2.804366964335796	-0.0	5.35106566509063	5.044402082966144	1.993041365866826	2.802708586028441	-0.0	-0.0	5.516788390027219	5.84966904612417	5.605860790002417	2.8034046676948967	4.222174225324357	11.589322711953638	7.395890400335259	1.9994852138545909	5.677411884582252	10.052194433924267	8.448232946737852	6.596557093516161	6.098086303918645	2.8052487195422318	6.227956510421174	3.678970509032302	4.07701208682509	10.453449391281422	7.346471487378923	8.34723939320479	9.413833842380258	9.576532839491954	6.782024273970514	7.611993570581302	8.841563322767456	9.121908764936412	6.366470765893472	9.733401767221949	4.440013106508388	9.659891279705622	6.932992784872241	7.195660780410319	7.5706603385829565	8.152648903797845	8.797467727567359	3.793767099346864	6.029820497021171	4.383874355757449	7.173292521507594	8.395264970566512	7.047968877495944	10.513424929681397	8.464459791814198	8.586435972408733	7.170535658755972	8.518364993196744	7.205406117367117	7.179018207740789	8.624289937140523	8.308301678378937	6.792927992556662	6.991134498334682	4.9798031517118035	8.505112758088089	7.474330258826618	8.839277629634152	8.802893083880669	7.812535530441915	7.2898333374821105	8.481787272114246	8.999511607773243	6.442347089693102	7.476666784668276	9.44917026601492	6.137631866477913	9.64048580010144	10.437925077665266	8.964783941856748	7.600429698172793	7.528355139493113	6.770318290864676	6.40152626480071	5.035780597479165	6.987435848765366	2.552201295153185	4.513361256972216	5.449427453514821	10.639776738625477	10.437927764475795	6.334026032942447	10.761593596299162	4.643836784774148	7.621135016180542	7.453426577807495	8.024585719646037	10.807526550416162	7.592610032986514	8.026645932737553	7.3888302879237955	6.524245537105828	6.832290895390627	7.184889880233772	4.443850448416483	3.580980852610055	6.2131130505199	4.989169868827968	7.16054984335078	6.633433306611811	7.23340716402851	6.077089602661845	5.748321203314924	7.104028090098948	6.976567185986255	6.954132056154533	8.057090333547515
P66507-07F-Run1_S16_L002	6.309810460501281	4.381309448165609	2.5671134069703547	3.5583516145104004	0.9994700480289498	3.9910061008751683	4.314768552793661	5.771641764274239	3.153478263518233	4.574627580538281	0.997838121756346	0	3.4441140979683675	2.7971237334811527	2.802272438457047	1.993630807333904	1.5829116794813265	3.15986185680804	3.2996245501887618	2.5757580837171283	3.9030416383690514	0.9716712267264397	4.16436231238284	10.009857898198556	7.45591575082349	1.9894429914852647	-0.0	3.3083017387248495	2.582583659205457	7.472323508428607	7.85469570450353	7.106775900024551	6.628755191275014	6.096007765570391	6.96144651200638	6.80942600779565	6.326834394161553	4.737931167053805	4.873893855559275	4.742910413796158	3.8990559608446826	4.916078365755184	6.890484770484	3.300249541921374	0.9991848407325887	5.0085160190508615	10.48338231117327	7.8054765330709	6.930831148489139	4.304622374464469	4.978005828645672	3.7888011937917154	7.202068728681023	0	5.768734569890001	5.795516802069402	4.440952096573034	3.6885528007283095	3.156425998125502	5.813612522786477	5.02567575061549	0	1.5841009476622459	5.310303474079544	5.639030263764014	5.6350047771446174	4.51859607425899	3.1632579353541064	6.378610213413532	5.792644670041657	2.97947967180536	6.005077693369189	5.191983338440423	2.3209720007958183	0	5.420222680406063	5.001646826725057	-0.0	3.3125972661626006	-0.0	0.9999855704811517	5.455704761448891	5.7995005662016785	5.578773103951328	2.3196273168216854	4.972650134423199	11.561112255114944	7.370454195370803	2.5843759035626803	5.382811286964303	9.58978600121346	8.273387598382486	6.378809963366595	6.414010407937269	3.699432256466066	5.690631195302367	3.6951767357041776	2.5803181846225365	10.353233958737585	7.59526776903978	8.171773274046561	9.890902047074723	9.977992194555537	7.298698657978649	7.646157033895187	8.69639639593192	8.785658917356074	5.797396954154183	9.680551760167392	3.6962495902914063	9.75438979359029	6.953680053997605	7.437987805424304	7.4566077983381005	7.921653859214821	8.663657165642237	3.7869441298672872	5.837380789423807	4.385110627451207	7.146290228824996	8.327422710770787	7.343427326780058	10.396571199637027	7.944773387273486	9.250949636978184	7.33447532891384	8.47152151680064	6.9956449842751125	7.158180612601634	8.948916369094766	8.24503139143593	6.9412585212843885	6.620286423750485	4.237705231482426	9.08232452747381	7.897147892259986	9.25821331370689	9.08946358557477	8.158704350706872	7.665030521195918	8.722367894738474	8.993120875799226	6.84433166749538	7.003670578614797	9.300695674429049	5.966678452888193	8.78088645828516	10.390236076430833	9.018647168403513	7.571385903224053	7.5116473407137425	6.8478957269393455	6.419453743702752	5.745379951598416	7.3381533684322555	2.5633062522849337	4.7968233722357585	5.447998082542487	10.504083598163522	10.391334801723279	4.735196970314338	10.71331250010069	3.8199394605465917	7.360094968176661	7.155972074832795	8.320036463127	10.743059882618178	7.511764396434967	7.956405898400153	7.3720909067062115	6.78055980071213	6.963234137649964	7.343901862141923	4.575220172099333	3.580139391797361	6.462539841318251	5.118554486205925	7.380809865841665	7.139066254842568	7.281145389728666	6.542760943505304	5.963848107061139	7.3880305578067365	7.329093941297895	7.320489491530148	8.218355483590763
P66507-07G-Run1_S17_L002	6.035380826268595	2.9889723724418884	3.448948747004524	1.5560172391766844	1.5763651576361695	3.6808197881408176	5.061378432843101	5.240023265354746	2.7989996192343476	3.167395350201326	0.9988047158441173	0	2.313714069052828	2.318878035380725	0.9998736932991248	-0.0	-0.0	2.569203977280356	2.7790923552569358	2.576093500996873	5.017007679177564	-0.0	5.021255804266234	9.039770562394116	7.045182124103038	1.5812874005770199	1.9703444055332755	3.153706947514017	1.9996695785845515	6.9410579666536565	7.102646470444926	6.096021430199785	6.076152860879847	5.345889061371968	6.343875064832302	6.357586036526511	5.945513190097393	4.380088803579596	4.6733750095597	4.241948231277877	2.578835656726318	4.433107880131775	6.1993434844572555	2.7924580932990435	-0.0	4.615544358522969	10.129123191677667	7.5532321806320075	6.544243084998615	3.6898020697839993	4.634973986118326	3.442374429216177	6.705107799037531	0	5.573206833998784	4.84911249250692	3.5738334326891974	2.577728179829127	2.801482536025188	5.160369678245487	4.631699677712647	0	-0.0	4.575756695046609	5.2238915861980075	4.900707230151709	3.992322869015728	2.9945958613102284	5.753185183949704	5.10830493894328	2.5692871204798067	5.691722246371718	4.5112809285299775	0	0	4.723303488044213	4.7787914645743585	1.5820271728254247	2.5825391922863243	1.997772445271661	0	4.96911987176275	5.398697427920599	5.399041298787018	1.9880809948329472	4.06682687081917	11.449911614522236	7.78733263899357	0	4.802125817119061	9.4298812423511	7.91643849562798	6.160887089852578	5.635613992685456	-0.0	5.577147803927551	3.6978729009361153	1.9987427554496269	10.539195394907653	7.884695388021307	7.812765472754706	8.514672242895058	9.170680149525179	6.926409481684611	8.353844730028273	8.892510245738357	8.776692346648893	5.438985738245355	9.747073250644041	4.395665626612361	9.592910435772016	6.618099554076756	7.405593780437232	7.270303258825942	7.370357752343436	8.917143366989208	3.7959310219146025	5.8456540156792505	4.314173452421964	7.389606178909028	8.079460106980347	6.750680283787523	10.082387198172585	7.615295440005787	8.080887865661758	6.955176944834351	7.9399423491246495	6.779146315211531	6.644004292661555	8.180903356783327	8.109114976153275	6.478884320317289	6.385239594077569	4.3799156793115	8.35517158495581	6.703007746728706	8.303935803228816	8.606797255326391	7.688243887582388	7.077910998802286	8.117723120391123	8.228258050163864	5.908808372422302	7.462338070108407	9.405698905675866	5.567071831549962	11.783144528046007	10.108556709195781	8.9914456833774	7.625089043889137	7.447504698946792	6.743256698362796	6.690826584325909	5.102264233205901	6.6029098065930105	1.9878454692262406	3.8829258059829	5.1602864119590315	10.122965122379487	10.05885966982137	4.446380004492362	10.399818181009879	3.394273575531494	6.897092095485388	6.944881612469795	7.45707547358406	10.5663539202308	7.358549989205871	7.975968687429746	7.401111344252374	6.717611244100955	7.119447458496851	7.297502463834991	4.57468504402153	3.43426657423254	6.882665173385422	5.16093545227759	7.274681067852786	6.587636439952921	6.83318863021672	6.452404406574025	5.502331209615379	6.602806757368908	6.5885361324741005	6.5885361324741005	7.507082077805782
P66507-08D-Run1_S20_L002	6.541618256999195	4.1567386216285325	3.3091456060064828	2.967204759594607	2.5840781491693487	4.0799032667530195	4.577976798888134	5.79689300884841	2.9840152787919823	4.575143243491555	1.578741288602922	0	3.307544805381744	2.9883015514637936	1.5839826073392298	1.5741104988685017	1.9925066677014729	2.5737492264716666	3.435589575821111	2.576306045613205	4.164978530692887	2.302123109002638	4.383551736493578	9.666019600334975	7.42292299177865	1.9901498631757524	-0.0	3.301508601420425	3.1665980163828436	7.440282791694874	7.467527395054571	6.549181243942483	6.287580945439981	5.869138290076175	6.749704021528484	6.883077623265447	6.3954346765829175	4.78937953831215	5.089016425023827	4.795895464704061	3.5778113118808323	4.9569111692368875	6.867022574265328	3.6761735838855585	0.999922761094051	5.086819856399524	10.512912393067529	7.933531218188014	7.065154387130936	4.302605223921635	4.977462030174508	3.891986797686449	7.163842500064095	0	5.894918057881627	5.689973576136931	4.2317287533638375	3.5723508964371726	2.8006779849535506	5.684076158662272	5.114556130277717	-0.0	0.9958844424727618	5.0742965160996745	5.665780077173223	5.719245281778687	4.315818495330899	2.7999281399823936	6.290971781872306	5.767070034247401	2.786689867888034	6.114344963536313	5.409825075802964	2.5818556947654803	0	5.417737684239655	5.001003600552704	-0.0	3.5803317257170453	-0.0	0	5.5451697681007515	5.847407861406513	5.867975231826173	2.582230530010459	4.357843545420468	11.56126694767327	7.706244906459832	2.5841684558580447	5.200692344397676	9.663674666686159	8.168803651475097	6.290816065991048	6.310789592880248	3.8059941163723607	5.689795454828248	3.5783986711454054	2.9956067254220273	10.505094181768165	7.645352450071185	8.196652550391804	9.219193227787581	9.542594591955215	7.175920744968778	8.012687198578922	8.739722633820014	8.82626775222748	6.056633338664319	9.870100019638928	3.994767368455544	9.857881931474413	7.067290818069524	7.351569815748555	7.481267103602053	7.979418425538254	8.834943723725637	3.8859326507848633	6.2295042356129064	4.745828808042841	7.224603649864101	8.457605384108646	7.1056108649439995	10.428412428008395	8.00005505569546	8.666106118278714	7.2519820038525955	8.357665218743279	7.061720959738461	7.368929878351223	8.552461299055762	8.250099487929678	6.86817774881249	6.88564037452927	4.160528988556435	8.61936589447793	7.4322958436514375	8.761090144871343	8.847859324384812	7.963688881015937	7.3059602921086375	8.442688295244578	8.714144155680646	6.338148284552989	7.293071828630788	9.419130591552655	6.138012220947465	9.001712959477649	10.279556972880487	9.039524523168192	7.754608253982321	7.397202074448541	6.956542153557316	6.7329044783982726	5.275586374180414	7.005303392133395	1.979649998727108	4.792706979654685	5.310784371297154	10.562854752949672	10.431666824903813	4.981031196617985	10.757776293439509	4.242302471023502	7.426829578129503	7.289948015742546	7.914583941463168	10.820062512194076	7.461709657193215	8.02783380779115	7.430908763193867	6.682462577496706	6.937256838963942	7.4018276577065825	4.7966817575072564	3.8016459589140936	6.358440283562843	5.311381742153538	7.42198413626106	6.8706621375442865	7.5464429809017	6.495494874723711	5.72275084098408	7.004721027942122	6.994175346177751	6.9832893989027305	7.92039116185389
P66511-01E-Run1_S17_L002	6.380187599676846	4.308190322580497	2.7852440873199322	3.138013647780948	0.9976029234819632	4.239036997501328	4.514963986588248	5.846060711955926	2.9832932504643277	4.89767697975538	2.575334770405438	0	3.4428179438230333	2.7949805292844854	1.9969897515448936	1.9847729383588246	1.9971052438578405	2.79575214823613	3.430341911273168	2.7960568231517557	3.9950329568994745	2.2957480795442904	4.079424790196151	9.77120696585213	7.524348249651561	1.9903222564447385	-0.0	3.5730870626136175	3.316797709395396	7.485882400182054	7.721166966603979	6.747208183210664	6.5211394393951965	5.985377293018943	6.887228687700061	6.949676378488046	6.429908611870043	4.789066110201936	5.278497007891957	4.743753649835038	3.576023711891258	5.201674733081922	7.06023760298081	3.677112138835138	0.9998407082037444	5.3116943695996115	10.609153940509497	7.873255247642521	7.086309804837924	4.152742671581665	5.062763610965413	4.068776553085856	7.279448815349031	0	5.966691154498541	5.89435764228128	4.62216990698657	3.9888357283798994	2.991750585365755	5.935348771764493	5.230901030084206	0	1.5842708723779282	5.233865951797391	5.770601262179441	5.662657665961417	4.387298046037492	2.8018635154508997	6.344159357144996	6.005799972807423	2.7913756467886497	6.233268105353292	5.682395108490007	2.8051098748074956	0	5.712517113945499	5.273099469607296	-0.0	3.898692718465231	-0.0	0.9995845875119651	5.791597414896732	6.051594934362292	5.888557089785529	2.996944978264824	4.354111602735145	11.59479776112859	7.678508177756549	2.998733228008502	5.347995151024148	9.767680066719375	8.344078349837378	6.37760402673836	6.430564804911111	3.804967965635462	6.010963110408226	3.9004348938781597	3.1632763168246316	10.355923361755615	7.58727418453281	8.267690982359586	9.3606889721043	9.655290256893405	7.195481154387349	7.5410251743064	8.772053584274069	8.822702899328453	5.770788234375238	9.863349741065553	3.9023775176538926	9.786908951159539	7.127905213640165	7.377891241082016	7.480989058908445	7.932566855481668	8.799777182477909	3.7848068282463934	5.9321294417171115	4.576175305632855	7.155331747197514	8.407284240855594	7.114793800147151	10.378367564038342	7.955538138423941	8.713655625272777	7.278289310504367	8.364714406815732	7.061860178171531	7.286138554150502	8.659824704945981	8.294833353307558	6.9620445471629075	6.731744374502611	4.313601739759498	8.749969241093657	7.608760939199394	8.90601420581779	8.877182031169054	8.034956227991826	7.373676646927222	8.551036766738163	8.78188442556158	6.574932056278782	7.219511064622799	9.390655564594992	6.009332860479397	9.741468071035532	10.25257124495371	9.039420582793122	7.665711665125155	7.4390193027551685	6.823167411621492	6.467120443525936	5.276885668049805	7.098913029602499	2.2981870667939295	4.744359763746631	5.413242155774033	10.624120054740496	10.498777513845486	5.0672760347645545	10.828514933208263	3.9118971087706305	7.491937875333713	7.316068843064873	8.084657261647315	10.67334465928297	7.405340284145019	8.00540373945808	7.405976855463454	6.725259822793141	6.855366334721294	7.174392434358522	4.796405737280466	3.9004951257630522	6.232290737062612	5.117195624111154	7.430829731026672	6.989220702760547	7.251730965678605	6.309972164935161	5.845774977502645	7.108483607128978	7.08851365659347	7.0782233901984	8.014325866952584
P66511-05E-Run1_S11_L001	6.380159564730289	4.632764700812305	3.1502753539954744	3.6751104084450414	-0.0	3.5659225267009145	4.077923346348686	5.845714298876889	3.439260216865854	5.4166289145770845	3.685651010745542	-0.0	4.154616974698902	2.312447071604663	2.992184548395113	1.99393029632723	0.998415696110896	3.1602783796032807	3.307611628986273	2.577449529144407	3.9021997598606926	0.9782050646113758	4.163574606616449	10.181396144040296	7.472505546488194	1.992346303796739	-0.0	3.3087637051478342	2.805127079544449	7.607969131597711	7.760688454048808	6.426581953957896	6.680959444971737	6.045687355445576	7.046747975613078	6.756523523208188	6.380160840691869	4.7879948015663665	5.090135671773388	4.574849586946577	3.8004841885859717	5.002242016808542	6.726985740504249	3.4354823547048428	-0.0	5.090428604963168	10.50240307460235	7.956591936913537	6.784486710982894	4.50426428508943	5.021086470877295	3.790469509696974	7.115774867913674	0	5.574465430691591	6.0284317989448155	4.561666538605435	2.985868343462494	2.798070821244661	5.655380121421918	4.989577677278549	0	1.5839759077260585	5.441704620559412	5.8250349700582795	5.716353508201249	4.083950879053257	2.580493886787595	5.9409435413796094	5.794296739790898	2.790612915560636	6.052705941364221	5.308146127808209	2.320172380768244	0	5.418799685854409	5.386170677313951	0	3.4529061079898904	0.999936338567934	-0.0	5.604431020652809	6.052683984036684	5.7188752209632305	2.320660005876662	4.050050775531706	11.566446995435802	7.414309889879174	1.9997507335928253	4.899611651121974	9.546922901437837	8.28843338852036	6.361025853554303	6.39511051876997	2.9987049124070313	5.383083039401452	2.7999433659391264	2.581221988592791	10.176464177266775	7.440502664362704	8.488571531883652	9.709739462945647	9.678554205438877	7.053357152651451	8.165809094946606	8.55511062524073	8.722803320455549	5.691673071189509	9.6165162857276	3.1666735346453114	9.645130121691682	6.809892959749776	7.23453030280841	7.381857501070839	8.107381612081094	8.522908096209227	4.2146822946007845	6.163281421405164	4.578215143434373	6.929294733371136	8.166528018510654	6.999022900890117	10.342814450328927	7.935537988667285	8.769207786159749	7.2309721924893084	8.276185254613157	7.449676545313075	7.559197760380562	8.519245232759646	8.13341581717654	6.858649207199579	6.40025997393546	4.080534208376464	8.710189068589687	7.761035317221025	8.82324526746377	8.677546894927985	7.9970150763343355	7.480477181838953	8.606151209418854	8.865809856796037	6.251694301169041	7.048310474509943	9.238059626613747	6.198954570262752	9.20015209051725	10.176825537539319	9.037750131816153	7.601522789638568	7.37224134076783	7.034783621813808	6.349870686262804	5.717276504854334	6.941159724033122	2.301736616528141	4.934803669870244	5.309954399477088	10.517916831977406	10.399776282770677	4.887372541904291	10.695929064517982	4.5213370801457025	7.436162090630196	7.216169566725016	8.223308346384652	10.668481420655624	7.310777653633744	7.95956080521414	7.177457258308871	6.699700869778115	6.939471099050838	7.183734689944525	4.57573670487159	3.9034864163306424	6.133177548882727	5.307598057253794	7.273541198826215	6.940618053933137	6.994966121485236	6.363853856166883	5.6976535964378305	6.918059474952916	6.918204233639644	6.918204233639644	7.92226058050854
P66511-06G-Run1_S16_L001	6.669091443509188	4.446628951934618	2.975639646980717	3.1376494924117786	1.5838270688140006	4.161825641600597	4.2426011800451215	6.289617091689745	2.5703310270936113	4.748151592780758	1.5821157736996145	0	3.7948458974706387	2.9924875031809397	1.9982002797785796	1.9909863437127266	0.9999900304224159	2.5737248619700646	3.2937191981053697	2.5789617359318275	3.6952677800609917	1.9716290090449973	3.9927305163358677	9.757836083686794	7.585731427212691	1.995133078155266	1.989188270405196	3.1579505086004716	2.804745085086122	7.430828461604324	7.716665577119156	6.472226302872718	6.4271795504979465	5.818972552544641	6.736303852393075	6.907305554080798	6.557107307314043	4.7886049464523435	5.088509733504529	4.847157915568422	3.452878954897206	4.955475178114831	6.85511501762804	3.564069942658683	-0.0	5.240839700964864	10.674042065444853	7.849015798717049	7.076667544651265	4.154572254199013	5.021300772955557	4.066145685655398	7.2241848736440275	0	5.664276710804249	5.632767093371664	4.44046710035277	4.07848930962312	2.800791143096946	5.865110345705958	4.889919705226798	0	-0.0	5.510384529556017	5.868551519171687	6.23181784361441	4.317660585836044	2.318287570658659	6.310437565324121	5.867437028853703	2.7873879958765193	6.176651464358405	5.4108313098370076	1.9984511486425771	-0.0	5.575451508737411	5.122893037261686	-0.0	3.4517318971299598	0	0.9998800200566216	5.6346314770917445	5.943637175276822	5.769218764184454	2.5833362071807744	4.051797206569642	11.567832998599144	7.485586739732422	2.8049567776152142	5.416103594003053	9.667263347652977	8.317720315377741	6.409812424188456	6.198232457860014	3.457952996276995	5.847825577777744	3.902017989269589	3.447961222113449	10.274091610900282	7.4878447672597295	8.225903744280755	9.41585572413437	9.533360662796428	7.1274801625542	7.631765873206059	8.734713466102148	8.859154720059806	5.990272070340043	9.739099643533253	3.6907868722782626	9.691088699216984	7.021981366041316	7.165772520546332	7.465259916319163	7.799575377367927	8.702635333281297	3.56182235214738	6.085411308715039	4.94544272502237	7.186571891891055	8.24360381174914	6.99630091582402	10.336408766867772	7.990331364502696	8.613307628350404	7.224103416659632	8.249524163161283	7.04204736970651	7.252267488272249	8.611851821748788	8.207500528087614	7.031511977938267	6.633276377676702	3.8975394815803415	8.489485468891424	7.431564551905554	8.828839929049833	8.829747515327394	7.940645253179512	7.312894046686907	8.400760940101371	8.647961531469816	6.453217643902816	7.28294404976238	9.38647764302699	5.988706916111811	9.074991680717089	10.153449154454995	8.981627415119974	7.651992173627041	7.456397779489478	6.8099990478526236	6.332280808185046	5.161991120060968	7.035885854866411	1.9881284162155333	4.572211911069799	5.347786932990751	10.698445371342457	10.567790691583369	5.6001621357502955	10.884390455600013	4.002791586218426	7.640822448959643	7.613351078664166	7.9955161362359055	10.702628298270069	7.283178039652296	8.086082614697805	7.197796738663846	6.614215193047867	6.80474174917387	7.27952543310422	4.895472631277503	4.450296637653853	6.133654557980244	5.234168469087701	7.29235410942603	6.85898598372881	7.2894624811792905	6.216035929393832	5.7722551778548405	7.024754016906646	7.003530213775419	7.003530213775419	7.925378741770556
P66511-07H-Run1_S19_L002	6.428902652520805	4.306305104598119	2.9879727204426016	3.430863583709663	0	4.077589743206966	4.513617141921939	6.010036699983749	2.9816298969660244	4.899708962015427	2.577754003781755	0	4.076813442925935	2.7955894029646013	1.9954593388281983	1.5727436749574406	1.9980406871206366	2.3122521725212564	3.4395511871944486	2.572930133808023	4.244232464518163	1.9757689072333169	4.313797156147266	9.884290672326593	7.619982487948093	1.9835116046225443	-0.0	3.3082976483856665	3.574738761732208	7.494448005490497	7.566870139869165	6.594303117167485	6.738405430699637	6.270480284079867	7.078866495752879	7.193175666907047	6.89195006146413	4.735030912916266	5.169391246669226	4.575379046295981	3.4503519493350634	5.170571832478379	6.962079284614127	3.67654785821225	1.9992086802982048	5.313672514936459	10.701537898350022	7.967971835801008	7.033415473117751	4.56811502347084	5.062438358188412	3.978420451452998	7.459896613974792	0	5.870499930109546	5.940841529520646	4.624718128030994	3.7955829933035137	2.992142355307074	5.960219528988231	5.117300470127442	0	1.9993331096800961	5.116066668178565	5.820086166669858	5.634589155228292	4.3177228806742605	2.8021836036180625	6.273010622652131	6.411259551154935	3.8866286015930696	6.460719067485058	5.764182720811522	1.9946579620581315	-0.0	5.543671877008178	5.201390570127682	-0.0	3.692027556818525	1.584645431046071	0	5.793843594483804	6.032025044303131	5.794221224743156	2.804239530350099	4.284928228976688	11.581753513424024	7.571378825640442	2.998557300320032	5.200720179931946	9.70650183821853	8.277888518971041	6.377900274892513	6.310570314964912	3.805555904052509	5.943208015287871	3.5796813797052764	3.1642148260432603	10.307639710176106	7.495626861450364	8.302791112560936	9.28504081051124	9.555539027425473	7.234395265608706	7.794559827192625	8.684822643780944	8.783798197979515	5.872074320241288	9.763997351953622	4.384471523346634	9.803611426875854	7.226714464705312	7.298150203002264	7.41579412713773	8.066834421278552	8.669432343545296	4.139654968575446	5.973061688810303	4.238608586146618	7.124461172849351	8.347767345129647	7.176521861070043	10.456242541592951	8.064507914399574	8.737427656842096	7.313377510950633	8.44883132731413	7.1422722861033625	7.123460218702016	8.64364931333882	8.267913719667282	6.89166996772598	6.745634219721407	4.7457431134879355	8.646634971731865	7.503300583069501	8.84924389127809	8.815542650804808	7.922570375110021	7.313541866211525	8.490026336182037	8.78059011494742	6.371803463056525	7.20861574172097	9.308493237091158	6.094170154237148	9.098772400466501	10.24779440515817	8.969876008940597	7.636622402506147	7.397959164846003	6.894746358938869	6.331978612107285	5.201998869243025	7.047811571015808	2.305904336928426	4.795220904921775	5.309921638585968	10.663428916658004	10.570266453136192	5.065058123636006	10.899783525169894	3.819760146436264	7.575691900111758	7.350687680355331	7.948617562310097	10.707222771397369	7.309401161475999	8.015951854694126	7.273737270769616	6.656187180276398	6.9146277969572	7.288509106777428	4.3821914104379385	4.452059075466434	6.359857261434601	5.073354195923622	7.337487687805464	6.883301645010196	7.261449603145807	6.327363072912778	5.773116203072691	7.150760880872927	7.037202621567096	7.0266300942509785	7.9591798002188305
P66511-09B-Run1_S26_L002	6.498663451241333	3.445604588384648	3.1522756647713033	1.9648385803479362	1.9996081357964302	2.797579181448686	4.311804143329161	5.945026203947436	3.687914364936386	3.9975314126462855	1.5836337949291703	0	2.9906652945212393	2.7997873547364933	0.9995096805117134	0.9850383086745138	-0.0	2.9850619495075614	3.1507413399888016	2.7988055453678773	4.635628441262893	2.804111455658552	4.388600465100953	9.200793935841212	7.096917127840392	0.9998142160282476	0.9960259821686582	3.3149550626675803	1.5798288926211752	7.081261413109612	7.038984505002214	6.0101279004195725	6.01195777680079	5.415550576433641	6.479046558813705	6.375098910079644	6.117474442228536	4.236687440873672	4.672047817088749	4.081642708595963	2.5777826809780837	4.493456146819485	6.312228291482271	3.3048725289686076	0	4.613623518072186	10.172519760837021	7.793654804618994	6.932890040277109	3.7988692999607627	4.686635887485519	3.689273169652009	6.797526016270767	0	5.419009071853028	4.991721297078203	3.796809576711508	2.312483861761766	2.576599100195125	5.23642724183302	4.379242792170104	-0.0	0.9988445568900213	4.312664366630144	5.331990695735858	5.6295302057872245	4.578956201445018	2.5816597708328834	6.116903787499014	5.237533172672612	2.3074528383118325	5.545776817076585	4.447550721073206	1.9992357139870958	0	4.77425461964955	4.666824200259177	0.9982458863647115	2.5821297989569576	-0.0	-0.0	4.92417277613674	5.36449319918355	5.292725216762234	1.5787858464679414	4.155246030994803	11.41462279527374	7.961123421531111	2.3197915959966604	5.314104913046412	9.535092370446277	7.947249653137914	6.555259262869788	5.485444050977664	3.457313719141534	5.942043710071733	3.4502841599312215	3.317239051158765	10.576684166332727	7.631866763484403	8.0580728288432	9.241139583209854	9.376270227479628	7.040752784455679	7.495553479000555	8.646886365889417	8.882631503606527	5.774931198100813	10.133591526372943	4.310732574646806	10.01767577543519	7.1425755903048	7.684944803730748	7.661443009560091	7.868579946594983	8.968994450774025	3.890672095617208	6.412493220991203	5.160957482916132	7.730758326583979	8.404132581855473	7.10894026420938	10.35031542277965	7.740902290743506	8.074379189016042	7.17857788248166	8.319791383544827	6.965572235810266	6.699798036463181	8.169038089212657	8.469095735307992	6.8335752009884585	7.137543063303401	4.565801586685171	8.764927231674154	6.781969841254277	8.497137181079736	8.72255665985877	7.889642812662175	7.2072630604051175	8.188582501094865	8.33435244502746	6.106675272345901	7.380851271812949	9.485511411608565	6.115605349287982	9.497914533086204	10.014699092285754	9.20099696641165	7.764763143292473	7.700927679042785	6.926168303302269	6.734145208433661	4.800642394150598	6.600175812622283	2.3072214515056997	4.382129918924265	5.347078987317144	10.281402161087062	10.14152492623577	5.272877720497393	10.388502808753543	4.115949572856289	6.978516445402252	7.001615967382351	7.593958782503223	10.750231192062232	7.727668043192542	8.343668755353903	7.573976062958923	7.018008554886991	7.017007385872926	7.404366714747325	4.449939528605055	4.3111357609953025	6.362244045800682	5.035723141619041	7.480672776293467	7.099196032204385	7.3968550561496444	6.511248543571513	5.646927061050117	6.643248258623421	6.600638089498377	6.585810447726991	7.465959566947154
