"G138701_RCCBMS-00020-T_v1_RNA_OnPrem"	"G138701_RCCBMS-00097-T_v1_RNA_OnPrem"	"G138701_RCCBMS-00141-T_v1_RNA_OnPrem"	"G138701_RCCBMS-00099-T_v1_RNA_OnPrem"	"G138701_RCCBMS-00163-T_v1_RNA_OnPrem"	"G138701_RCCBMS-00053-T_v1_RNA_OnPrem"	"G138701_RCCBMS-00116-T_v1_RNA_OnPrem"	"G138701_RCCBMS-00136-T_v1_RNA_OnPrem"	"G138701_RCCBMS-00057-T_v1_RNA_OnPrem"	"G109543_RCCBMS-00007-T_v1_RNA_OnPrem"	"G138701_RCCBMS-00008-T_v1_RNA_OnPrem"	"G138701_RCCBMS-00065-T_v1_RNA_OnPrem"	"G138701_RCCBMS-00110-T_v1_RNA_OnPrem"	"G138701_RCCBMS-00111-T_v1_RNA_OnPrem"	"G109543_RCCBMS-00147-T_v1_RNA_OnPrem"	"G138701_RCCBMS-00044-T_v1_RNA_OnPrem"	"G138701_RCCBMS-00084-T_v1_RNA_OnPrem"	"G138701_RCCBMS-00093-T_v1_RNA_OnPrem"	"G138701_RCCBMS-00154-T_v1_RNA_OnPrem"	"G138701_RCCBMS-00194-T_v1_RNA_OnPrem"	"G138701_RCCBMS-00028-T_v1_RNA_OnPrem"	"G138701_RCCBMS-00047-T_v1_RNA_OnPrem"	"G138701_RCCBMS-00178-T_v1_RNA_OnPrem"	"G138701_RCCBMS-00068-T_v1_RNA_OnPrem"	"G138701_RCCBMS-00072-T_v1_RNA_OnPrem"	"G138701_RCCBMS-00035-T_v1_RNA_OnPrem"	"G109543_RCCBMS-00114-T_v1_RNA_OnPrem"	"G138701_RCCBMS-00125-T_v1_RNA_OnPrem"	"G138701_RCCBMS-00165-T_v1_RNA_OnPrem"	"G138701_RCCBMS-00092-T_v1_RNA_OnPrem"	"G138701_RCCBMS-00036-T_v1_RNA_OnPrem"	"G138701_RCCBMS-00011-T_v1_RNA_OnPrem"	"G109543_RCCBMS-00145-T_v1_RNA_OnPrem"	"G109543_RCCBMS-00196-T_v1_RNA_OnPrem"	"G138701_RCCBMS-00090-T_v1_RNA_OnPrem"	"G138701_RCCBMS-00113-T_v1_RNA_OnPrem"	"G109543_RCCBMS-00076-T2_v1_RNA_OnPrem"	"G138701_RCCBMS-00098-T_v1_RNA_OnPrem"	"G138701_RCCBMS-00103-T_v1_RNA_OnPrem"	"G138701_RCCBMS-00137-T_v1_RNA_OnPrem"	"G109543_RCCBMS-00150-T_v1_RNA_OnPrem"	"G138701_RCCBMS-00191-T_v1_RNA_OnPrem"	"G138701_RCCBMS-00169-T_v1_RNA_OnPrem"	"G138701_RCCBMS-00049-T_v1_RNA_OnPrem"	"G138701_RCCBMS-00025-T_v1_RNA_OnPrem"	"EA639146"	"P66425-02F-Run1_S7_L001"	"P66291-09A-Run1_S10_L001"	"P66425-08F-Run1_S7_L001"	"P66511-05E-Run1_S11_L001"	"P66425-10A-Run1_S13_L002"	"P66287-07B-Run1_S2_L001"	"P66287-09H-Run1_S14_L001"	"P66291-12D-Run1_S29_L002"	"P66451-09H-Run1_S2_L001"	"EA595647"	"P66432-08G-Run1_S26_L002"	"P66287-11C-Run1_S22_L002"	"P66282-01G-Run1_S3_L001"	"P66425-06E-Run1_S28_L002"	"P66511-06G-Run1_S16_L001"	"EA632688"	"P66425-07C-Run1_S2_L001"	"P66425-06G-Run1_S30_L002"	"EA647820"	"P66511-09B-Run1_S26_L002"	"P66282-10E-Run1_S12_L002"	"P66432-07E-Run1_S20_L002"	"EA639153"	"P66287-06H-Run1_S30_L002"	"EA632758"	"P66507-04A-Run1_S1_L001"	"P66282-05D-Run1_S21_L002"	"P66291-01B-Run1_S2_L001"	"P66287-03A-Run1_S9_L001"	"EA632123"	"P66507-02D-Run1_S25_L002"	"EA595720"	"P66507-08D-Run1_S20_L002"	"P66507-01E-Run1_S19_L002"	"EA595719"	"P66432-04D-Run1_S2_L001"	"P66507-07F-Run1_S16_L002"	"EA632813"	"P66287-04G-Run1_S20_L002"	"P66451-01E-Run1_S17_L002"	"P66432-10G-Run1_S4_L001"	"P66425-02E-Run1_S6_L001"	"EA639120"	"P66451-04F-Run1_S6_L001"	"P66451-08G-Run1_S25_L002"	"P66432-07D-Run1_S19_L002"	"EA595529"	"P66291-10G-Run1_S20_L002"	"P66507-02B-Run1_S23_L002"	"EA647824"	"P66511-01E-Run1_S17_L002"	"EA632768"	"EA639109"	"EA595500"	"P66425-03D-Run1_S11_L001"	"EA632802"	"P66291-07E-Run1_S3_L001"	"P66291-07H-Run1_S5_L001"	"P66291-11F-Run1_S24_L002"	"P66425-06F-Run1_S29_L002"	"P66432-02B-Run1_S21_L002"	"P66282-05G-Run1_S23_L002"	"P66282-01B-Run1_S1_L001"	"EA595522"	"P66291-08G-Run1_S8_L001"	"EA639018"	"P66287-05E-Run1_S24_L002"	"P66291-07B-Run1_S17_L002"	"P66287-09C-Run1_S12_L001"	"EA595635"	"EA595654"	"P66282-04A-Run1_S14_L002"	"EA595624"	"P66291-09D-Run1_S11_L001"	"EA632234"	"P66511-07H-Run1_S19_L002"	"EA647826"	"P66451-07A-Run1_S15_L002"	"P66287-02A-Run1_S5_L001"	"P66282-03D-Run1_S11_L001"	"P66287-11B-Run1_S21_L002"	"EA639040"	"P66507-04D-Run1_S3_L001"	"P66507-07G-Run1_S17_L002"	"P66425-03B-Run1_S10_L001"	"EA639069"	"P66282-11G-Run1_S20_L002"
"KEGG_ABC_TRANSPORTERS"	-0.290138686879161	-0.412868256710288	-0.22109028509275	-0.489191049648172	-0.223018872601905	-0.30706124770992	-0.180400629763179	-0.0811510177030233	-0.437115074834178	-0.316439422677631	-0.345791695447922	-0.163995671315406	-0.216885100386038	-0.141188383710782	-0.301617998657692	-0.109353429888232	-0.279755764119417	-0.118335836933611	-0.152641489328773	-0.504674975957286	-0.524160443987504	-0.285073090390512	-0.362871625308774	-0.341653271498312	-0.272170310409975	-0.223715392748238	-0.264511035032982	-0.244304873488545	-0.193822217536256	-0.261787274858687	-0.541022612346561	-0.240032189606038	-0.156641167367902	-0.457962440016748	-0.35033794904381	-0.391421674493149	-0.528147752193546	-0.337024313295506	-0.216922859111227	-0.194994067304849	-0.136219340243787	-0.271934815722827	-0.203536280500068	-0.032835959372422	-0.499538389046669	-0.353332228234261	-0.385711501101455	-0.452271255784275	-0.33625882862972	-0.227300127333253	-0.482347063801845	-0.0483322835456248	-0.491612191822748	-0.158161275600725	-0.310759333128705	-0.264174419652916	-0.480630048172622	-0.333483992173984	-0.413012463116554	-0.272140553838298	-0.0304420380865775	-0.448358012192086	-0.367836279314091	-0.22533618166135	-0.0920141856937889	-0.210679661544064	-0.500028008580207	-0.44911749472355	-0.250519253511265	-0.330620580425356	-0.458507354195414	-0.156883275493575	-0.299713599769256	-0.400511409978346	-0.533007245166361	-0.446762008888267	-0.186327740164329	0.179878144368595	-0.0636174482904797	-0.444011721635348	-0.319649699054826	-0.337944738252943	-0.334268735496444	-0.205536697005459	-0.497751181474288	-0.216996433636161	-0.0998831771274983	-0.236047598723133	-0.021208119966485	-0.308737350958742	-0.145924006949127	-0.524682492628356	-0.223649929950257	-0.0757476385551897	-0.152083514459361	-0.106945192879292	-0.266351670884689	-0.0412727820270387	-0.40042902387566	-0.286566417295834	-0.301903523313904	-0.136590085808493	-0.406065307573833	-0.386133574930203	-0.198079799872838	0.121120968792336	-0.319454185411203	-0.309529180899961	-0.272400055639972	-0.351294163356628	-0.460693032344162	0.103490322480549	-0.414355459443226	-0.461337897653386	-0.4211924234275	-0.296353257782959	-0.307553018746496	-0.215680965297086	-0.382058873312037	-0.336784788172194	-0.370543858454795	-0.0385568566109162	-0.289658473104937	-0.0685490381090122	-0.163277454140245	-0.522977081093975	-0.0726632017304864	-0.365855365454285	0.0091650396319701	-0.109689752384444	-0.328672350082275	-0.272186459923585	-0.217032466652761
"KEGG_ACUTE_MYELOID_LEUKEMIA"	-0.141995510603763	-0.290991119464298	-0.0123374698739975	-0.00103942494878984	0.0982058700746594	0.112797661128676	-0.376905107832172	-0.348860459826205	-0.125078278500536	-0.285805368989596	-0.0847280729990323	0.134809708618268	-0.212560558338313	-0.298436070962599	0.0615105345057137	0.00491874291016237	0.0777614957279176	0.00215896089203707	-0.420871295989566	-0.127576189533761	-0.117858965750119	-0.0348548353752892	-0.178164848505513	-0.128737993857752	0.0815781200179303	-0.12308587133054	-0.319399831650826	0.182770634345961	-0.201279555170023	0.0509493900503815	-0.282586581506241	-0.0303524583269596	-0.0377648835616197	-0.176260856682874	-0.114744647833759	-0.0311868157707478	-0.210113933420453	-0.335340404533061	-0.352468587993408	-0.486301137661718	-0.250008691921197	-0.126438754985514	-0.448827254470892	0.0301970018341362	-0.411510657826211	-0.116765683701871	-0.0995510827315884	-0.0045861337274663	0.138119260515771	0.0405042306612391	0.0886484731787357	-0.132655074778556	-0.0877833968556203	-0.0434286358300708	0.000211334425485404	0.276169300720045	-0.347620423108385	0.0992275125183387	0.237579844787508	-0.121011179635613	-0.0270380904046359	0.0629326012563328	-0.335270838114228	0.0854758805170366	0.0646922857636033	-0.0861581073176051	-0.125145210970826	-0.197895791471606	0.169939863176374	0.116350630182835	0.0806686219907371	-0.0101698787803891	-0.013356112299573	0.132741458349965	-0.279090472357096	0.219786787653231	-0.0617874592535114	0.373135200675412	-0.399363368499803	0.00240159130508663	0.128625238642719	-0.0991323373290811	-0.00867045762893623	0.00737949060160345	0.0842584665547378	-0.211711256853444	-0.198973176021773	0.0367377290652435	0.199755800853843	-0.105715860245631	0.128109765886662	-0.238782746120255	-0.112886997914157	-0.313259775469591	0.0970730510514012	0.0771121164182485	-0.263445580799861	-0.00491136124051517	-0.00514041040888874	-0.262235997017361	-0.0110256946419532	-0.158013781033233	0.140080904741866	0.218624594873385	-0.349738027025042	0.132203934078537	0.123996437648653	-0.0108708402533418	-0.0979604702650467	0.202699472138896	0.118570039592531	-0.2699927548214	0.0745848549511099	0.232601082115913	-0.344865938367527	0.271267141637613	-0.281486022039367	0.251321233077102	-0.0867257272721744	-0.0342036926621259	-0.152356009379227	-0.268202851489136	0.307077616829453	0.0111555565081675	0.222408834416874	-0.175413334232349	-0.250109891225868	-0.192556058542132	-0.280880449476971	-0.244744395273048	0.171291386612465	0.201849427663306	0.187581648740331
"KEGG_ADHERENS_JUNCTION"	-0.13410506132654	-0.147845447893698	-0.133199188906215	0.08946296994443	0.139101227454501	-0.181760176672226	-0.231192946855756	-0.431287432526497	-0.0809768822879538	-0.363911261827835	-0.1512303618318	-0.258747181499914	-0.266308971537458	-0.196895320944061	-0.398113395612132	-0.0254032513997798	-0.160193974488751	-0.246742536827944	-0.507954349391907	-0.163836083445262	0.0821176000041163	-0.283831979931537	-0.191692667531163	-0.17647550708293	-0.283012879938998	-0.126475767998791	-0.175275100623355	0.0830842810226464	-0.337630582486937	0.0138727553025022	-0.254971235610113	-0.12616378774051	-0.261210737846183	-0.150151693802223	0.160709000172789	-0.0832186151025526	-0.321063392961886	-0.390162872948732	-0.360796963731806	-0.464706303645127	-0.0170770133805467	-0.00792760717469446	-0.352854539498304	-0.250210417455763	-0.304023333036346	-0.26428213754441	-0.300866644209289	0.0421432005103719	-0.0786558123381152	-0.101352457774683	-0.228563149041585	0.0249463774412903	0.0259829633189065	0.142521088850127	-0.165997392006326	-0.0410782200921894	0.0279788205402494	-0.171213544325581	-0.102579055386581	-0.30225900530348	-0.194350817492386	0.172735175502951	-0.252122326265074	-0.327649947578624	-0.0274136411498071	-0.352112616089769	0.091538691023505	-0.347112568373831	-0.098762613749287	-0.129217123968142	-0.110450152706143	0.0340701793047982	0.0552355735174334	-0.217199468165147	-0.0816700904823201	0.0747262238847527	-0.232119133381481	-0.0222802986608502	-0.297966152953073	0.110683806808425	0.0856345989129665	-0.280705713516489	-0.345524036745944	-0.210355047109627	0.039988349873552	-0.187926230818819	-0.329977340837106	-0.191541688391905	-0.173649301976187	-0.0517285767246397	-0.0333831513213493	-0.259392137697162	-0.0505210203351509	-0.305087414842592	-0.213096699687181	0.200298151471294	-0.21758414084077	0.0142472079693431	-0.154783053844248	-0.0219051739715232	-0.153390053960309	-0.189174114036192	-0.0376655744696467	0.12459686910876	-0.312581568243063	0.0423518191369965	0.0910782196631058	0.0265368090478958	-0.101985399495566	0.0579742399587201	-0.169618781581269	-0.18091151966578	0.159828875380918	0.0870622896892958	-0.0403293262653114	0.1117392933713	-0.338101700794146	0.0578260730806991	0.150446967417328	-0.301807379691838	-0.125484479462233	-0.250820855440266	-0.00905187512293348	-0.120621493723864	-0.0574425416886421	0.10855164654155	-0.316177272429415	-0.421878533453896	-0.409894731117943	-0.406681121265988	0.111313445442819	0.0999915860291498	-0.120777872646574
"KEGG_ADIPOCYTOKINE_SIGNALING_PATHWAY"	-0.10196252571317	-0.302018621197355	-0.31904351789416	-0.249677909419536	-0.23684527548987	-0.0119302098125509	-0.197545789959711	-0.40386551459856	-0.255660226750623	-0.350149430196167	-0.264260293152085	-0.15160902438325	-0.40077307610354	-0.139364068828881	-0.316261609648778	-0.260049383055003	-0.275062088998052	-0.290192978267941	-0.499913712320847	-0.341832189621374	-0.359078848249582	-0.217357697563388	-0.188860456704837	-0.250720708131554	-0.24258713467533	-0.0947546002826862	-0.379344462031455	-0.26961255670455	-0.34131482505644	-0.166110860918946	-0.230701533632913	-0.274381885306754	-0.364449326728115	-0.352232255409405	-0.251838946121078	-0.138393291305519	-0.505666231819702	-0.216351849489695	-0.303558438489831	-0.474701661804907	-0.298648921531087	-0.335132836081939	-0.405829660491494	-0.163870539315508	-0.200969153849755	-0.345741950258701	-0.137217242387603	0.0307258411928178	-0.120621544156961	-0.161527419640586	-0.198773032700991	-0.191020361342427	-0.272426758831546	-0.0888698707107542	-0.381970162709293	-0.121647044999383	-0.220580036138735	-0.0523659982368525	-0.0800096234212009	-0.466852640818405	-0.2351572080432	-0.102621756990928	-0.327960641219013	-0.186253378319021	-0.0740246169150985	-0.26615698349025	0.0185696596464485	-0.273737106136762	-0.00149304915049855	-0.225419219648729	-0.317055302379994	-0.257619864117112	-0.132069202890371	-0.273208036214531	-0.387854254514502	-0.106338745637036	-0.245430863355654	0.154169665610398	-0.263137902803253	0.107816397243689	-0.0581567712254966	-0.126597966075841	-0.132327092251528	-0.0987921487317034	-0.510284166555973	-0.344940395626515	-0.328484549920127	-0.106560594920594	-0.16601113826161	-0.280559027044206	-0.0955444689718042	-0.196582559780575	-0.15813002815034	-0.303335061489103	-0.203048843474384	-0.0653382210277051	-0.324197775212105	-0.157032009080198	-0.0971115274045095	-0.352208162272973	-0.304365327512375	-0.181986517558217	-0.209396133297121	-0.0597465189605136	-0.497786585174928	-0.237101272528251	-0.233178934074361	-0.243365433921997	-0.340777488162751	-0.0706239225720942	-0.220618153628779	-0.201135827542407	-0.19429653809918	-0.115378987375757	-0.427717228061006	-0.131337010878956	-0.404288818261287	-0.170701883292949	-0.216860438737183	-0.277290086526771	-0.45487509855542	-0.256768295145991	-0.121023228175898	-0.0741398515553431	-0.00317429278822046	-0.348982814473995	-0.297869539858169	-0.336664560990433	-0.351555567160478	-0.141524135674805	-0.190593528718277	-0.294019290525845	-0.352646058816737
"KEGG_ALANINE_ASPARTATE_AND_GLUTAMATE_METABOLISM"	0.0525484784526478	-0.133678389119871	0.0714792393453195	0.150381088372353	-0.439632099222838	-0.289718922559377	0.190253166692106	-0.1293379708744	-0.057096784367921	0.19568005243173	-0.236006048544207	0.130737659286004	0.0155294675029689	-0.255302884688981	-0.392504575921268	-0.123692298174654	-0.323341431768941	-0.264341146315425	-0.381483817941231	-0.514374021170738	-0.40841894284976	0.133076648546082	0.122422933384309	-0.24727249876091	-0.378282680734141	-0.159439858317066	0.127479425747041	-0.0319729206283518	0.0592658610183201	-0.525013873997875	-0.15161153834059	-0.0834032992673702	-0.16811105160852	-0.00241976200180405	-0.0640265681794297	-0.391302397442108	-0.553547467642132	-0.0775513644340182	0.213052549381042	-0.225583403790644	0.166641089056642	-0.11790542118311	0.284632627061756	-0.039691475934984	-0.0917196269810542	0.0598610168713558	-0.116248480966123	-0.48543692447811	0.267870667364581	-0.153356156317483	0.200096023203166	-0.0535997801808632	0.0127088253863886	-0.345707523489122	-0.110906439804841	0.272413611875185	-0.147594947045534	0.234575606368475	-0.287355811242611	-0.24782499830982	-0.11412541233106	0.15723590254486	0.110707131980747	-0.189429180930419	-0.0673108657747973	-0.10445362225431	-0.245367491223485	0.266501111573699	-0.299420690633112	0.520405053562277	-0.216813285187531	0.198348853469856	-0.0364908946323886	0.00664890980923152	-0.385568256237594	0.37083165298855	0.29996138704057	-0.17473527562608	0.21938381664571	0.187588405216874	0.239678723915699	0.162012056654398	-0.303376644791319	0.276300977730998	-0.414610710064319	0.58758075913817	0.343810656070184	-0.234085999134458	-0.328791371036244	-0.134015665005362	0.36679659834731	0.0895859624020792	-0.016981781301592	0.155964507174773	0.0913130358000928	-0.0292185358059767	0.403705517060687	0.468883570989511	0.187061084664144	-0.232669519580298	-0.220965297788252	0.183630407508749	0.168877925135557	0.010643566204431	-0.318966889634553	-0.195975206319886	0.175191223867769	-0.136598056173668	0.0583630226599886	0.364494816883549	0.17983140945139	-0.221601803592852	-0.258896367884466	0.104629457603489	-0.0280814597327346	-0.308401929893087	-0.185738193259949	-0.248065156678026	0.123032444579848	0.21167187245492	-0.424272093508824	0.433273496964699	0.0574491718677656	0.340220535253302	-0.411539493560215	-0.0476276866322009	-0.514323481443984	0.352978574945047	-0.0246759221822823	0.0599726875520415	-0.106349276525428	-0.29123891384349	-0.704410754692627
"KEGG_ALDOSTERONE_REGULATED_SODIUM_REABSORPTION"	0.187118196857238	0.203639857946642	-0.26410914969045	-0.00550920130941898	0.0237517326935677	-0.112214115739983	-0.185118940380045	-0.0575677660092496	0.0457805667777416	0.0835380701395216	0.0181126857680696	0.134825810896459	-0.172390484830629	-0.120911311144712	-0.0308943853588228	0.134941481928006	-0.0048074565280268	0.117748713068457	-0.275392145908185	-0.169318219331133	-0.246793921229515	0.181451263365217	-0.0442193355497218	0.038343735518998	0.103404626967511	0.360209375947819	0.106869998235618	-0.0352822409454442	0.138037417014365	0.304204951933072	0.00164727911089185	0.212342778103887	-0.0906213677814837	-0.0326475361872042	0.0486566793881711	0.228179770004336	-0.111550603248856	-0.254111803934196	-0.204833405902424	-0.256516416008193	-0.262322518739892	0.0118556120715698	-0.214974404749923	-0.129261136325729	-0.115861365540937	-0.132194744858829	0.14106589487547	0.061748101316863	0.00499280765931881	-0.294417362234321	-0.399942107947309	-0.304705705381209	-0.0776560526819771	0.238237894217093	-0.330585640096128	0.2276061130675	0.260319216621324	-0.274400540536585	0.193218637487089	-0.27088540132002	0.0683510254624101	0.0913387652763268	0.0405201049320513	0.0251357066900581	0.158515690767648	0.0328054447801932	0.198194484736181	-0.156005222790485	0.0942296005889221	0.316568521622463	-0.179429104457153	0.310448476082492	-0.134667220594308	-0.278696617210723	0.0345979182820023	-0.0993906988882989	0.384026044622278	0.487427677742052	-0.180214779561736	-0.120273816790893	-0.00578836026198531	0.066322101183048	-0.0589835283687939	0.110739458362416	-0.239101191385531	-0.285183341292002	-0.174500254325362	0.244213883645068	0.395489279533334	0.0269250861745741	0.141966631055201	-0.272820832235007	-0.220157562796798	0.121096147362732	0.000876239703920811	0.453817754263897	0.156158132360469	-0.0464635544775488	-0.148787949253604	-0.2281818868387	-0.198557630269378	0.384419914943964	0.122967566050265	0.0312458640282308	-0.226656735740666	-0.0354257784260282	0.14849949652559	-0.131977414169467	0.287768219514502	0.0989846858478831	-0.239726462766924	0.063723172498109	-0.0959735075736382	-0.0755822546067718	-0.0935308649810546	0.0318638214370664	-0.089275153965727	-0.131796461460347	0.362992492182895	0.117072853749976	-0.35106471421723	-0.16427805462688	-0.0125819178616599	-0.0245248431209452	0.206611935039068	-0.0548835931986595	-0.123379067043909	0.0775288695444929	-0.175822566996216	-0.189349244254394	-0.0103910122619321	0.200205989469558	0.0562720371340422
"KEGG_ALLOGRAFT_REJECTION"	-0.317054795963526	-0.432142936709479	-0.417009638142239	-0.477986192546381	-0.493186601112441	0.4557042089011	-0.481599457391072	-0.412410461171342	-0.709094659512177	-0.253989077660559	0.293943586261641	-0.211535070810002	-0.528003121639669	-0.422131503830082	-0.128573199780658	-0.294995511419924	-0.445587103729808	-0.329386757744113	-0.17137345753261	-0.128257664499691	-0.276233814903388	-0.435767830171106	-0.357608645796084	-0.283436210678007	0.131683065936114	-0.341041153371973	-0.25064132685623	-0.337883933044504	-0.145754588843541	-0.284875808157024	0.287319502932565	-0.63296573373503	-0.255846434135544	0.0291839007238815	-0.361939745481484	0.355709578961944	-0.296914355126416	-0.506941300821245	0.12616827688613	-0.487216072292181	-0.545784183526459	-0.321246369483939	-0.544511844978607	0.0577311762469523	0.00483848978349341	-0.254250550646764	0.00639514426763366	-0.405631253278934	-0.594092911172644	-0.323372333117845	-0.0904476089826902	-0.563125483733421	-0.0807257181900711	-0.548629019073725	-0.0611679182170731	0.429789360351797	-0.174935153365687	-0.129185014550138	-0.319434256956217	-0.32213643205862	-0.362205989513093	-0.443030900936476	-0.261597584999217	-0.0585512738653813	-0.331359160788138	-0.39971803535018	-0.340952885555119	0.242282556889044	-0.353256250743452	-0.360181129801152	-0.351463309264853	-0.596538698069642	-0.25729781887142	-0.0717872314802682	-0.0417139675413498	-0.559443426476056	-0.590316271979415	0.249802781540301	-0.41920880650983	-0.42676371043214	-0.712290867304087	-0.545830394390636	0.0248213469519142	-0.482075877634344	0.0305918421976536	-0.658546891343188	-0.213209928626896	-0.078924687430122	-0.000515466851276125	-0.372445121940159	-0.23523288269529	-0.385664295668123	-0.369263072924687	-0.418691317258701	-0.468047004056165	-0.638597187893207	0.108418717713642	-0.598503655104438	0.0771094036206609	-0.498242882872545	-0.306337222924195	-0.108934340458945	-0.187843828273471	-0.0300539919842036	-0.40098403555653	-0.448098927146097	-0.600871577298965	-0.238344219981311	-0.0261076668946321	-0.367714863900805	0.0725671178444077	-0.372019091155394	-0.11207256973204	0.0671941767669859	-0.46260746415275	-0.103414551775053	-0.14530331225591	-0.515412341975696	-0.583230993795134	-0.416288465686631	-0.377959524404637	-0.549260389248803	-0.659546249434944	-0.0931561839563874	-0.203344733612658	-0.308031973626798	-0.0209886761027482	-0.321388760669877	-0.412406919978598	-0.462959280594744	-0.441699464616823	-0.475311209335956	0.0349556979995707
"KEGG_ALPHA_LINOLENIC_ACID_METABOLISM"	0.350875495346324	-0.0941390607369811	0.426565430534209	-0.164684614030171	0.098668574172934	0.230782672196737	-0.0489456255826552	0.00240602138443238	-0.0417880696850534	0.0531907275598537	0.174810365155463	0.0482119949962977	0.0167845973096856	0.212359682510412	0.119595934739973	0.209046787218988	0.155747280764752	0.270653039199292	0.278912180512385	0.079108329506022	-0.253841122595191	-0.133122052217483	-0.1319456907215	0.165446512735087	0.0984186026107366	0.0227347516599508	0.149890195339333	-0.294025725272554	0.0134135451737771	0.00962251696336985	0.18476504973843	0.210689182328984	0.314405452810686	-0.186159429635452	-0.0457288948394173	0.0183139998455674	0.0263327109748817	0.0897202277507235	-0.0695589376670663	-0.000731927740582727	0.038560615626321	0.340824346948696	-0.0702953924741272	0.22601014060723	0.26900358126626	0.299233542389379	0.00920935304603605	0.393096534111643	-0.083444198848367	-0.0359262458667717	-0.348969096076426	-0.376253256070207	-0.166852748158072	0.0199208006299743	0.224488680086041	0.0669232801857645	0.0623563920658439	0.0657920129986944	-0.139237458903073	0.271151787254371	-0.0774967814779216	-0.388854768933786	-0.18246115657507	-0.257050348268661	0.469719216381804	-0.125559048376365	-0.199832031036377	-0.0624468529605983	-0.266674797605325	0.0341512896229986	-0.366532424145604	-0.251420504321436	-0.22544741607329	-0.221577838146232	-0.0972188181932128	-0.230598770299917	-0.391464135933444	0.215308377445344	0.0286440873976509	0.0642973135573194	-0.433256492869805	0.00828515325579812	0.284698646531421	-0.323316117326504	-0.241402997847446	0.0300334651166892	-0.03727401626723	0.00346378392946381	0.236043027212517	-0.411088100162846	-0.0895543650315602	-0.297166258024805	0.00927024686895778	0.0545763458790514	-0.432650958434188	-0.182097805861802	0.264248789001875	-0.0995232580534828	-0.317651370448534	0.120890755243043	-0.346780694011349	0.211136565924678	-0.0707114908665006	0.0147775514421749	0.211683367871921	-0.232935003841586	-0.33678205523565	-0.24035646017873	0.221490449826003	-0.343017616406068	0.215846235425186	0.300155892946124	0.0567518766980072	-0.14987938845596	-0.50777892618061	-0.147272042351998	0.0379734732940621	-0.120849509613779	-0.0972875911779186	-0.182776488986379	-0.516510778111862	0.046086546727656	-0.561716076350132	0.0717767324623089	0.297792992020836	-0.083340298409969	0.082552954015331	0.352969650919395	0.0879467456031197	0.140223064583366	-0.40014232930272	-0.518090073842917	-0.166856658215289
"KEGG_ALZHEIMERS_DISEASE"	-0.0481983209306668	-0.0956815676693483	-0.0708061930859024	0.0849201053296024	-0.217623395965039	-0.110823830560814	0.0516525777940969	-0.367295430587695	-0.131050086307016	-0.142669511806297	0.0136861158548591	-0.0531144756223371	-0.42770601073461	-0.432887123452667	-0.472765854068226	-0.41620923972062	-0.312685201955901	-0.492961965053518	-0.511259776126449	-0.215232552393739	-0.322334906759019	-0.0562841433169683	-0.139790617655836	-0.0691879975601519	-0.26854625449162	-0.381172396975585	-0.031032891578515	-0.386048769269317	-0.405464899876195	-0.423916082102716	-0.0443861741970056	-0.274735228821854	-0.453816649433259	-0.256811576401317	0.0991021835670884	-0.0712026912058367	-0.389170211545605	-0.162048116748846	-0.122313883622566	-0.383156646108204	-0.179136345308097	0.0881986204278958	-0.121400524149884	-0.404763828650665	-0.136019209342789	-0.382366292088408	-0.319685500442996	-0.0055768437823448	-0.00331185693587302	-0.0354819944951713	-0.165264239944744	-0.153566846650219	0.0198797253489942	0.035414648570323	-0.28680281812859	-0.228930295041984	-0.27317718841718	0.0216064620958686	-0.19906700969182	-0.400853098282004	-0.409083191222057	-0.124666838723277	-0.229789642020898	-0.28548075360967	-0.212053903132852	-0.22354587916717	0.0732933941309151	-0.24012156702696	0.0263960000148839	0.0655767464673261	0.0230736236020152	-0.199755523506452	0.0483890659130869	0.0135438980595405	-0.0377073177077943	-0.0257101346772443	-0.268344747838816	-0.11621727791459	-0.070399994095081	0.140604072737629	-0.0199195939186645	-0.242672089101742	-0.270577634903029	-0.191775162588796	-0.154437990604365	0.0799183082032737	-0.52529894980942	-0.444109636260165	-0.327414044356696	-0.168780035397201	0.0168844334052959	-0.104147992608967	0.15689939224374	-0.260432779280681	-0.310636428502064	-0.36174437548757	-0.298719454761026	-0.0850162191604389	0.243469537655621	-0.366917837827388	-0.251447280841459	-0.293080119200166	-0.0503418427612336	0.0600324934312763	-0.326706824626861	-0.418533579390404	-0.357315577912437	0.118088475819669	-0.205008402782786	0.236443229450726	0.147035402432498	-0.409027894897275	-0.0536946756584797	0.0272780443802135	-0.166744741130871	0.170829062555216	-0.310701783598736	0.0481161008507353	-0.0770048426588447	0.0701341510580089	-0.334322539200282	0.133723094086148	0.0177877526738661	0.134171342520305	0.0315508088882525	0.0920688099174205	-0.5281006467031	-0.425653951710182	-0.464110582996211	-0.327775418396207	0.0873630502788789	-0.364338511971616	-0.39685069030329
"KEGG_AMINO_SUGAR_AND_NUCLEOTIDE_SUGAR_METABOLISM"	0.143362722657254	-0.512841891971925	0.45493897129717	-0.301016600215095	0.0801358385189424	0.393952605503685	-0.0531048518630319	-0.116064687920366	-0.216338239204259	0.0657448403595174	-0.450955647008394	-0.0802342771191419	-0.157409040063169	-0.389140627506778	-0.355606988725055	-0.398410478480184	-0.154231302382529	-0.17139312616389	-0.428214229165161	-0.11232592424911	-0.218619572256628	0.246642799580818	-0.1634071237038	0.0215736065087977	-0.129907242392557	-0.0379572890468199	-0.323393126893099	-0.46841101579744	-0.19789921237075	-0.363539836953295	-0.141125128301249	-0.193797942835942	-0.40616659305343	-0.374683903168738	-0.184467859180543	0.156169279130962	0.0257538905924603	-0.236396821090436	-0.0346434458771568	-0.385216897387605	-0.0938636198893475	-0.101951688782685	0.438122521985144	-0.0313664975964219	-0.286257437981048	0.0149921749842923	-0.305524761504467	-0.252391540933731	0.228601959857271	0.513547160159119	0.396835096772155	-0.143716221209936	-0.131152403179205	0.0422901470207237	0.30439286050641	-0.260466631576318	-0.398725126408792	0.0912377679090718	0.357145181697528	-0.376425853302123	-0.428460478566166	-0.0804646590282089	0.0363907024409965	0.134501503677706	0.0156199614680915	-0.0812310867294527	0.161981134893227	0.0812816673571419	0.355701904489262	0.323373893894844	0.444394528292824	-0.116546579405587	0.0823628916964126	0.367790886837536	0.157576000078935	0.162986283447178	-0.0156302301375883	-0.264095502186633	0.311162116339248	0.241380526130956	0.222159553157964	0.0327687309091972	0.102857297697005	0.10302601241222	-0.353329401215429	0.257880596839939	-0.152149819419353	-0.335141136618245	-0.19460787220688	-0.201186717655847	0.428663562138734	-0.126993494066128	0.362277878518862	-0.10400951970137	-0.254604595999129	-0.220895647036583	0.0573816330376159	0.143206572674572	0.0587746934972472	-0.305906642274977	-0.255905318032156	-0.181542648620858	-0.0243663446630571	-0.0344786120915663	-0.370152151918665	-0.332262059313849	-0.10297433928066	0.124914710672099	-0.154400915675696	0.371263350178848	0.0962765725232125	-0.342070954928719	-0.0649673423954832	0.170427012790997	-0.283680446318499	0.380385627123286	-0.339420044217577	0.256665452691903	-0.193724436511477	0.157694207584856	-0.10044569971418	0.166269454786457	0.139957735881662	0.515748288176224	-0.205909991008427	0.165625374408743	-0.504133156353819	-0.217942893537395	-0.268583194552142	-0.00117517090530164	-0.0543423037786535	-0.353968326436657	-0.446658115727844
"KEGG_AMINOACYL_TRNA_BIOSYNTHESIS"	-0.324748626613512	-0.537587859850581	-0.384494687069708	-0.434873968958739	-0.382765601503452	-0.206476569584458	0.0766041597607599	-0.263031461159405	-0.283955337888924	-0.358253802669404	-0.346056989322156	-0.34981720626969	-0.338726376612706	-0.273481486877172	-0.487919305830913	-0.401772974299628	-0.33874010479605	-0.209535806364295	-0.352614491642903	-0.394945596157522	-0.192987486694513	-0.192412636180987	-0.353223995604355	-0.544937259562428	-0.26887535217123	-0.335520926406381	-0.480063309494557	-0.455941609487486	-0.0333957320618441	-0.396866952788453	-0.248923182592562	-0.486894058494397	-0.5033980434018	-0.549629182574846	-0.440154168467019	-0.502947577118626	-0.515530549170242	-0.335208753765298	0.0146109104293543	-0.271375878596954	-0.110288570283775	-0.463147991204408	0.0508720138559874	-0.217769474042487	-0.442634991317668	-0.0852963608789696	-0.357849606961257	-0.624007737219461	-0.132669284575092	0.300844768814561	-0.10708535434666	-0.189037747102572	-0.583277061003102	-0.348942398151564	-0.0700832484071124	-0.347956836384491	-0.399083585735436	-0.348516655631388	-0.36237528138097	-0.352014262339747	-0.136762896865552	-0.262571822770297	0.352123938682184	-0.270260439047012	-0.224493572042269	-0.261767552822086	-0.0521404844066741	0.396550867806176	-0.186546370827057	-0.149715424390519	-0.376031640707386	-0.31372871621016	-0.148299539225314	-0.0437575536875036	-0.384497352905085	-0.0383430524975178	-0.183320973952754	-0.634160257477383	-0.243908340956622	-0.193449699062755	0.0965804189783811	-0.351244034066843	-0.283754818941596	-0.361841540482635	-0.432356355953797	-0.2841585108373	-0.34452921951809	-0.386747315146939	-0.284963839365581	-0.275522907882134	-0.229845458604847	-0.114290531983989	-0.0230586742199846	-0.240957613378122	-0.39277980501406	-0.0955978690182564	-0.255091350067012	-0.194845269496677	-0.26921542595726	-0.346638312930669	-0.273940882513293	-0.51820088672189	-0.282878568476941	-0.289502833204431	-0.230264478898914	-0.397805835519563	-0.19703708212507	-0.336168295736255	-0.453129953278847	0.0785257787182375	-0.348655186043018	-0.233147776384247	-0.0677757112401084	-0.311804235195151	-0.109771519134894	-0.244152588238326	-0.250109941859509	-0.313379873282926	-0.44946321808866	-0.430444917765299	0.150739888615066	-0.121327774033479	0.120035483915535	0.207197217644235	-0.154137131705854	-0.310936712858022	-0.230334777318463	-0.306446617309657	-0.15956240177187	-0.0790951326286276	-0.204339806656497	-0.466355333771602	-0.37282094636302
"KEGG_AMYOTROPHIC_LATERAL_SCLEROSIS_ALS"	-0.117572377976834	-0.239732400001621	-0.0338328623306732	-0.171940985500131	-0.159365594464829	-0.00384488496545843	-0.182534842318468	-0.365242893292304	-0.40909395910497	-0.0833439436433133	-0.230912539111512	-0.358040159939101	-0.445665200973866	-0.164370782357543	-0.369441955651989	-0.115118502200423	-0.291167275890101	-0.364861549596642	-0.430121803146701	-0.193126724343151	-0.38052302856517	-0.317739725419756	-0.266726225147032	-0.0647749959428367	-0.210165179085862	-0.315690353119714	-0.31215607488597	-0.306451081971918	-0.323090044956232	-0.151627711415483	-0.191802806603369	-0.110034949677654	-0.24153240026532	-0.251219058454846	-0.2997259654775	-0.0829497807376739	-0.361577769531148	-0.347275089918298	-0.0575132194217189	-0.386649042589895	-0.215100636677429	-0.17576660010524	-0.237686061818671	-0.0373544571006408	-0.320901502896148	-0.244570433869994	-0.132614205320973	-0.0786767247176833	-0.306339381659145	-0.0450766423586902	-0.122653659076174	-0.197646619759355	-0.277872799816915	-0.304468006985342	-0.234471997529765	-0.025521706688812	-0.257387901423251	-0.246012379337254	-0.12827539654645	-0.288023783199416	-0.28110332066055	-0.105794933914163	-0.475892706449585	0.0209022866105155	-0.0964075469996838	-0.0937941633269017	-0.124728449433288	-0.119956029480078	0.114414021288071	-0.328120435562081	0.000172349386765414	-0.435234481541054	-0.219659539967972	-0.153096679410083	-0.0150381580764385	-0.170677866578762	-0.354309321576192	0.0668420232604595	-0.223254810005345	-0.141937463706242	-0.275348654178377	-0.13272134404543	-0.0510126886098715	-0.194544824676101	-0.0947492378956657	-0.317817473697601	-0.532884700852712	-0.285886012292922	-0.0540665020865685	-0.359379572836144	-0.0156031543903624	-0.256026910333231	0.0413849700844136	-0.376896610772229	-0.367952009024659	-0.255510450827087	-0.132204342856043	-0.316250241074916	-0.154183035620039	-0.444871032193532	-0.0748148006397126	-0.0615709830984603	-0.0142608795080764	-0.0766294232178943	-0.371014504328494	-0.351666253029957	-0.370443930681432	-0.259113708146765	-0.267836551249679	0.146954300949668	-0.0609229268799778	-0.375983054126182	-0.223745141027373	0.010945830209306	-0.405807914873487	0.129322340312017	-0.250347302827035	-0.273002689555352	-0.298692296853688	-0.161156545832064	-0.243042752035681	0.0345716132545119	-0.232492555835717	0.103845753270755	0.0247360395625217	-0.256099512136626	-0.386803254820819	-0.241130476763249	-0.467815572522841	-0.129416172841175	0.197050157373898	-0.266529242775176	-0.258503459059044
"KEGG_ANTIGEN_PROCESSING_AND_PRESENTATION"	-0.817443955720607	-0.820070875181596	-0.819663524931841	-0.83893317876899	-0.812471457106857	-0.757257871484569	-0.770773463052525	-0.870806550951584	-0.782567218299366	-0.796342976618699	-0.839884046744915	-0.832920571703086	-0.786830957273143	-0.843201962602693	-0.84084578365295	-0.787343459426144	-0.836576727276791	-0.826576948389239	-0.82955152979139	-0.817691597656107	-0.829901293305222	-0.808757828377628	-0.799758748607635	-0.858933347737456	-0.726097133050669	-0.80679500527728	-0.861734185969119	-0.788745087919903	-0.756661829583735	-0.8143914419802	-0.74050125426127	-0.729893087979788	-0.782232211703271	-0.84455511074227	-0.88029144928586	-0.822604437359874	-0.834697583898977	-0.753362906135037	-0.794233496014674	-0.798848168615358	-0.7616696718459	-0.788337542394035	-0.807618813805713	-0.83175827568314	-0.818647111220582	-0.837783457948727	-0.859873216361457	-0.837630292195348	-0.856852810841933	-0.848899666508548	-0.848350940230663	-0.853539386744758	-0.862244835336169	-0.827469153232008	-0.842063010823544	-0.86151188013332	-0.859919625411832	-0.855677724434591	-0.842556919998709	-0.856481557604062	-0.824879668183397	-0.853716518237124	-0.864076018153451	-0.828642190611065	-0.869392151093385	-0.840522004182135	-0.851521833603646	-0.836007937484055	-0.820200254314734	-0.822218366849045	-0.815591746058707	-0.784736295856314	-0.814158818135782	-0.858799530958233	-0.787049184283981	-0.876569723669279	-0.80288620358581	-0.857869709756919	-0.839048276202154	-0.869373217216671	-0.794663346675856	-0.880850261323649	-0.813502906056819	-0.84297003162398	-0.854264000409893	-0.812335954642207	-0.787767276100288	-0.778920197886244	-0.858409358995462	-0.859213036755458	-0.836348363751456	-0.834623028366507	-0.719394464413646	-0.850000522604065	-0.851288116301181	-0.869754501331843	-0.854093281010285	-0.813655018158096	-0.743189678131312	-0.851598770257891	-0.870003194806994	-0.86752241185118	-0.836287480535001	-0.85052046236084	-0.845670788975945	-0.852845057097296	-0.807869551907251	-0.838559291966075	-0.843370121736718	-0.829136961602223	-0.862853580758886	-0.844434604288272	-0.832180025233561	-0.783016810333434	-0.853078584443921	-0.844245009955658	-0.863423674721178	-0.830234872336563	-0.856476748421041	-0.858953972037739	-0.817141160801743	-0.79791749772397	-0.865287898223255	-0.785139757723916	-0.811290237941857	-0.843236158569782	-0.859235406694417	-0.808879419154909	-0.725188257398613	-0.795282584916686	-0.864072075698617	-0.831363918819641	-0.835330934004348
"KEGG_APOPTOSIS"	-0.272320002525868	-0.394249604723566	-0.151131780361415	-0.265891620484024	-0.020837467115639	0.0748909060168009	-0.343629228981101	-0.263025320778156	-0.355576045862122	-0.220184857982993	-0.305247722015636	-0.139339442376051	-0.348924284954509	-0.251808742080809	-0.182022623304711	-0.0511654403398595	-0.193350298850256	-0.0951407096454844	-0.406545084891876	-0.0700632259009482	-0.212649563641368	-0.165378758243361	-0.261283836173713	-0.225505171054556	0.108248588600975	-0.225118048151665	-0.274761083418303	-0.235224841688725	-0.241385914166683	-0.214349230163979	-0.0642356173968665	-0.295179434091904	-0.22823238830535	-0.254268524274271	-0.169920029086109	-0.116192922461244	-0.340253380166051	-0.195483199181922	-0.173463881909727	-0.410963174833552	-0.188597388747235	-0.125505289772946	-0.241138302761078	-0.107833179919673	-0.202365166299457	-0.00323225600805366	-0.0948812683526959	-0.200699432943376	-0.143164823346312	0.0517753985263889	0.082599451849452	0.00998985827788221	-0.14729140753364	-0.178401637873153	-0.0802863804015645	0.0636212193123951	-0.311682228944111	0.0211221115150609	0.0139781947687637	-0.331570841990878	-0.20118582786581	0.0985796985053688	-0.171282613661629	-0.0256033475983775	-0.115041538528173	-0.236411656912692	-0.197069911427177	-0.0790466961016672	0.0250748004051141	-0.072255474962275	-0.0947351053810241	-0.263646293877731	-0.0124677819165654	0.0572285532914606	-0.0268995490255133	-0.056883606439908	-0.291132286491735	-0.0337097465694867	-0.270762302546692	0.047381856677322	-0.000949655969829738	-0.243823532882307	0.0156017986640298	-0.287016227790279	0.050632154362816	-0.298674408493305	-0.331810495630257	-0.249603273005284	-0.106718249961361	-0.186536991851886	-0.0671326732233125	-0.231038985191034	-0.166156559038594	-0.130483189195129	-0.152187463572148	0.00143298386134766	-0.173563523641177	-0.247383296049859	-0.0721753191687042	-0.211599111304387	-0.163486763683873	-0.139651522627257	0.191225222941335	-0.0665004807738011	-0.288045248650509	-0.157705779003594	-0.204282412979578	-0.0423596667874758	-0.203129352032306	0.0456147877705872	0.104863987407526	-0.23170839847313	0.11792009802648	0.270208908050049	-0.319487609662988	0.141102536273851	-0.171433068269696	-0.113878712123141	-0.259761402149149	-0.104654207483876	-0.144197217912722	-0.0529321928493495	0.0304488563252532	0.176598380908669	0.0432448653807908	-0.226018237699202	-0.311033842286852	-0.361330647030078	-0.308338897805978	-0.211307363133712	-0.00614110431971004	-0.16221850609401	0.0872905221446059
"KEGG_ARACHIDONIC_ACID_METABOLISM"	0.281763098758183	-0.0414381859173438	0.0865155953980328	-0.169098592242092	-0.198935375128466	0.0840658684479219	-0.0144074671993695	0.0834298248481975	0.0127733119938059	0.154239642151097	0.0420739942950994	-0.00932870340716235	0.0109957527194582	0.276780298898015	-0.0739963554986325	-0.107265571459887	-0.044082191407905	0.269403631013827	0.0342072098499255	-0.214978000998316	-0.370130251270263	-0.0389217805832732	0.182506209225344	-0.0734409124532865	-0.292811742255659	0.136798737642436	0.0348211428183642	-0.171895699160378	0.0274616651891123	0.0544429791660584	0.0807101647767948	-0.069195593900559	0.169678578677948	0.0127399222494918	-0.0168518523992334	-0.0881223298205019	-0.107695986000423	-0.132743794632214	-0.169218380366354	-0.0559286563151846	-0.131992573293409	0.184540346493007	-0.207980030074758	0.0773003430131138	0.0078232476331549	-0.0516132627169183	-0.051871535703421	-0.0489666577107004	-0.0766661321914974	0.0724042677595302	-0.45721271817048	-0.299936490768513	-0.255765608717681	-0.0300294538363667	0.00370824059371966	0.0241604971382839	-0.0924828681090233	-0.0972670805717327	-0.0213935769678378	-0.105969322182026	-0.107538438332459	-0.389309206836971	-0.12111991415071	-0.0234939193842195	0.15849795809867	-0.0414797229075414	-0.365543336412159	-0.0895227053423148	-0.351949590334183	0.0279396906588555	-0.423278328516352	-0.130052050972484	-0.133202483410885	-0.276548421954546	-0.11078360037332	-0.0784637335308515	-0.0129112597296493	0.237311432373344	0.132730878889487	0.0447050068289679	-0.405949174012347	0.0146560665225848	-0.0301274421301796	-0.24706115557711	-0.282524195830488	0.0291063897216421	-0.0334043635871547	0.0467684538655631	-0.00775924901047265	-0.193500726706534	0.280417964340137	-0.394620993575837	-0.170692331726905	0.100787632621082	-0.117823016125286	-0.00741664473026496	0.141234876159088	0.0445677272042101	-0.0165929027369418	0.0918941241890252	-0.25016430743495	0.10541559972285	-0.126084751380262	0.0708076407773963	0.00157478133917349	-0.373026159171713	-0.324871914308799	-0.332872592798408	0.124243771236541	-0.114271217143338	-0.19257231366451	0.0568620809260121	-0.284349358508677	-0.0226297908137392	-0.180375505039867	-0.286447023051497	-0.0170173328703935	-0.197605683461365	-0.0619498877329161	0.0522029203641497	-0.429742197387818	0.126460991978039	-0.331053870757847	0.0910713726901363	-0.223361961919857	-0.228321070685064	-0.298691506094726	0.19977975307589	0.064814577601443	0.159884873921658	-0.359217010652125	-0.308322437231297	-0.390918842668272
"KEGG_ARGININE_AND_PROLINE_METABOLISM"	0.248901134289539	0.134751704594243	0.124681996153292	0.0647144470941106	-0.128629716068788	-0.105468865056115	0.193925427125359	-0.320673508065526	0.0203534619578718	0.236326547560138	-0.163515681411608	0.130432321033118	-0.015967367447861	-0.13731941154175	-0.476659316833635	-0.300265310013701	-0.33987432323678	-0.307447372617994	-0.291930098445032	-0.336028076746468	-0.340139211313139	0.15566770446766	0.0634382681835393	-0.11375419489306	-0.274361556190657	-0.0331784972228789	0.0151573176265133	-0.206945720773235	-0.361293260723684	-0.359960330677082	-0.114865407414234	0.0929837696879976	-0.143140530039948	-0.120845667517443	0.095802145291356	-0.248319886779552	-0.383348685489982	-0.0881866407300137	0.284364511580046	-0.207953927156976	0.096873930289486	-0.0241738034213833	0.0952697978613244	-0.316583556714688	-0.0658429333406888	-0.164319652135038	-0.129169579204598	-0.124462405551705	0.340968223621927	-0.146312100517267	-0.121103579460604	0.0674245283622158	-0.0677609464116301	-0.104982760391067	-0.278797746585293	-0.156421460470048	-0.127312640452145	0.102996324755732	-0.218192826426556	-0.153627124573809	0.00800508499077776	0.113067810412565	-0.172202385710323	-0.113253180044299	0.127252985390592	0.00602679096340095	-0.191205290206622	0.0771134704172514	0.0219665187913738	0.461037167720962	-0.245660500276172	0.187073454925223	-0.0503075070466282	-0.000350182826069301	-0.015178172964827	0.299984748601828	0.456454022790935	0.154263368122343	0.141386366748094	0.2357803741987	0.227427752123408	0.249839327146292	-0.222453768438077	0.35447944649104	-0.344395393645548	0.382030797240761	-0.134785121131502	-0.29369725280205	-0.112685543159008	0.127932313522439	0.222822098327015	0.0370409071326769	0.11828106249119	0.00133630180607	0.244783300505312	0.0457181435708891	0.00557449979554483	0.430800106688839	0.137299287887791	-0.119266346522243	-0.077338132926298	0.0607596443597079	0.16666287343249	-0.0325839679182262	-0.389900639195824	-0.273911813994137	0.0933783290335924	-0.108289691122898	0.0399126989640458	0.303573738588958	-0.0653094517640072	-0.296373462917855	-0.302391258298811	0.229386999234796	-0.0780638623925658	-0.214592600005797	-0.272469067306279	-0.128606844166766	0.389854514751118	0.0913904343986483	-0.499978865379976	0.318609415861241	-0.139657153485067	0.27592696432063	-0.240394614761119	0.134745337042231	-0.52257773913178	0.0263385484258319	-0.161916416404364	0.20114461494567	0.176446264478411	0.0110864335590907	-0.545689153062266
"KEGG_ARRHYTHMOGENIC_RIGHT_VENTRICULAR_CARDIOMYOPATHY_ARVC"	-0.152780493785967	0.0755957067019724	-0.218033630497903	0.243349175602514	0.115847989650965	-0.202079476255465	-0.324293073383463	-0.2207166153926	-0.0389231801605532	-0.0892995186000153	0.13120003122197	-0.328172944696292	-0.226251920258079	0.0975431921071181	-0.164925197776593	0.283519243255066	0.242494029040594	0.0959530443880814	-0.0388467473603889	-0.226751525568584	0.053315192115654	-0.244487634171997	-0.20487298241429	-0.232300078333215	-0.340916475976539	0.198664844839289	-0.18187724731116	0.253816120414053	-0.0258732910966119	0.138526943187396	-0.334611258671483	0.28577373907733	-0.221359273410917	0.0371316394164492	0.141446579998759	-0.185079569367321	0.0795368608730057	-0.0577211928254095	4.02787661419324e-05	-0.0858691318016916	-0.103722117819454	-0.0154519991488989	-0.326923488571163	-0.0227709983021692	-0.0639558896215105	-0.154807380547069	-0.241286642696822	0.279721145928541	-0.322548500003328	-0.26402021053849	-0.273690814946971	-0.0732987863458718	-0.0958502888249455	0.191302963140275	-0.307157620445239	0.199235950228295	0.110007631990697	-0.0199089542747392	-0.0860459058956542	0.0713013899492988	0.160392100998644	0.126339433877834	-0.321118190004632	-0.0975028364912046	-0.0822027431937261	0.0792355393155985	-0.0545709776292562	-0.339295407028805	-0.0436705911789002	-0.00839474992306363	-0.0814925916472211	-0.111065646971598	-0.163509927488695	-0.162794090718502	0.080198039592569	-0.0190277767937962	-0.0096558086765092	0.252367400911037	0.0732775442512879	-0.10199181056749	-0.130838899011021	-0.329890479881467	-0.246687169536414	-0.0709542046294706	-0.142300615446116	-0.318996564997563	-0.177446323320638	0.226811499265127	0.152848084511968	-0.230868713210601	-0.0679841861358585	-0.159773801570988	-0.384092346658666	-0.0233593383093757	0.187735481154884	0.231744790723412	0.059034269641168	-0.0718409680398706	-0.120360876436963	-0.123091380016781	0.22141286274688	0.335357649244063	0.0870392898757284	0.310567618187686	-0.0915195025776812	0.187949836665072	0.126092988233127	-0.0603830068058639	0.337843828406092	0.0120521702667166	-0.147095877661155	-0.134010876286038	-0.0605555585143357	0.050430790849962	-0.0946424337101093	0.0706197808423069	-0.119780724901002	-0.0494651399192865	0.0542996480467544	0.139449519739967	-0.348474451631875	-0.208868493008134	0.111511895711446	-0.22397895710662	0.194839625424636	0.0802691876258075	0.134500719090089	-0.0425380943312874	-0.442718488412921	-0.0090738330423073	0.2103921625868	0.23728099440469	-0.204502452284469
"KEGG_ASCORBATE_AND_ALDARATE_METABOLISM"	0.368362562309919	-0.0463952279490963	0.524935346407424	-0.142596756481575	-0.405645490092523	0.251039124790483	0.329405193307925	0.263840644774872	0.380549037068849	-0.238783162655414	0.025332687432108	0.000886127448800247	0.434615303123567	-0.124079873992855	-0.518776027981599	-0.502565522790142	0.113309364961051	-0.337345693997072	-0.488847402968093	-0.271072283026019	-0.663878351630465	0.13041814800142	0.0869081820459431	0.0432020252558563	-0.295427494939778	0.392916333834668	-0.336192605962022	-0.308638193513418	-0.405499636053286	-0.61281715070539	0.0251092638100882	-0.163785316302997	-0.214770200461508	0.0389108766377783	0.224442460512038	0.101232722508684	-0.61336127738532	0.192992628997278	0.166377288181022	-0.43482344381069	-0.0906576802108071	-0.0830131663668084	0.342442907103967	-0.212322534981681	0.194343849113601	-0.416131982866691	-0.160072949792751	-0.468796673254977	0.143388821211501	-0.0582760313620959	-0.59858067651859	0.0945093643060704	-0.530001738132516	-0.0197975985423679	-0.557868151401537	-0.459955796592658	0.041073497847721	0.181117073081773	-0.516496177789088	-0.307062707816952	-0.138328035481606	0.1691099865265	-0.441220429599976	-0.470721234233444	-0.304916884065542	-0.372405146298974	-0.392782692799941	0.100443021066171	-0.375257998783627	0.0377375955111284	-0.753358881540289	0.30660064188583	0.333298351054074	-0.333390599122736	-0.287303744868755	0.180253384016511	-0.152494839659597	-0.211858542540075	-0.0972805534582666	0.257042987764787	0.311335536771471	0.327118017134518	-0.234094624533594	0.30818310638399	-0.435128854059781	0.0970120883379633	-0.023384989069033	-0.443399726130364	-0.224313868244084	0.261001723919745	0.0819940765214126	0.204008282319078	0.222174239098255	0.101103452024204	0.0877403680583673	-0.143339945160248	-0.230552047793219	0.352930697053392	0.1944690217664	-0.367272171033847	-0.123448960817347	-0.0173255637036646	-0.240140491070312	-0.149999234972041	-0.0469006204629436	-0.348489778322474	-0.0595550412355657	-0.0238668934220376	0.353535962876008	0.0301195193650049	-0.320870635131011	0.14477676120644	-0.00204633683699473	-0.22510266010052	-0.455809828031806	-0.593166507228419	0.0648587537884068	-0.293335649526385	0.039885924959227	-0.512045146319737	-0.592014208327385	0.0791464384466511	-0.484863664066342	0.521407402175748	-0.502524737825801	-0.22322102600978	-0.314605775936389	0.0892903508956443	0.323065634622253	0.188800850980897	0.142678800002383	-0.32418768453108	-0.536245710020433
"KEGG_ASTHMA"	-0.277593206174192	-0.157753387775645	-0.448550754741943	-0.357862355504786	-0.525627999345816	0.461028149939351	-0.0911928588290534	-0.18728451201537	-0.406469823836875	-0.00128467989646283	0.417994177468366	-0.274846297929402	-0.286602466219219	-0.418617181811462	-0.287027646892132	-0.207291119700921	-0.25685494149149	-0.454188542886822	-0.249296860658418	-0.288552157641031	-0.577881524446459	-0.526887782349028	-0.331729049207029	-0.214165315809988	-0.302188565037024	-0.208812865800794	-0.391437408181486	-0.275406311169225	-0.229422461600186	-0.309491331348267	-0.0373662206815192	-0.338441414386563	-0.348236543997943	-0.0179998331543714	-0.312798838558143	0.180696045066899	-0.173487662809448	-0.500921570795334	-0.209199230325497	-0.0472830846272776	-0.353244727355619	-0.316423373525062	-0.44720294375481	-0.292900244666105	0.226931798120776	-0.323071743860157	-0.310510553415972	0.241037478829401	-0.564480804379466	-0.273648838526211	-0.477825878566232	-0.547470643781329	-0.350595707032696	-0.568239010171484	-0.359621351384311	-0.228448359893472	-0.107035969715642	-0.27289690931215	-0.556554802857702	-0.226332575753139	-0.582021775205022	-0.343407981477281	-0.498807149976611	-0.149577337377374	-0.54595390383526	0.116456644301077	-0.437681568290984	0.0674475804719759	-0.437312447016046	-0.392466154882591	-0.253812398191023	-0.537448455757374	-0.429674131896911	-0.279558992698849	-0.16883578125568	-0.529286678043401	-0.463725357688368	0.370860017914524	-0.0811368313527543	-0.261426528949674	-0.644215199499489	-0.464916070471967	-0.31073453985952	-0.410160694264309	-0.0414460399205284	-0.466208866852631	-0.349800669658731	-0.226433743049106	0.12281942407691	-0.399034485716687	-0.396780731289359	-0.140208149930565	-0.459310348727841	-0.46160927952393	-0.435462743514228	-0.397714491164558	0.0354567694499228	-0.223816006824334	-0.304949800855928	-0.361080083576457	0.0621165731376581	-0.208868091924822	-0.00239987628895455	-0.345721935012595	-0.295444653418305	-0.257831500152424	-0.360077495461169	0.00389962242714703	0.0624134188454666	-0.433908111080579	-0.215313012241254	-0.247474976836925	-0.359925688639102	-0.351922113833949	-0.614776641560856	-0.307824858367129	0.0769638527040941	-0.533857202837798	-0.255571480170857	-0.340290254571242	-0.490916677425486	-0.216300958350177	-0.591914357145528	-0.318151566317316	-0.28623184863871	-0.422785085380143	0.155961663250213	-0.141623728534188	-0.298608843812701	-0.395822245835611	-0.340993051838753	-0.581270425111241	-0.306416800564529
"KEGG_AUTOIMMUNE_THYROID_DISEASE"	-0.0431163711485693	0.119341437245632	-0.179014384697152	0.209389140448589	-0.103629894156806	0.390692365804414	-0.0785856823518615	0.196128251034618	-0.0625320546090825	0.0955091583942144	0.1109076109085	0.168844452735662	0.128249913632207	-0.194209674781524	0.324908877755108	0.134920297307869	0.103002775111527	0.129728793222327	0.166360709586488	0.394593057723673	-0.0671984736384384	0.187250450189495	0.0337869671553012	0.121044494567217	0.43220276682835	0.0431766404766072	0.297647488309401	0.023031178365731	0.291509542766367	0.0959189339873327	0.501586393687909	-0.229563555833091	-0.0816031051628406	0.318555228603561	-0.140645290719839	0.309997606051415	0.133437844174433	-0.123155916575612	0.166944809200075	-0.134352008000892	-0.18432804277046	0.057568662731584	-0.0951912034393785	0.158800296834036	0.174334276221265	-0.112644896421543	0.194741999144764	-0.399082886363324	0.145736718957523	-0.278558701137988	-0.00856665750663532	-0.299512750896397	0.200826557066845	-0.334768794820834	0.0551578088151627	0.0631602172675274	0.471620389711569	-0.108142085554594	-0.0425263106898761	-0.14198324577496	0.0285278025125972	-0.0102565622984895	-0.141199609564686	-0.0556465318834029	-0.317296086488521	-0.339145965427535	-0.247549412394753	0.239355192306049	-0.25342495372177	-0.0376216148163096	-0.147458376379589	-0.0624937094449627	-0.0593071686924078	0.0345005769283862	-0.313318884550409	-0.199897743670059	-0.0991830583951565	0.249006732526308	-0.35404696853786	0.375986423210028	-0.372982917553556	0.121551059062561	0.161601512530264	-0.169778989267687	0.364134436107202	-0.310940958768259	0.0560257626211986	0.296112049295526	0.111205841960241	0.0144064535047809	-0.251716297289577	0.305621784621773	-0.430979896822585	-0.252493412650371	0.0602290456496363	-0.204033947462974	0.371454491053356	0.218729454304029	0.0474341152914278	-0.312650983263837	-0.122559355537692	0.0190320615678385	-0.134738350921586	-0.197644891954481	0.112207922829219	-0.343357963461704	-0.0496497258017486	-0.347572187366643	0.0592157037987378	-0.291166827683813	0.138329125139424	0.246493449429124	0.14845735132456	0.11032822543554	-0.257923277223526	0.0581064869938457	0.173071344758847	-0.0164057269864443	0.157043139671704	-0.302767283971363	-0.309170486056448	-0.111496511339836	-0.447738447708779	-0.432930755271376	0.0749395073793341	0.0539971784306985	0.215322991010667	0.18136567698083	0.0724151791809897	-0.104205061326558	-0.157746908817582	0.369479125371365	0.144915807263622
"KEGG_AXON_GUIDANCE"	0.113392328563833	-0.0433423377217032	-0.151070474883685	0.0816465391788182	0.168992010383999	-0.0867192297670704	-0.264852180193695	-0.313238839387912	-0.0737882070761354	-0.217286679035357	-0.0329053321331058	-0.134221110253175	-0.213262703714408	-0.112426364006374	-0.25162960290852	0.064099921156524	-0.0411673005749444	-0.136179089566877	-0.241747365133018	-0.0397388589894875	0.0971333036668985	-0.237584742154318	-0.267079999595139	0.0306987068575464	-0.153883987676455	-0.279434564608573	-0.262190883181856	0.108845425908962	-0.0895814767875109	-0.0597435910926545	-0.158424783265093	0.0781907514743503	-0.141327409563367	0.000414539583644263	-0.0547645272948816	-0.0608423795063695	0.0107549378938135	0.00913035280618818	0.0493421677227898	-0.145358321321614	-0.0630577394593015	0.0294861510456242	-0.220355110753264	-0.0896973054398513	-0.205006818161336	-0.116940079109394	-0.162143251755224	0.070301875580378	-0.0381799435310535	0.071152593072547	-0.0114300019520597	-0.00379446119137047	-0.172695591086049	0.087121696149682	-0.131606534697004	0.0168419796786717	-0.0310929177162838	-0.12482952322447	0.0244756810103967	0.112952232735263	-0.0561085433181332	0.174080940425654	-0.0999969865497622	-0.0011263237636894	-0.0312780659332312	-0.0877469964389553	-0.197800282396861	-0.265005507469387	0.147714578394791	-0.159232817001037	0.0918598224631469	0.0411990797171932	-0.232042342681582	-0.208922414376607	0.00597348343029405	0.00404805257578481	-0.111699743226262	0.135430955881316	-0.124590203676242	-0.0536984946635344	0.0256963404744213	0.00430206564601474	-0.201168755181768	-0.23797382556451	-0.151125677129733	-0.221670728877282	-0.0505257121288127	-0.0609688124493887	0.140089972832917	-0.0895813366776836	-0.105345681653992	-0.155401473452055	-0.189127065339829	0.0927995741638033	-0.256109614387135	0.242734001833998	-0.219721287793835	-0.174072559884158	-0.226915904838781	-0.269084371004242	0.176141953930257	0.0761411327623917	0.114299540575217	0.21809931187967	-0.128064049544004	0.106671043957298	0.0729782237193153	0.0212228642519824	0.0686886836946388	0.0904945379324551	-0.0561685587994317	-0.234864447289783	0.0733190225871669	-0.00125653100957984	-0.311159302889327	0.196694624062108	-0.140254596967716	-0.00127112626174247	0.101021857141416	0.0807416889930586	-0.228181636186652	-0.110053448405141	0.245988972822393	-0.347438365816499	0.1237704131371	0.0660750171394443	-0.0133375996325883	-0.201340613563198	-0.178788199318672	-0.0917680872841673	0.207586817712419	0.0289179470569839	-0.121560804135884
"KEGG_B_CELL_RECEPTOR_SIGNALING_PATHWAY"	-0.179254279106019	-0.422434817596846	-0.0193404055739838	-0.188349831099214	0.00990470341990071	0.14767985577818	-0.270222205760896	-0.206935083663261	-0.0694400630307786	-0.368088473264755	-0.239438140218379	0.105900309409275	-0.417725348104544	-0.36305181667115	-0.120010882450419	-0.324335586583097	-0.130011249617388	-0.00207018229053238	-0.372551015483788	0.217819191149654	-0.328384037369214	-0.133799217615432	-0.422764483208526	-0.067457046799997	0.300797763210173	-0.114577958697633	-0.352023148537931	-0.146489673824568	-0.113565682213253	0.0329068762255976	-0.0668397666859352	-0.272169230911072	0.0186587057789798	-0.244810969751655	-0.0276095442720829	-0.0712416281785403	-0.217728725089412	-0.312147123237159	-0.363429890920161	-0.507105436024462	-0.364606531311116	-0.145826194223966	-0.426870725528112	0.0713414490442585	-0.363741925877849	-0.0372145486191628	-0.0973560464771812	-0.200695658054197	0.149924373731588	0.133491440368281	-0.00669595615250299	-0.249564740544602	-0.010805353728348	-0.0274670360019414	0.0981715178123552	0.235453373181564	-0.381910026495224	-0.0220928401133752	0.22651371570397	-0.383164450751061	-0.286554273191254	0.03737499094243	0.0190411256982997	0.00518756018417715	-0.125512236484515	-0.348883730549456	-0.310407198367798	0.0908435755034699	-0.0908316391792632	-0.216319540102333	-0.0855202550967666	-0.156198225082278	-0.107976329930495	0.0598141747551646	-0.0749292722988802	0.0127268059766502	-0.223400346484782	0.27824121605576	-0.473325254167488	-0.117611766767503	-0.189441025534122	-0.293879248725216	0.161762019050752	-0.248300120945911	-0.105865165480225	-0.360258788429912	-0.354532699501469	-0.173089271326691	0.0553141257805995	-0.143824417866293	0.00203997351989452	-0.36085621174301	-0.0296134826007248	-0.321086198289382	-0.0973574607082479	0.173266410792415	-0.095199890935911	-0.338371669429306	-0.160446665426512	-0.329207069544259	-0.117197490491215	0.123719979283162	0.165058209485654	0.0173598901631764	-0.341416569766185	-0.121306653990591	-0.236686494420133	-0.0261393327937773	0.161265355239696	0.0702529051872214	-0.0268841915408508	-0.185736039681575	0.114038355989637	0.265241114653264	-0.326164642962598	0.243519393155501	-0.278231535341141	0.240257099203036	-0.261749924777041	-0.0899705131621359	-0.181586180127787	-0.196844419571123	0.0568099265558436	-0.0510630982028392	0.194779573606045	-0.199161465355052	-0.334736722039868	-0.254421637379812	-0.35494159327068	-0.307059153789177	-0.0948083460387841	-0.109004441763045	0.283370965192577
"KEGG_BASAL_CELL_CARCINOMA"	0.132635681653488	-0.168391362116934	-0.149411247529125	-0.156497987066747	-0.266900412956867	-0.225998809799487	-0.119592557479285	-0.0377346214226268	-0.0325062555082586	0.15259870196058	0.117023802232638	-0.279838341037212	-0.151059300743783	0.0653209973885897	0.291065975656684	0.212014172095234	0.162479239291906	0.00872930993990761	0.00256232347513796	0.0855985985089129	0.317402160980024	-0.494849432083088	0.038959135380655	0.0288233186551243	-0.359086316129142	0.00743918247909561	-0.234168180407708	0.0349022909362236	-0.102820757949243	0.155919267206354	-0.179641518662199	0.0796759487103404	0.17098693351932	0.0718162744288535	-0.100367695832762	-0.166164059192444	-0.243347999030686	-0.0561284171165104	-0.0821025991650512	-0.0221823193175979	0.208283845637687	-0.263287399909583	-0.00442767552579806	0.212934088787113	-0.34295705668112	-0.0451549864405259	-0.0148320487860813	0.248524160968858	-0.261229038612719	-0.145942463293899	-0.327804993244586	-0.185858711187185	-0.174865642842661	-0.249594564742096	-0.272101960898927	0.0167557560082741	-0.045458721525761	-0.175456177863008	-0.068360407981563	0.45403872541354	0.171479844468822	-0.249793075631752	0.0417764944004028	0.161185910451483	0.0903864233913138	0.206137248573733	-0.207678157989685	-0.251773063149657	0.0489890957397896	-0.343935194735466	0.264121159966618	-0.186888398956888	-0.33362493940033	-0.288782686891341	-0.152453285161861	-0.0984877095846002	-0.0415303791598937	0.295629085439312	0.141860617111788	-0.307833842592454	-0.0157613894489622	-0.00495574361643245	-0.0438578637904272	0.245270705437039	-0.0492601099394445	-0.120457267302412	-0.113399856039403	0.272278155956721	0.173583020228281	-0.400242713745299	0.0447921677735545	-0.0419033221641109	-0.281778778635671	0.307762402681397	0.107244128221428	0.0178757429361351	-0.183512103880357	-0.148979793629113	-0.0749774968378569	-0.288936143371072	-0.0430186858686854	0.20298761202855	0.0386852047893175	0.350610787115653	0.00606645573055756	-0.0263041381158602	0.173266378411715	-0.151045557407726	0.271953229919201	-0.343728764950449	0.00266731042892671	-0.156086027473187	-0.266368613834763	-0.408104140140331	-0.305684161406269	-0.141185056336076	-0.13630927832536	-0.176231275714059	-0.0314344110449221	-0.059515490566199	0.00211583071484728	-0.054879613974772	-0.0230822568769738	-0.295305770669645	0.0460879652472551	-0.378878451319563	0.340542019941819	0.0453350543808747	-0.042700265948761	0.164844639845177	0.0505846339121735	-0.301351600892438	-0.119422844819824
"KEGG_BASAL_TRANSCRIPTION_FACTORS"	-0.311055705767982	-0.235171843648595	-0.0191608267266583	-0.227523481437985	-0.0874821936423622	-0.338819782275936	-0.295013740432286	-0.203411942924875	-0.39642314981517	-0.467218956470291	-0.416242984860701	-0.288304223265329	-0.324272746231401	-0.374918309216835	-0.474474459292127	-0.562768398029774	-0.29646570006856	-0.456599622941308	-0.342831155082182	-0.109813981298747	0.0220363256784915	-0.275692722650333	-0.369927182499648	-0.38374224063032	-0.143797487031579	-0.373389963238137	-0.13066064186162	-0.0948193435327465	-0.419520779804547	-0.275184485356558	-0.2227253307749	-0.322633372550092	-0.31211312730009	-0.0999564662044301	-0.243507569687467	-0.449360938300587	-0.19592281725326	-0.355461647987982	-0.238336740063521	-0.333855573812705	-0.217687576758174	-0.3900701818487	-0.200608344266492	-0.573960903668426	-0.458913269519716	-0.242840356563403	-0.486621170627338	0.0539919722727047	0.00236945302898259	-0.116483079268261	0.0149417619457734	-0.270847561265495	-0.127183126298587	-0.292267105846034	-0.203132054366198	-0.139683388339749	0.0216769795543413	-0.152833005314707	-0.339090881440117	-0.424602057749588	-0.225197108861762	-0.021862695737658	-0.362791362357537	-0.479858501168619	-0.00734643551054298	-0.459926554752192	0.0808382340168934	-0.128695796736893	-0.330438451779367	-0.333054169991586	-0.245229103268307	-0.253040070799511	-0.142570287592633	-0.179654730281557	-0.132483430666149	-0.136931778045412	-0.427760742119551	-0.357362529603946	-0.351550624863634	-0.162310772127688	-0.0367719001420882	-0.324181210891896	-0.313408967321077	-0.330094478949474	-0.146620854889668	-0.184874137563231	-0.243928997695962	-0.479431077083641	-0.190489280561786	-0.0202873830390846	-0.322687393436728	-0.117508787065272	0.184142659526691	-0.596820279054158	-0.340994324998231	-0.354220746324031	-0.427574168888397	-0.147422932565015	-0.206665556968391	-0.149131760813667	-0.313883558192165	-0.49033478891953	-0.347529123104208	-0.335004373572475	-0.206483106853624	-0.235188015747191	-0.146346178451101	-0.0802330833465091	-0.382853141775198	0.115773000299159	-0.134361100995467	-0.171622425134478	-0.287301524400808	-0.192542156838802	0.191981934451342	0.00852247517780857	-0.224120596922138	-0.132256678058931	-0.135292551959414	-0.329643662458294	0.0954482097686994	-0.0879537808302432	-0.138456279664011	0.110335608616824	-0.0469714158983232	-0.0157038634336662	-0.311002890936194	-0.475801218531586	-0.2820675443044	-0.512916036448933	-0.209515682642983	-0.0920946677016717	-0.0565944340522772
"KEGG_BASE_EXCISION_REPAIR"	-0.0571890443043079	-0.434669137620883	-0.028175992984889	-0.310572278709565	-0.0592162689814399	-0.00168871077812266	-0.0441255992343218	-0.0683501940975725	-0.281303588407533	0.0898792781018601	-0.319780794579426	-0.327717561247871	-0.168719025262769	-0.157733499861439	0.158484523075875	-0.380312349627876	-0.0922295003100758	0.0367140963552021	-0.36911610633181	-0.160146028887631	0.127807274537815	-0.195226930375543	-0.0229510865120265	0.348811228081807	0.268179989689224	0.0763844140905163	-0.323811897960744	-0.0746648756316438	-0.189937137311047	-0.0545391385869164	-0.320974749254017	0.200478625565987	-0.0416787843176689	-0.245837042179708	-0.266504466346965	-0.381279103622046	-0.0197444756490506	0.162525897034411	-0.302905590594956	-0.362368054372024	0.0355024404025669	-0.191414947587752	0.115253831061394	-0.271535342352361	-0.5143611612258	0.349312095380075	-0.118109517770064	-0.442049490413326	0.069177347831594	0.267713069070908	0.651104588274305	0.108517875984621	-0.295184515390579	0.1707100150497	0.105237940006934	0.341955208318311	-0.266081182228236	0.168803522791127	0.139874799474862	-0.125764304982455	0.197442287395095	-0.103986808729435	0.0293209350607484	0.440024383967802	0.282001820697101	0.382540947306797	0.266498870187748	-0.0758820371920353	0.423500375186921	-0.00101088686274234	0.407068033188908	-0.379920602166253	0.0703434030000351	-0.269155816679346	0.208563587933053	0.17966753773485	0.102537287102054	-0.440040495311547	0.342905413175694	-0.368501378081629	0.284577483214533	0.0896947507334167	0.275813495006409	-0.436301867514133	-0.341501141878312	0.351847298403736	-0.185349863890727	0.0409617044946884	-0.0458848415980981	-0.293192515133883	0.0777225900027861	-0.0745417664739428	0.197199892813234	-0.373680165829387	-0.01672440979038	-0.24586282287314	-0.0821329531943364	-0.0346185945858197	0.371927577582728	-0.49408949799139	-0.162445209244251	-0.462218847718472	0.347702486724384	-0.0267974168539981	-0.323265763805363	-0.465754439347692	0.00479087168179856	0.108555299419346	-0.392588058166796	0.102070308214381	0.294219857957581	-0.333623052872824	0.273048245123244	0.0241917180327544	-0.207325900083184	-0.000885349956302239	-0.283659049306898	0.0122872113080627	-0.175253119114395	0.446669601471663	0.300541385344168	0.279593944194272	0.416963870697285	0.248687728475503	-0.148263750293964	-0.108102011554837	-0.409890591170029	-0.240213920238679	-0.0377637423261898	0.353844214796829	0.0553713188507889	-0.226873132450092	-0.22379141608394
"KEGG_BETA_ALANINE_METABOLISM"	0.21838177542221	0.121414472676115	0.101693650148543	0.260435287687847	-0.255927849923867	0.0285014771247146	0.439825083383943	-0.0257642970769367	0.268080959647152	-0.310515955013538	0.282064768192689	0.365250392790198	0.0195046334317259	-0.341634961930671	-0.515348584450361	-0.440139109453729	-0.175122127269548	-0.163482123616286	-0.436840782003103	-0.526109844458532	-0.588615153624749	-0.245773649623159	0.514517701962999	-0.330914964899636	-0.17857669265031	0.0704398081557299	0.00660367379804533	0.108408908797349	0.118831556604352	-0.448183166162893	-0.199169847137252	0.301063668849879	-0.2719112179286	-0.00819300353701299	0.0555525195961954	-0.176088217297135	-0.501124945214893	-0.176044343106693	-0.090234700408292	-0.205902138655172	0.0404736232266186	-0.180494197651457	-0.0613216933972788	-0.401073397367918	0.273553214424624	-0.418448541890292	0.0180253890844456	-0.0511669749650602	0.571483860019262	-0.129370942719521	-0.486571372553768	0.148025208794463	-0.251873383160062	0.0928478573409403	-0.251909830167756	-0.4095482032881	0.163730798589746	0.592700409557845	-0.362539188723475	-0.0564439106491284	-0.261561585497191	0.201969096990463	-0.0274227690399635	-0.201323090320159	-0.162224098486845	-0.206082621825108	0.166743690988078	0.156997487477073	-0.273377741897186	0.516394771016982	-0.417977729857985	0.485606969037906	-0.11821385686114	0.0136144377266536	-0.282501540569437	0.440754339645122	0.375277999608685	0.15234143616115	-0.0298258170736757	0.545850735613381	0.523183925989314	0.481767326015257	-0.529690081182175	0.361721349490583	-0.382330519264025	0.59279391845668	-0.103741758839352	-0.343774518774781	-0.408661884760749	0.217837248255036	0.189239874466886	0.354527314741304	-0.240338876898123	-0.0177953136025882	0.0895215146648933	-0.155906419911187	0.135883496940815	0.628030435158229	0.269335903798834	-0.241130603991613	-0.237278889005148	0.371226742901462	0.1867619685752	-0.120234365333076	-0.301910364957704	-0.266352151366125	0.212599724116319	-0.312448818813787	0.288791915559918	0.468999135764805	0.050750449535393	0.273294598312533	-0.0277119088753063	0.229637042302912	-0.352628050663682	0.0341637902962928	-0.165783102433839	-0.241974580771345	0.253053941858085	0.109353852837234	-0.513752527711014	0.149169648573201	0.110847284966021	0.144548083861375	-0.00465833297975729	-0.0128913237920749	-0.386017120088827	0.322417952438982	-0.00734553575248548	-0.0811572947864894	0.459110876411517	-0.307085942227689	-0.560631975244218
"KEGG_BIOSYNTHESIS_OF_UNSATURATED_FATTY_ACIDS"	0.110783815343384	-0.218686007381485	0.430685939786659	-0.0195415479798089	-0.0714814847953772	0.0684702434455819	0.199832554403463	-0.56251852107745	-0.39844321940479	-0.0119685006520632	-0.11686228605395	0.329361455080996	0.170505095792176	-0.378629348395733	-0.502384025965313	-0.218733706420817	-0.236416269418919	-0.116749501117619	-0.467124708085274	-0.385950156138539	-0.328837221835034	-0.387349330151833	-0.116638838770165	-0.266486195941071	-0.494927418140945	0.261566406182934	-0.30729988530584	-0.616205631704419	-0.477100402344257	-0.429540952544419	-0.443895595885196	0.105732948945923	-0.285658647839769	-0.369801691512347	0.383123661879223	-0.263459808209167	-0.421401126536836	-0.188554009707142	-0.0776300090402085	-0.515391104827837	-0.0137619673081527	0.249045985020829	0.0244046763148734	0.252914169340566	-0.186573920501699	-0.27846964111459	-0.0969405279113397	-0.117731230731428	0.390515091781185	-0.0962254860176327	-0.0311386892005939	-0.00455387634228011	-0.222953425453921	-0.0235858926353596	-0.316656561953278	-0.254637081163512	-0.249852571726632	-0.283615324131792	-0.324260954572748	-0.105988596278259	-0.1281816924154	-0.100052733659792	-0.131824000910103	-0.306509064695166	0.034715410724211	-0.0754607920746842	0.139011778531768	0.0270654085898078	0.0240661665249776	0.200990295506339	0.282971869653507	-0.115725691305927	0.015965660545369	-0.0626501607105455	-0.16365578886634	0.205250626477111	-0.0981728223825584	0.27739465678701	-0.146713394534312	0.583473313367716	0.398812035796426	0.218186402414516	-0.213883583543148	0.0626930398225444	-0.51998921201136	0.398760683940439	-0.50237161976079	-0.248589783007718	-0.205441193641711	0.0944661440127269	0.262256031060006	-0.0692861483621795	0.195154581218752	0.0711738069674605	-0.141572352935513	-0.270958241357192	-0.0996008469535266	0.513710082091463	0.00166914046589972	-0.400725631409811	-0.0727831351468215	-0.0669384993763615	0.0615550270820776	0.164410371640559	0.0504538046520525	-0.495695456607718	-0.448696987154809	0.253036216423582	-0.334172198717909	0.481345896659631	0.0100179734930523	-0.247688357317812	-0.235265513744367	-0.294280208714358	-0.231950205972811	0.018632985658237	0.141644922563202	0.0440990203312664	0.485586915953238	0.153168321899282	-0.169673179737934	-0.028240463377969	0.182254287925109	0.56175522066091	0.358165773794111	0.19810552022096	-0.493734776111429	-0.110217749054111	-0.0921177253188116	0.0742692398772285	0.415167229326672	-0.143571617788427	-0.588007811404087
"KEGG_BLADDER_CANCER"	-0.0194133109993491	-0.180052887121711	0.188576023527545	-0.143415612995455	0.206050339299717	-0.30477308639332	-0.259370450042153	-0.407527378370881	-0.398163284801599	-0.194356803072452	-0.102219023197985	-0.248279813517981	-0.0567217687306319	-0.419662484449934	-0.141908343595301	-0.123079643189258	0.00236661247041767	-0.106457202563746	-0.504276533828192	-0.310362546005108	-0.0493284652657084	-0.358308927621384	-0.0676963318442497	0.0432927984734348	-0.177119689327817	0.0201361377804596	-0.383676879986112	0.240123312533422	-0.268974660010306	-0.118619265020232	-0.323308543979815	-0.110921525712666	-0.28853305491804	-0.274427680615001	-0.116953853623279	-0.155549886755351	0.121726524452573	-0.381349481797882	-0.143762526530963	-0.230606753091628	-0.224459702941058	-0.1471084625314	-0.185072071333303	-0.0779215303070876	-0.189965349711782	-0.213304301542502	-0.211730658473218	-0.358718297455192	0.0799158333053072	-0.117424707769676	0.0536373737567024	-0.152241252043706	-0.239202960988288	-0.0777723815405847	-0.133404454583155	0.28615782218769	-0.25312428382793	-0.30587632740602	0.159573553742286	-0.175179228056985	-0.000431774504606408	0.137380563753738	-0.125114127122588	0.061862338558347	0.0143033272502537	0.0416935228695783	-0.324063675669728	-0.3198097850418	0.0835999922040901	0.130737467096114	0.141499342461184	-0.387475702260035	-0.0450505982315334	0.271448914154045	-0.220354110129589	0.194793163934297	-0.161879559444018	-0.00831749994553835	0.10131675589991	0.134479453207727	0.368989455574205	0.00762385371954161	0.0797260900947888	0.176473019046697	-0.171921134788414	-0.28410803540127	-0.147924498344505	0.0674937302018967	-0.0906282741447058	-0.260953649660449	0.264369826383267	-0.0549709682326206	-0.0517945109401183	-0.173151348385993	-0.00618338642645122	-0.193626412648079	-0.342612127465549	0.162681498406499	0.15760696854147	-0.355815986519862	-0.00774014231345579	-0.144539232590881	-0.00543912035723598	0.148044332686932	-0.184164397029672	0.0899021564712051	0.236370628391008	-0.124086511729425	-0.151894553731883	0.244757131705426	0.0872382647895877	-0.386906399865607	0.0995334689878423	-0.0589483222683461	-0.25908381528866	-0.0694520433222882	-0.21668466162461	0.202043256006864	-0.10612416690981	0.0601556375785484	-0.093809058895049	-0.261469087296982	0.244795522766253	0.0316036713786191	-0.198195396227954	-0.0922938485298841	-0.506572824680307	0.0332058102879906	-0.324459489124732	-0.042358192612411	0.116331176979611	0.232200392385896	-0.401507561952412
"KEGG_BUTANOATE_METABOLISM"	0.344885262618816	0.00827314094549381	0.0952737952206692	0.370152834799038	-0.224834462567634	0.0306705860956485	0.498352688194356	-0.133073024944877	0.403219281571762	-0.0499990757456404	-0.0013008469115664	0.123766469205961	0.0481506289023347	-0.449199603156414	-0.51625486270954	-0.544176512272043	-0.247148707270597	-0.30313588320684	-0.486554104467755	-0.501400797160919	-0.544718414030778	0.0523902483358844	0.269621505084192	-0.431976983121839	-0.324048190130011	-0.220240018538879	-0.330099451677611	-0.224664270892549	-0.210566939366551	-0.361336402386555	0.266761880275099	0.0414130648143025	-0.0683798151124522	-0.0249021341232528	0.163552945121387	-0.0966584489267149	-0.459774315513367	0.142693630488445	-0.32217256376093	-0.20964558922016	0.310347237648707	0.0937729670923515	-0.386219943555921	-0.480249456594856	0.16902787764083	-0.476630366708625	-0.239825043086601	-0.21634625039605	0.422910443220965	-0.0792451948491046	-0.359086877730552	0.0379950385493454	-0.228003496795634	0.0802997872538942	-0.411757709360802	-0.352967396497046	0.160400142026862	0.427828483222301	-0.460339173513681	-0.159957800805322	-0.0761367720735151	0.304090694834325	0.154593385140931	-0.352913651926765	-0.0652213331004534	-0.0195405943882168	0.273843992342213	-0.189376761089916	-0.29265487673393	0.535859374977886	-0.247523092604276	0.386053679489636	0.317364660691585	0.0447923996645649	-0.377160355489352	0.266466735839807	0.288700055144791	0.195529747458977	-0.353621434425622	0.572097509265391	0.486807492572157	0.501813385729884	-0.426185588286919	0.13243642142314	-0.460205481223724	0.545565719684575	-0.0474675736881246	-0.182354132725346	-0.490863083367212	0.116759292280759	0.00865467975950768	0.298567942584488	-0.0526183321351459	-0.0053849632430101	-0.114579530856215	0.134910806508836	0.14260449273568	0.590647202422525	0.259282222435588	-0.414486257249731	-0.200101815689686	0.223775169418998	0.251492509784352	-0.28893926545235	-0.279255480258217	-0.359908962247363	0.0951486104234349	-0.1855587788648	0.306740413890015	0.547147405750766	-0.304162841101601	0.100567517164273	-0.154157450904067	-0.186207626235741	-0.311135450459692	-0.19343698546818	-0.0809451650188612	-0.0116911020825056	0.334176691145574	0.196862892477113	-0.449454758263085	0.443988238053319	-0.287788784269425	0.356248376054718	-0.0514560546732846	-0.0440863040000855	-0.399746628039775	0.254999211175309	-0.246225186451848	-0.0332052806884099	0.231304951482828	-0.217027937653338	-0.663127874641482
"KEGG_CALCIUM_SIGNALING_PATHWAY"	-0.138907257269976	-0.0107325896858311	-0.108575286479889	0.0110384808864542	-0.0760758795650222	0.0263399905620301	-0.21860474711486	-0.127174587754121	0.012918143354562	-0.0168678595894107	0.169750365793582	-0.0397402024565423	-0.128356145558283	0.102489616616661	0.0369778995454469	0.186488398845126	0.0841902261729918	0.0809002533814159	0.0904485356426912	-0.0745929383106877	-0.057530473551106	-0.125033515264763	-0.231177498051395	-0.0363673659704047	-0.112804370303351	0.00961568364488144	-0.0934792262471329	0.115015302634905	0.0238229494189572	0.134076621918914	-0.217989739877684	0.0199920950297312	-0.0282498830090971	-0.042232116563508	-0.11939333812851	0.119852328206213	0.0561911286864015	-0.107162656283847	-0.0792795180400913	-0.0935443528087488	-0.30013790278269	0.0546078128336141	-0.1875504855045	-0.0201498028790661	-0.0725046060062177	0.0591295053827486	-0.0316666987668617	0.262101224998048	-0.336206391394521	-0.0805557468936385	-0.231336220652931	-0.0741040204403823	-0.204082394121661	0.0720847814345697	-0.149434176499335	0.0168831944944762	0.160007958572005	-0.0970705161801128	-0.058057830304933	0.123325450907576	0.0374235664314883	-0.0999227053045307	-0.203448773920074	0.112434625385863	-0.237170837949477	0.024579730615903	-0.114525321395176	-0.251078466586665	0.199417146535556	-0.221212196198319	-0.106347453987814	-0.0390779881184262	-0.353611010740011	-0.101051437190962	0.156897592267416	-0.231846885326576	0.014677235151387	0.231507403607871	-0.110725632784031	-0.214655162412076	-0.237776853822705	-0.191217478926133	0.0972266180815457	-0.0454349225510531	-0.118382176558165	-0.124248527778886	-0.0863799459666291	0.20671360071868	0.233722585644637	-0.247912316804562	-0.00930413935641528	-0.183697327083548	-0.151906327403697	0.0479617276925439	-0.0155815728646775	0.026480859277103	0.0883338163157146	-0.023157290786237	-0.0802495823819273	-0.0360686513709404	-0.0693696510041409	0.159906980720458	0.0786316531437876	0.263113878497529	-0.062792526694181	-0.00232035512301804	-0.0579101616142782	-0.165948135061943	0.20204219970738	-0.101031502604083	-0.122989948007796	0.0919858064042405	-0.163712033522266	-0.153522392670129	-0.282847819397288	0.00055409923605898	-0.0360185108686183	-0.0545976662193043	0.00506930020223076	-0.038628690784539	-0.345198422533651	-0.150737906236147	-0.00130756214382718	-0.169092155112898	0.19148226820674	-0.209218318156271	0.175031709221027	0.0257802866119792	-0.251462400702113	-0.095093472568753	-0.0367785398721639	0.124122251220062	-0.0431577187907007
"KEGG_CARDIAC_MUSCLE_CONTRACTION"	0.125892161051746	0.209564621086333	-0.079785669745366	0.315631556446172	-0.136835717443118	0.0538756996706015	0.146641001817805	-0.118356369361946	-0.0287741725796956	0.180599906723008	0.358139348572619	0.0489258646718181	-0.262132436598447	-0.201762527685263	-0.241920846030687	-0.180555331648479	0.272649985790001	-0.0959893282696973	-0.207878383778476	-0.165807618415665	-0.0264197398192466	-0.0793286882415098	0.199837335769819	-0.049067569110198	-0.265225161396008	0.127376153019242	-0.0079117731004554	-0.149527930454122	-0.176255301060127	-0.092446467871579	0.0409393316379564	0.17411184442868	-0.230401309663356	-0.172028485973833	0.282260965589258	0.0694081044867957	-0.154728317002176	0.00874234992128753	-0.0507710031326436	-0.0338824480621722	-0.122345645516268	0.0742855885967067	-0.0862695493721633	-0.2953796024537	0.0367354040557148	-0.288001529076316	-0.191221376512005	0.216181163671718	0.00375565337904105	-0.123194265991575	-0.244677911290269	-0.286574622601248	0.10930560392843	0.225461127559848	-0.337829796412155	-0.0379080484613211	0.00661189904589748	-0.07869491020008	-0.00504339612367838	-0.163338017813861	-0.283856277563345	-0.0666640011084159	-0.040479586468571	-0.00879696306424493	-0.00712636744740786	-0.0400048494499568	0.172014904983282	-0.228874614680989	0.0105051092456101	0.280632258114071	-0.211759572134391	-0.0955864707357088	0.0258138322747258	-0.147542232492526	0.0655439425092858	0.00429932037080763	0.0661836395233749	-0.014374197421471	0.127834279664323	-0.0473246590908427	-0.180227660998841	-0.226846805820683	-0.0434461803962402	-0.0805335465148473	-0.0990371466988311	0.14390922226967	-0.32987001270779	-0.092504351115785	-0.0614394063716713	-0.218206750079289	0.112439934185443	-0.0540323951271939	0.140662325942573	-0.158307425282763	0.0459372793437436	-0.0962880256167571	-0.00521696215771635	-0.0554277965906385	0.27155745985255	-0.265221130382717	0.080577975035606	0.133938453907924	0.0573802479039892	0.183421951136419	-0.0977302238190396	-0.0811367204589419	-0.118490485882713	0.142385420649118	0.113434804261158	0.226573100706993	0.127322588681842	-0.376095489492641	-0.0642540574122134	0.13987069470178	0.0446080365146153	0.115874293254997	-0.148710941598379	0.207206814613992	-0.034846051156929	0.232002768853147	-0.305286233095481	0.101782280437151	-0.0391171675262331	-0.0027192461245979	0.157420944841597	0.209945301987986	-0.291949361788647	-0.0191414488062351	-0.409701954138787	0.0696633958612668	0.20468033185243	-0.186966279885227	-0.379316740611045
"KEGG_CELL_ADHESION_MOLECULES_CAMS"	0.0506645327369435	-0.0388947987604678	-0.262061239025974	-0.161830873963485	-0.234257995533511	-0.0449897000639976	-0.214608262668002	-0.207607575628755	-0.169326199435468	-0.0806210140805503	0.00784130267549082	-0.126410996564159	-0.174828701961565	-0.21957301905155	0.0224580437354253	-0.140343218389841	-0.023069741787711	0.0977975136606662	0.0292912545445065	0.0797395271325348	-0.0974975385596263	-0.0957149465002402	-0.00288020544208561	-0.137648369971133	-0.0314830820660968	0.0379560384303412	-0.156077094252017	-0.0445107611734222	0.00331655756162072	0.20963898955853	0.095476592935738	-0.0551066765901508	0.138130547650043	0.0753582253927784	0.00242416850154084	-0.123399671505855	-0.198209286192592	-0.164716805481663	-0.130532350722449	-0.298500515918975	-0.333186593961543	-0.138068933741635	-0.282833249664084	0.02713092891067	-0.105177893967288	-0.0570066610261153	0.0638876724166522	-0.141248682448853	-0.0702019202826826	-0.137052487700321	-0.118464875165285	-0.287466496115547	-0.141634625950908	-0.310094327937836	-0.138564929756754	0.176769191986473	-0.00359188334750049	-0.111039108432872	-0.079056879359322	-0.12768276511599	0.051566104349836	0.0424952269469313	-0.0494719546828533	0.0152559381534144	-0.23543203270749	-0.0543649190234572	-0.29156536771103	-0.143116307127296	-0.146928813659596	-0.129146580507993	-0.228614528819489	-0.089331308304709	-0.210072423560058	0.00527261479035873	-0.053237845245206	-0.042875188583397	0.0632457380736023	0.262373223238836	-0.140973659870711	-0.29350456295757	-0.312476657284677	-0.15091319705081	0.0239541964655197	-0.120702073061248	-0.166778438208816	-0.285439675126173	-0.00729905607110873	0.0256721572568213	0.177193933398167	-0.334256415752909	-0.0100225684480252	-0.208962162837344	-0.329979124718539	0.191087739303108	-0.164401782579075	0.16463750696644	0.0397882968409164	-0.274817775030378	-0.196734862906291	-0.241880149219651	0.169893948968057	0.16793265340431	0.124518533270512	0.185441788997406	-0.204947936504005	-0.180163336236027	-0.279199992242413	-0.22390305078921	0.184798786799196	0.0769817860212468	-0.346411546544377	-0.0984860696195089	-0.115488689943094	0.114367058447137	-0.282350519549538	-0.157521938395217	-0.233800601725574	-0.0287225609546038	0.00963472363835824	0.0614783610302644	-0.288467382110789	-0.159886753361817	-0.172777855286462	-0.304237422688094	-0.178411926206184	-0.045895456372381	-0.0749519149027659	0.0404703833950684	-0.192636180206899	-0.0570384030578222	0.111384215936368	0.0917092213893272	0.01654418702753
"KEGG_CELL_CYCLE"	-0.03262984506854	-0.288445081193074	0.0651096554549841	-0.295217702842774	0.0413359018643686	-0.040299682420582	-0.244939749009942	-0.119344797525789	-0.436519836323362	-0.394874419799687	-0.296218497332678	-0.144647712149917	-0.263099406728103	-0.366238417163738	-0.32073861245026	-0.210698403900285	0.0158376700307184	-0.127489677210056	-0.422601080006477	0.121149611480748	0.314067351722211	-0.0945806159523521	-0.433678173865154	0.228474308452862	0.234568555770659	-0.31077433565874	-0.0397447312876237	-0.107538186079104	0.0730423000136622	-0.078498642188162	0.117273152574411	-0.0419734281966911	-0.174469198860154	-0.146860477628876	0.053326095100565	-0.216876433871207	0.174808617450443	-0.185868625749666	-0.0511894283316287	-0.284477083148074	-0.0112006907855079	-0.0514278155761655	-0.0778233140633386	-0.405289408838731	-0.321112737371541	0.275648424627492	-0.340007468178061	-0.374592110442567	0.0638519464515309	0.0351901884339295	0.472243685381031	0.0467698962408798	0.00721864201942424	-0.00884797365698953	0.247515025111121	0.261411061347046	-0.192262163898478	0.0453832940640789	-0.00240401633671875	-0.276025620550221	-0.290328272305059	-0.0548506097780853	-0.0494566555654927	-0.170896465362289	0.0922823749403678	-0.314444491062882	-0.00759398151166088	0.0135917301902989	0.282247828910173	-0.117783057343617	0.306256048860756	-0.336101719744043	0.271914991184284	0.252936707287499	0.236154715434212	-0.0294698841134301	-0.339989571659062	-0.306809749870746	-0.0662245443638454	-0.0413180059497502	0.151928963659615	-0.0920801655465614	0.236086269661357	-0.411401946720683	-0.109801739680452	0.135472370638389	-0.286902377941209	-0.39402838337119	-0.189862652026617	-0.139951596911772	-0.0917660385797187	-0.218066645840978	0.258650618949824	-0.284189321266346	-0.122811382892737	-0.267798027357543	-0.168752626315147	-0.29033557608432	0.130759678286624	-0.332930583734088	-0.0331559532884166	-0.333566906825538	-0.0167624941479212	-0.0591712326351226	-0.100052955970811	-0.196479905938059	-0.199736761636291	0.314113885085373	-0.33115585551511	0.0813129669560899	0.303866951787894	-0.352761315689667	0.12882761597603	0.120431898224441	0.117170028105556	0.291894894101551	-0.0306814899622707	0.150852892095015	-0.0980784827536228	0.208800735182118	0.374267740539825	-0.171314044141045	0.341837011782198	0.0359445312118994	0.140348507420977	0.1729054297804	-0.296689379764102	-0.37151295199405	-0.421037977047055	-0.363911360467137	-0.102007008012879	-0.0376156574327294	0.0647468668844028
"KEGG_CHEMOKINE_SIGNALING_PATHWAY"	0.00951164031113851	-0.127777487033215	-0.0471703024551027	-0.0400719431484168	0.0512344320974071	0.197130944796974	-0.297167898286918	-0.280069382657803	-0.163751467061309	-0.367824555037825	0.119303200182575	0.165010332315245	-0.233020169639017	-0.258506071147141	-0.036063037581697	-0.224485400454594	0.0342778206294555	0.172749284970346	-0.219311232225111	0.206615839279004	-0.12659951270665	0.0144296706195564	-0.205636556755112	0.0372711027527009	0.216174688465114	0.0297694500133415	-0.208304632954742	-0.241093059808232	-0.0569457946806356	0.178405223124938	0.157278205138838	-0.122812361596322	0.0111465021761024	-0.199244542911989	-0.00311331230438788	0.180475504882162	-0.02877386704569	-0.239045977246945	-0.194484928558473	-0.350229682779973	-0.37939655546281	-0.0502019303551302	-0.269761621844426	-0.0364388359492517	-0.215771913898104	0.122131883753256	0.0777539094831142	0.0397350431623302	0.00252130691566763	0.268067718816996	0.0980751046510688	-0.255893972611102	-0.0242429703586502	-0.0366444067036058	0.170300774156317	0.183665574988683	-0.32119264196439	-0.0140898698095032	0.138589601032591	-0.261140788568715	-0.222851304069117	-0.0489215349271224	0.00784948555616699	0.0811086926311058	-0.0931140980539017	-0.250137928145746	-0.236276214872681	-0.0450166568463324	0.11926807312877	-0.0314977487549846	-0.112552326760438	-0.203899903140236	-0.128997003531281	0.178176441552612	-0.0564310497116343	-0.228613894239525	-0.158511885626241	0.265536026714374	-0.359997761050643	-0.0338075870306522	-0.176922483094194	-0.330438878594704	0.322919455895593	-0.201805054358186	0.0786391200753096	-0.305030603347049	-0.301816952526017	-0.0125231040817869	0.126178930433022	-0.215476661599971	0.0570221020533474	-0.314577336451467	-0.195184913585927	-0.305071312313802	-0.0453810406821504	-0.053789596809937	0.147439111971167	-0.215815481830161	-0.244402444231758	-0.147927964497109	0.0689680554349715	0.0475196874014937	0.258848890711274	0.0541698296255703	-0.28760654913445	-0.0605766873219893	-0.270749687973362	0.0448347675520742	0.251649860725868	0.0120407148187857	0.0874821409848789	-0.0372512114149178	0.112717421431451	0.243078995330485	-0.263110831960636	0.139685939221449	-0.25722008997776	0.25562461532648	-0.14340550768152	-0.127936300980085	-0.0403098817930993	-0.206984378951085	-0.152629166676581	0.0045103815045085	0.244310410744856	0.0555052162849549	-0.133730692287794	-0.0607896886904758	-0.362460833268368	-0.197852897858653	-0.0946166026744381	0.129667618281328	0.304420037736351
"KEGG_CHRONIC_MYELOID_LEUKEMIA"	-0.0171997919766605	-0.314045876517648	0.00683281694763516	-0.0292722278089437	0.272412608000589	-0.0832760899782434	-0.291761862289108	-0.342825217284015	-0.307190534135944	-0.259627816216774	-0.20622141437985	-0.0320212000848223	-0.19508754778276	-0.386092514488415	-0.21834762257783	-0.0249139074227163	-0.20192172475226	-0.14778098281571	-0.417857909594851	-0.0518981245716236	-0.00315481088404235	-0.0402243866010719	-0.300071997163806	-0.135978330038141	0.101252453612726	-0.166781435831832	-0.318464148821788	0.119033666782059	-0.161854116088777	-0.132791082252502	-0.165594449070257	0.0329357099020341	-0.242274518903301	-0.258309782495417	-0.0370479375095562	0.000471705308560805	-0.205737348557528	-0.366349482634309	-0.24368421689458	-0.403471171976216	-0.225801651379076	-0.178345142759114	-0.292470577538282	-0.164273064671705	-0.287086126837341	0.00326267955709322	-0.0931947873355009	-0.0393859802044967	0.105491129063193	0.0884120732461523	0.21257422489931	-0.0975630489342472	-0.0992310627714344	-0.0107631149077617	-0.0349972858337298	0.221905918480008	-0.37516325845679	0.0209014307047935	0.141316100449237	-0.203306024446647	-0.0431848408821424	0.147065087692929	-0.189685447076066	-0.0114100840789478	0.0319579640534679	-0.210477677852129	-0.10643612761454	-0.182097507238319	0.314040990933186	0.0631127914577701	0.182126176016056	-0.18716124654187	0.0324324425966499	0.263768291782368	-0.139845218997333	0.118667694454952	-0.247761229105771	0.110361772447512	-0.358504815147269	0.175080280199307	0.297218203467609	0.0856600713326463	0.0708936073168392	0.00251116983769917	-0.123766594449967	-0.274428362061867	-0.225064009381607	-0.0953051807073419	0.125515500893127	-0.147418104989104	-0.000314123002797234	-0.252566285871606	-0.0811482036393301	-0.392058429711426	-0.190670781161837	-0.0723003271247334	-0.289156817811276	-0.145727629298034	-0.0497045344139753	-0.282359925311508	0.0195421115050022	-0.12955653690843	0.203461793443498	0.190611232287401	-0.260038789698586	0.173808220778499	0.173348460515312	-0.0103436294886314	-0.0719894532593124	0.310686840611563	0.229856535104675	-0.229550200317409	0.135173504488914	0.147545340748908	-0.275218322092406	0.367729706406655	-0.166678468383439	0.0292634181504074	-0.0541128205185926	-0.0535875115308053	0.0772305284688565	-0.175825920319221	0.275307065417232	0.215973202850538	0.22135194464278	0.00860861786656711	-0.274107311848278	-0.267484696101786	-0.373589555039477	-0.250051251742124	0.0665141927265043	0.168279873987905	0.0372725929443983
"KEGG_CIRCADIAN_RHYTHM_MAMMAL"	-0.184267963523604	-0.554347284096725	0.146761318395386	-0.312161519934427	0.29436961631797	-0.667132393759703	-0.140531691669021	-0.40623131168483	-0.0889327842603249	-0.550279195079949	-0.608707750500976	0.15562582735527	-0.251759607879301	-0.033755604115092	0.0418944270214095	0.461061066593388	-0.349637599131375	-0.112614695065385	-0.428530206433099	-0.678785576475245	-0.538327288775842	0.0124518496095721	0.157277082185769	-0.00580062113783758	-0.366151833313533	0.399692753324462	-0.659396897351279	0.502308148969138	0.320851421198775	0.19346224891688	-0.577641155087892	-0.210085876423976	-0.551508989591093	-0.355426614265905	-0.176618183938216	-0.209664055198058	-0.263029904987748	-0.199869454772276	-0.242307024159966	-0.418754108821115	0.143345916211441	-0.207233859863306	-0.498154115711783	0.413866752674103	0.384327592487355	-0.240864301232076	0.041563479438567	-0.00436746490285386	-0.232214170637467	-0.269172155819133	-0.448033634090238	0.366335246100732	0.0152547151442558	0.250185849165269	-0.0873632646545743	0.230810873610781	0.427662337354225	-0.0172682353030557	0.0420333411009673	-0.141838134818858	0.540383928050222	0.41900555671869	-0.168145223097944	-0.424834764475774	0.339183259840351	0.114765138261543	0.0661918039269326	-0.553557005446001	0.132467721175324	0.0425483631237813	0.449342027224629	-0.00267685776951873	0.216681885065017	-0.363092152565394	-0.451226166919013	0.620854320469732	-0.356948419250989	0.011365300250587	-0.0849406562013246	0.136530322016028	0.551666408999615	0.485721261132076	-0.475548426305291	0.569316969606836	-0.37030187405083	-0.0762780057488814	-0.272057416803075	0.596170866299336	0.168767395833404	-0.00346995989379714	0.363516460156409	0.36461331563197	-0.469354261816804	0.212354978180592	0.291307601547932	0.0109912333476774	-0.371614621303405	0.062597797990584	0.307727182525691	-0.451501596267794	-0.0799134122759401	-0.226611390255737	-0.261148368390618	0.312631917106862	0.0187800063773871	0.193739811383588	0.509397606435379	0.0786523291089352	0.0266400428578912	0.132231327995479	-0.0851284771614768	-0.482630440755433	0.389389418490223	-0.63512857191795	-0.381649114681633	0.0255986385803305	0.128166469558684	0.363451849238934	-0.0440320734285168	-0.375382357191995	-0.25550158248323	-0.324646672772026	0.459266502863578	-0.186567901514453	-0.293107441004311	0.306839368342021	0.0814648430049547	-0.094859554733944	0.401642533899416	-0.188176020566449	0.521922882571867	0.305492031396064	-0.372830804965421
"KEGG_CITRATE_CYCLE_TCA_CYCLE"	0.278717821484199	-0.307225173213624	0.0442607575533306	0.331395142820246	-0.459267173361938	0.0972074234480342	0.566779387051338	-0.388089533710863	0.0412594260753857	-0.0804254318359757	0.173820882162499	0.189483136386308	-0.0782946317890611	-0.466626327518615	-0.683488238638688	-0.572536066056331	-0.375638878233726	-0.567884396134774	-0.635571206276578	-0.342487648076311	-0.520037607224899	-0.240987299186457	0.177125671686227	-0.232802061426481	-0.0237728988050318	-0.314453885544973	0.0723862693664681	-0.505183553548577	-0.531740890599136	-0.501032962110618	0.279077306966982	0.281095733907118	-0.37833871982054	-0.372053024466771	0.101994136147854	-0.128853525950272	-0.496548280595461	0.191063962064901	0.0502047757254348	-0.497135934805768	-0.0680286355326406	-0.173885230501343	0.00546331477494238	-0.468612625541677	-0.114949126469714	-0.415878315729745	-0.334962570930576	-0.271247820528321	0.516001457991033	0.20398396178362	0.287490397667484	0.120390277444172	-0.254300072026858	-0.135595149318393	-0.426687173435565	-0.287384873311715	0.0513339089870332	0.222378328185891	-0.105143286667516	-0.385464923336814	-0.48848611193588	0.195744015154014	0.3384362858994	-0.332474438125051	-0.261715902519396	-0.380957763754993	0.553515302504343	0.0797312784611039	-0.115739632865353	0.461899622517625	0.283760699772704	0.45106735869147	0.424056968806488	0.235529540769137	0.0125835600625428	0.380922580802841	0.169857873642116	0.11585581921656	0.174607985003194	0.594846824338059	0.599120200464672	0.445644384044061	-0.320852460781023	0.0379226005424845	-0.628222054453324	0.649649534648293	-0.568182580431857	-0.544519728756233	-0.425452361242901	-0.106001603350826	0.0574087857975576	0.303702834529637	0.371188399700439	-0.216390404722005	-0.0907854340911304	-0.219538322619383	-0.344303220172749	0.460942385688588	0.458289773734088	-0.554482883362921	-0.0869360751446962	0.045317108836822	0.0588686738515004	-0.0859493791323944	-0.406252038181379	-0.333133640340675	0.266303285440394	0.266625964614832	-0.125309999615607	0.609948141754846	-0.0533483629859886	-0.416196245717063	0.373049080568773	0.232764611717028	-0.342394818180483	0.302612355898137	-0.326379041102745	0.386665599440155	0.401757532352608	0.15737981850864	-0.587673947585816	0.56361468734061	0.239542207732919	0.55939752763497	0.0620172177834714	0.195473845531708	-0.653360602296054	-0.263180104869432	-0.286056148860634	-0.419335647870135	0.364018384088479	-0.262680423524428	-0.615768765023891
"KEGG_COLORECTAL_CANCER"	0.0303966159141618	-0.166796018178664	-0.0445020662194283	-0.102254885171861	0.132023761418288	-0.146531405702178	-0.312354913620077	-0.288106429001714	-0.246676210550255	-0.298378162322711	-0.125469763728868	-0.0297586001793404	-0.182687309851005	-0.297667639093968	-0.327822963469456	-0.0560514755430734	-0.121601237015191	-0.113025772400111	-0.48111652949422	-0.0404214559924898	-0.0337068965806434	-0.105357776139477	-0.278232873056	0.0316690409437113	-0.038578692153973	-0.0340436687013047	-0.297772334137848	-0.0960031546720261	-0.0472944280224032	-0.0325762175242357	-0.0427513360575631	0.014083953061396	-0.31437651225114	0.0740512856043258	-0.0147576276317782	0.00204879868695956	-0.17290816985371	-0.0900314739237727	-0.0785168248882538	-0.352305026066963	-0.0786271806921665	0.09567308860078	-0.301667799435935	-0.157533837093628	-0.245394924478966	-0.221563142544111	-0.198882979474583	0.0802026423214247	-0.0860033439844921	0.0401311757793612	0.112238133671973	0.116536348338082	0.140185101465928	0.194920753767737	-0.204910060642122	0.071771474529133	-0.289312125542389	0.102612076891374	0.25873678956213	-0.268081207401179	0.0560518077831434	0.214159263552924	-0.193807022488582	-0.00774788059397336	0.123060756964481	-0.257659874621066	0.179351792841958	-0.255653091338256	0.261967476970343	0.21306725852547	0.125723622407975	0.0181261407849079	0.157623838104245	0.121603839927778	0.0134483408375345	0.16683526572704	-0.271377484056152	0.240987065389535	-0.335074770649028	0.0569701355084788	0.308050254397905	0.0278290495322289	-0.0459008820921706	-0.0514131027673178	0.122507547179991	-0.292905422188582	-0.349741835172663	-0.170557629971118	0.087560522984675	0.0102314972979571	-0.0862679179858267	-0.0974963539939039	-0.235825467623752	-0.187682885241001	-0.240733702543073	0.0246691878770715	-0.263505916909068	-0.143715690339121	-0.120293150360088	-0.0712576958585008	-0.0234708449251235	-0.11147085840209	0.0374014219709226	0.0831730975375814	-0.107810626702117	0.0415271256821496	0.119472572981155	0.201073794447505	0.0521120518908182	0.342666638827257	0.208121746273163	-0.173999214818511	0.233515889896452	0.224539330998795	-0.148118124527227	0.396385745011643	-0.00747885973361548	0.1012289117387	0.134528501657262	0.00724262561727479	0.0588304339755745	-0.352182119075085	0.231368633482649	-0.0137383291364517	0.342132405664116	0.184238829613398	-0.157131229013243	-0.36265690998472	-0.437503701015315	-0.31570095347387	0.269101942239911	0.00688680012946843	0.160645959862385
"KEGG_COMPLEMENT_AND_COAGULATION_CASCADES"	-0.0430891169293059	-0.456445225438442	-0.287329443330945	-0.323068882810154	-0.206854033709443	-0.17099713337311	-0.469166600896567	-0.483412892038449	-0.274545561922441	-0.0466795152394636	-0.319777221833712	-0.35750572847164	-0.547902143210731	-0.393284132260861	-0.450824124078198	-0.143562050985379	-0.295389986172292	-0.261543375810141	-0.151825516872306	-0.441453568320726	-0.510997384220542	-0.131285685453282	-0.367778217163546	-0.170209095019966	-0.35084001165702	-0.0265390709092055	-0.0569326046978797	-0.511067872590014	-0.287681974257738	-0.247574933901143	-0.237610848197122	-0.173426749182814	-0.131100962860293	-0.258029161704478	-0.047961985965827	-0.0302287197666035	-0.13033362800647	-0.361925187995281	-0.153845328135956	-0.392588364555255	-0.442936209628786	0.182569209967946	-0.152536701127079	-0.17155550179842	-0.158932646784999	-0.265857028657159	-0.306648575688109	-0.447223215501031	-0.421791752462327	-0.16630511742517	-0.377878812699796	-0.289185590375435	-0.180775999539294	-0.313530290973447	-0.372088088272537	-0.14693010286148	-0.414896516842064	-0.364784513099978	-0.11036557905016	-0.300518365771567	-0.443382720405458	-0.332643475646186	-0.50969360854121	-0.205323554208185	-0.355021155238495	-0.451043469573736	-0.541930784769018	-0.149647324186843	-0.313458071884162	-0.107110958732514	-0.537199344464508	-0.403182044323972	-0.206949495998428	-0.0537311391399709	-0.256400545657322	-0.302866771993912	-0.0964513680567389	-0.0195929747131005	-0.159530108433697	-0.0887856083961599	-0.566295352996469	-0.520740195762764	-0.205562198098762	-0.342947585535013	-0.318879853942562	-0.402724343058896	-0.316273603859802	-0.360944224845688	0.110442114795202	-0.222381999915616	-0.124410733046787	-0.348850085770622	-0.34355992354792	-0.325658790622962	-0.036205005497731	0.157464940489559	-0.0157506371526633	-0.347122007172236	-0.410299085577388	-0.241445200229591	-0.210143840315186	-0.0720516227164683	-0.178091237379669	-0.144671659235519	-0.216890539097079	-0.473319311536784	-0.480553690428333	-0.200721784581751	-0.289638546127205	-0.209422154722233	-0.146520516688382	-0.291928057567548	-0.309702034599274	-0.137557093619638	-0.299900686510073	-0.180367576246054	-0.182652548789561	-0.37711358422158	-0.310483176702015	-0.25579634915331	-0.479711927966199	-0.179990553170381	-0.344273261520649	-0.0891656202708055	-0.262499300521083	0.0492841898985962	-0.464333696123762	-0.274194797278124	-0.452906945251789	-0.148993671645024	-0.32374160782511	-0.276934911810928	-0.454888274078601
"KEGG_CYSTEINE_AND_METHIONINE_METABOLISM"	-0.126465207655226	-0.211130605235662	0.27396770743382	0.16235256035046	-0.0498584204555768	0.101980012890886	-0.0303091975191194	-0.215441958677033	-0.20254700228809	-0.277569599807739	-0.169736360409672	0.021083871077168	-0.17898540821281	-0.420314657945624	-0.420449381710809	-0.0878587144868572	-0.0859774381892508	-0.207658200237173	-0.286261218605708	-0.233390609096711	-0.253865580765386	0.0977955459403713	-0.0633762677579916	-0.0100699257630406	-0.0865703118965469	-0.0159044343924234	-0.166078412974266	-0.280024206517329	-0.0477054616990732	-0.283487952091494	-0.0960890320439321	-0.299024286384487	-0.373370564034657	-0.165120570068492	0.0480667373326292	-0.156957617634068	0.013438224638636	-0.0435757356928078	0.0629380345556911	-0.286257923433243	-0.0364488449596699	-0.0903369850525472	0.041771793908797	-0.163104507731279	-0.0990933070504462	-0.130162602144648	-0.391384658629195	-0.256578578719181	-0.099730126920597	0.21386547115531	0.230937553612534	-0.00835445085026262	-0.0105725530304384	-0.275655634981562	-0.306501364056983	-0.0597959960572019	-0.162807365588917	-0.025527750657407	-0.172205395868572	-0.11006970322776	-0.126206664646918	-0.10346972817871	-0.143877055271499	-0.141122023528581	-0.154694848964189	-0.0993479263298285	-0.131372672587637	0.0717733293575813	-0.0866449265908865	0.342965832227953	0.243008005684705	0.0134728079225441	-0.0655042421518049	-0.00494095091162136	-0.170078069837013	0.115830674227053	-0.0571347789115805	0.154447381135121	-0.0988521914025625	0.00919876364446234	0.136192254769889	-0.0675061415866074	-0.136798665910001	0.315275333848519	-0.11868365314258	0.185154031643514	-0.05860137798924	-0.299003531040625	-0.318924095148923	-0.16736777775471	0.160022599347557	-0.0793088576521222	0.161637225271445	-0.0999609289305785	0.21443928481212	0.047480948667123	-0.431944234680799	0.223547252222632	-0.0864975920994183	-0.0658326018730029	-0.144613691052309	-0.15224514732076	-0.223278235607026	-0.286477124518079	-0.154733629532545	-0.30999080272382	-0.106519701969881	0.171719315831261	-0.103081694435125	0.242923927077943	0.402675955811093	-0.404929948044367	-0.0179694844960303	0.167504523303392	-0.11020847566035	0.150212584800955	-0.104254736405782	-0.000148798631490948	-0.243095440713843	-0.140778855545776	-0.190331557533632	0.250511759098958	-0.0834975379382273	0.294806614255037	-0.202683348353603	0.110424930577948	-0.512866472374727	-0.14626173132735	-0.119261264523058	-0.168395057092395	-0.0219899771839505	-0.201314547897381	-0.426050129123968
"KEGG_CYTOKINE_CYTOKINE_RECEPTOR_INTERACTION"	0.0106645655436895	-0.223806437964944	-0.110440585030245	-0.182107363438892	-0.129229240827473	0.166607473571884	-0.222688189816954	-0.0139930219667699	-0.197607699680853	-0.0874202774541019	-0.0131138566234938	0.0424195568450416	-0.218091298453359	-0.254008391381187	0.00677443192083757	-0.062242009135852	0.0744086082507326	0.0744702323035476	-0.0431452316074337	0.154512755599152	-0.200964786546659	-0.115271248843964	-0.0234115583096742	0.036666097641346	0.0611820008353626	0.00768444205720886	-0.231070622765946	-0.131850550753174	-0.0530992362884585	0.074877457958037	0.124663684926283	-0.169841168360864	0.0664656920835416	-0.101214367863111	-0.0300394351402923	0.173506666789747	0.0146060118810351	-0.323077128333324	-0.101424761263206	-0.254899787185732	-0.298914641256022	-0.0368656708353035	-0.0890608885296288	0.173838900768397	-0.0707858362459822	-0.0129990183789303	0.0602657142680004	-0.161095987783945	-0.101046604497214	-0.0299617018758848	-0.111813682337566	-0.248295439216532	0.0183518098243261	-0.216859425729765	-0.0368504440833566	0.129027617538496	-0.131810324996484	-0.183633078261158	0.0480659288150488	-0.0477614871561819	-0.235640691452312	-0.177849610395973	-0.0100611059064496	0.108208755609939	-0.254974448572458	-0.1016606758859	-0.391367361602298	0.0265562628847398	-0.0899367661429445	-0.119008075759388	-0.212479279075052	-0.330898152369274	-0.267859921669605	0.119652324184343	-0.0789575363234883	-0.254950927893116	-0.232011241241532	0.245202885687155	-0.111339582728664	0.0429365307135416	-0.382822671670513	-0.346578461479902	0.154475174645652	-0.0260000924849203	0.179967253093953	-0.325945014838303	-0.159995362874513	0.117206190556002	0.09460056804872	-0.184412556102843	0.103845033714927	-0.17381272147161	-0.341467251937079	-0.1371961439372	-0.0646175966853142	-0.12949528695365	0.272630388675015	-0.133955768262652	-0.154007452579696	-0.0691509522405163	0.0225554451347421	0.106697157078132	0.0773870831799929	0.086660507492841	-0.0582169173960311	-0.245930071633086	-0.316550168895246	-0.150789084991178	0.165998640640693	-0.033981275507481	0.100401406671257	-0.107481043710141	-0.0762478180289329	0.0205355391277985	-0.289840954013606	-0.0450072391761798	-0.0715693122920592	-0.0965929638607862	-0.120910470313718	-0.176886565445042	-0.136590663695429	-0.0801291485403742	-0.330815777613401	-0.174254868597428	-0.0687913521111098	-0.0596308214524346	-0.0681477677220696	0.125447734156188	-0.156849340463859	0.0833654815907572	-0.187016124425383	0.0584573851490606	0.0762435008766136
"KEGG_CYTOSOLIC_DNA_SENSING_PATHWAY"	-0.280263165499757	-0.283090745373147	-0.254811005500723	-0.249735238099163	0.12513096079674	0.279127242223497	-0.253302301006074	0.129200255862838	-0.217037020444766	-0.180530035581471	-0.0623632836601316	0.0769480538968599	-0.198579945617254	-0.0692627182706508	0.11660617046003	-0.146859679157075	0.00110513528395903	0.0347980077853888	-0.209942047819145	0.234836761651029	-0.0553130777816389	-0.105787043073757	-0.242301222582851	-0.0627728708697097	0.0708143220520708	-0.117285972196245	-0.260741898959733	-0.16078252299803	0.122624656267177	0.0426137028650277	0.0551705381370204	-0.0810043130268305	-0.091681200719115	-0.13814957633384	-0.192112151046287	0.045275956569121	0.0843329983720966	-0.183529951481252	-0.282290784493932	-0.239283484615111	-0.301082291742385	-0.369233677305201	0.198253967184292	-0.0661325385677725	-0.388486447501889	-0.0398790023768575	-0.0280367492212341	-0.330516937527948	0.297179484204257	0.0431854719207296	0.309903138407012	-0.0842582013615736	-0.232615515656883	-0.283576195114527	0.194274891194651	0.0308830165098087	0.0232173201506593	-0.0732642335929071	0.170362841213638	-0.317171421599067	-0.219442843349846	0.0619973835868115	-0.115752719706312	-0.0368115913237795	0.192015161484733	-0.112020264081865	-0.052343826029768	0.332434888196289	-0.0734577458388884	-0.316555147599788	0.0197351715858429	-0.135930241759928	-0.149782380201869	0.133730203485869	-0.121385028324264	0.0438102686168799	0.00242763668421309	0.0449316169500416	-0.283535383109116	0.16646335436605	-0.0660810366209074	-0.11067084175643	0.192773838135917	-0.0349748399316689	-0.0429506516581203	-0.183612768496116	-0.0554529457052117	0.0429152141508019	-0.020581315919547	-0.179060461404388	-0.12107297188979	0.065686375016629	-0.0731021709725835	-0.392417253058713	0.244620664208464	-0.163355694835553	0.0667190578249791	0.193349382557694	0.103528837016966	-0.262629246933204	-0.352023143760665	-0.0860204014959755	0.0868877805909544	-0.00687340602042324	-0.237310426405693	-0.0853017679833469	-0.0676963621774843	-0.250982176905896	-0.278672108250134	-0.086647169792382	-0.0162510870385132	-0.0915048220468157	0.148530424294395	0.160885663637798	-0.246141962956802	0.313566633032151	-0.28854420668078	-0.0878089241381743	-0.235661300484812	-0.193114027803938	0.102336490958967	0.108643715536318	0.0715833336532801	-0.0944193929686875	-0.0440569607256394	-0.156606201042956	-0.23219214661027	0.0340339235757969	0.100963416916422	-0.120803430199823	-0.21846129018335	0.18608300632314	0.0892035023722407
"KEGG_DILATED_CARDIOMYOPATHY"	-0.109241976533988	-0.068639759973127	-0.247500779149486	0.0245844820156339	0.0524994260686936	-0.168942538458762	-0.382610552615083	-0.357535164767408	-0.19737693099032	-0.137264294313128	0.107852069490753	-0.272449237138387	-0.175982957581495	0.197625159789237	-0.135066712479616	0.137592680591393	0.113965501784167	0.134627967537097	-0.0532972215263217	-0.242400859074634	-0.0822255323781744	-0.278775406646742	-0.286449161713891	-0.155812799898144	-0.234529196324707	0.0299398590570878	-0.222499723428087	-0.0227126126143401	-0.0929630511040762	0.159983355912929	-0.30513957294946	0.116126756713707	-0.212935390883584	-0.0709162003877559	-0.0925632432612385	-0.168533574656532	-0.0104681531935457	-0.158277885061567	-0.0824199038593649	-0.1766412972125	-0.250997090078841	-0.187647743378448	-0.41282242053731	-0.174496609760218	-0.0713209261467044	-0.200738460764559	-0.0588974931108967	0.288424002561724	-0.43883427252638	-0.331732702224412	-0.281282458466951	-0.255898755011347	-0.238560163233871	0.0713589493839195	-0.309345715310781	0.197833576525436	-0.0687146682513035	-0.0786202004265195	-0.0953129721124393	-0.066963373757043	-0.0975988132947743	0.0337032505753364	-0.358703683668966	0.106986673146698	-0.113942571192704	0.0666623271201342	-0.166750637686904	-0.400181474978117	0.0590221941223536	-0.12312001637678	-0.0936645803501054	-0.229323006673234	-0.328879284574507	-0.147232295542924	0.223462598135381	-0.203910156582364	-0.120250779588634	0.186653246239723	0.019471523794892	-0.331395789389234	-0.273709508257869	-0.375975548239268	-0.0526032964445184	-0.110594491649132	-0.206710279841914	-0.452419745019445	-0.189828792938484	0.244522405366953	0.168433881662313	-0.362266985270138	-0.173527679534832	-0.19813740012205	-0.400358948163526	-0.173460587494225	0.074241333927737	0.0791500203681134	0.0498349689283095	-0.238353034139058	-0.189775098912219	-0.201787566854727	0.0868760504685637	0.294691811068735	0.034637221673789	0.193341306329588	-0.257848812516707	0.0657927422641983	-0.0981257949793498	-0.212848016466152	0.281688716907997	-0.16943075355078	-0.225415422537207	-0.250242848739763	-0.250842529774398	0.0295655942248143	-0.27275332126413	-0.0997757090239114	-0.189683628119371	-0.119881096668066	-0.0551947769949414	0.0890532062686633	-0.431719985289303	-0.242523692206134	-0.154151536332933	-0.220594645121065	0.171835358396817	-0.0877610953458343	0.0113370812208836	0.0415315674353453	-0.45575193866307	-0.000849905633876602	0.0581224291742893	-0.0172882664922729	-0.208614749914058
"KEGG_DNA_REPLICATION"	-0.105008407850975	-0.488132341207967	0.230999669586524	-0.32000652898868	-0.169316196235649	-0.00309921665933044	-0.123546988160073	0.301261037049748	-0.264134751212648	-0.298907120727954	-0.413251302320186	-0.324716480812932	-0.0473306668340215	-0.388960028162956	-0.280902580107052	-0.534085859670949	0.252210759973434	-0.26168826714619	-0.478421807994526	-0.0684776957118175	0.299746585413855	-0.0442535492975579	-0.0888557732666177	0.515250793074451	0.358293630725103	-0.423332088455349	-0.184733254579603	-0.00895588699927985	-0.0163448922633996	-0.134325026421831	-0.0245345277791611	-0.108156079574779	-0.291338035992616	-0.126387574378954	0.038865940958699	-0.342794815212125	0.193128602315066	0.0598185616459964	-0.34734808438394	-0.283720128133415	0.199545572035906	0.190713523155859	0.25486178232055	-0.607642186459275	-0.516680408384164	0.439726894096817	-0.390879865175404	-0.444707510567745	0.0622861726342703	-0.0150509359748154	0.643713935039747	-0.201679356579806	-0.221007409668942	0.108261129009219	0.389114995692816	0.319302426611422	-0.196682008162893	0.104510228182302	0.116463107955846	-0.364024140752525	-0.134496546102857	0.0872298015684824	0.220188716407209	-0.0756763976780872	-0.29746496575224	-0.0303625749985768	-0.100327045720648	-0.157039263358893	0.456354360526966	-0.148868916585433	0.520018817022753	-0.0985584527722602	0.343809587763848	0.287425115139135	0.317514442465653	-0.207070366846427	-0.26677149411535	-0.48324115384584	0.124443374140565	-0.278112491003404	0.0429745121551384	0.0911917602768785	0.383700875704961	-0.498470249315635	-0.31561398521184	0.328878733739855	-0.0663825669484131	-0.350271610922537	-0.271546105095751	-0.209992241791119	-0.164299024300544	-0.323026549184728	0.246605305236481	-0.352332891594975	0.180554392674235	-0.555957872688009	0.2169268324017	-0.150594229411763	0.280706829831694	-0.498404993368171	-0.043497651392514	-0.55763252306309	0.162401010160602	-0.073029568738756	0.036537431004122	-0.314833106448839	-0.174763195922379	0.322669868817997	-0.588019496772058	0.171454672825614	0.364573391449005	-0.340582680352935	0.500987770608225	0.0598051235507554	0.124287044332053	0.278971287894129	0.172302980035171	0.142726516362188	-0.265744933669329	0.425915224845668	0.295290169412917	0.0139385614128589	0.277048148155113	-0.0811233736605461	-0.071224577273597	0.173499053709077	-0.358701163328778	-0.493826498522644	-0.437080056327469	-0.0757601552786506	0.145918224579747	-0.0598382719925182	-0.0973772317082595
"KEGG_DORSO_VENTRAL_AXIS_FORMATION"	-0.339381642781785	-0.351163392982133	-0.190517014610146	-0.196239848225023	0.232638506353832	-0.359467827767929	-0.496220356354588	-0.492712865581507	-0.317769332426103	-0.349850253217732	-0.35569144945304	-0.141821494550634	-0.303813914843812	-0.300751737842318	-0.468044364591837	-0.141515768601013	0.00247770043764933	-0.422154624497169	-0.48508292520878	-0.535327548786338	-0.371239637712556	-0.293062532008527	-0.348916630356057	-0.00269697715769127	-0.368086167109774	-0.15367978165087	-0.0980123567080226	-0.235010155160754	0.058187575666369	0.0199309193985938	-0.301035905936573	-0.0570782359615792	-0.561745639636882	-0.328142150267048	-0.253123932065065	-0.339963396312765	-0.378252721948535	-0.297216965888779	-0.423377582671582	-0.63664953782956	-0.502393248030182	-0.301381209761945	-0.15653033145785	-0.0500582258393266	-0.420813598210535	-0.327496976163021	-0.165636005492351	-0.276413960432976	-0.14654661626749	-0.40133358181694	-0.41778086700247	-0.29065890595953	-0.30681487516157	-0.0739390911363327	-0.500425429769032	0.00607249667852805	0.0636483389011309	-0.0964864324725683	-0.43619850669302	-0.148158151122031	-0.135374327860275	-0.229985657247724	-0.409188300422167	-0.273386907592354	-0.145173247915652	-0.467334966496614	-0.35995682367901	-0.420040851396012	-0.060464787338593	-0.138059621335112	-0.064836488817975	-0.352917930768439	-0.48455328296801	-0.308553402425116	-0.412648403137279	-0.307906389547038	-0.366598078212583	0.0471203182446115	-0.304114197038905	-0.314940027536594	0.0232213833564506	-0.418374005673326	-0.134748003043447	-0.0815717671720509	-0.451488532722683	-0.390789795946457	-0.529626776231318	-0.236699286542413	-0.139603544043106	-0.34400508314372	-0.332087549259958	-0.136306594574565	-0.422445296754972	-0.508433085119563	-0.0850168870572953	-0.144442060619274	-0.347403165667373	-0.257991429752695	-0.0549546095803482	-0.331805171217286	-0.239678201654625	-0.334437465902836	-0.323030091497377	-0.167611224643898	-0.249119360127692	-0.188550262586201	-0.0774059207374515	-0.113945858129989	-0.418278498688426	-0.0174805710986475	-0.295691828641024	-0.216864780121828	-0.0652805037136307	-0.285772818467988	-0.507254029035579	-0.0811068381925169	-0.119509242922469	-0.0720021200534656	-0.126874107575489	-0.426444877644574	-0.504733347183092	-0.563065069912673	0.20365555635879	-0.269793926869378	-0.0626328600574029	-0.238282039474066	-0.200544249163693	-0.211079543978857	-0.201784301792864	-0.361757932866257	0.0896648395510831	-0.105087722730196	-0.0190964458233629
"KEGG_DRUG_METABOLISM_CYTOCHROME_P450"	0.21112296598952	0.030567756204908	0.0864372933027562	-0.0950025957178051	-0.25086371735915	-0.120761989330315	0.0482118412869633	-0.0870911085035543	0.209550423441322	0.0938265041410221	-0.223208028445575	-0.14269172789379	0.0834040305953332	-0.149551903178463	-0.400157021098147	-0.331427038533624	-0.106986463208149	-0.236692190418266	0.0162812260251472	-0.369424561393825	-0.512538064690461	-0.14756291200924	0.0537880713647661	-0.159070708377786	-0.430072934584494	0.0873179336287039	0.0841896194623465	-0.338317839466821	-0.254387635766858	-0.22901031306064	-0.0819979843264333	-0.138284679841579	0.0599317610725416	0.0845004878514971	-0.0104292961774379	0.00184935202797004	-0.432902883828296	0.137388911122558	0.0273289754332949	-0.0212625195500157	0.00630994844886387	-0.00910789338616266	-0.127469797802153	-0.15703585601845	0.0432100890593618	-0.439612823174091	-0.26012036024017	-0.345336812642223	0.13675209984365	-0.260127557418674	-0.534077225384135	-0.101430957216103	-0.197533031436107	-0.152280706327127	-0.324518163721063	-0.19149248828146	0.050752815540558	0.105667468485311	-0.25216978446098	-0.325592915996665	-0.349793659924589	-0.071041242985999	-0.145158105652511	-0.291452312117394	-0.193936719216675	-0.287860604934512	-0.385140321625097	-0.130250291090362	-0.515053065248893	-0.0264024212109158	-0.530313898290662	0.0483069701781869	0.17134111382659	-0.242919165835988	-0.25376622558598	-0.0547949671214358	0.0127209971374	-0.0334116581676936	-0.0398221632541596	0.0863286128380235	-0.0469997319135604	0.0735525348068685	-0.265873475174056	-0.0352345188079294	-0.342909563731201	-0.019645956590578	-0.0515094898290857	-0.305101296120869	-0.156920213546615	0.165222619894887	-0.0644038800197797	-0.0858409694749598	0.232702111892283	0.185341767147742	0.0746303935749006	0.0797482869528449	0.0234539454003259	0.0915824629342229	-0.00364222750587756	-0.192282036439997	-0.0896864405875726	-0.158633988819232	-0.213286109578736	-0.168301849613129	-0.087571633947358	-0.374098036226246	-0.209538321474044	-0.270017619173482	0.225216141668997	-0.0400696773449798	-0.310520163373916	0.129421540339391	-0.237465350648031	-0.153056597660618	-0.292519753542728	-0.366158483735927	0.0118738825691841	-0.194091998570709	0.0777333786244221	-0.255171566045085	-0.510934901021905	0.0992478187371866	-0.332589990151833	0.0301309711197565	-0.221065635953224	-0.156683021349342	-0.326270747764647	-0.0541196595516517	-0.0354530254173676	0.0146999001095435	-0.0820574139660644	-0.155575431960658	-0.472497069049357
"KEGG_DRUG_METABOLISM_OTHER_ENZYMES"	0.219709190368011	-0.278121390684678	0.354513176529445	-0.243867008363881	-0.30949181388314	0.104031934286117	-0.0432873880518942	-0.0192377241556964	-0.0804249098858744	0.0137366675961136	-0.0105421973181092	-0.160943190086572	0.289661947721991	0.005783513240458	-0.188595329092638	-0.217108184798341	0.0207860906354856	0.0867317467030481	-0.315500467501975	-0.197638406113071	-0.388164722629809	-0.180498178266393	0.145157095648334	-0.0935253851042732	-0.252141066759774	0.153472027682555	-0.0863985196937765	-0.24743089965737	-0.272024857893812	-0.347507644481699	-0.112848177081865	-0.238758900125782	0.00848573797486302	-0.104313397395592	-0.043134646795054	-0.162991077807181	-0.222468531703758	-0.180392125260858	0.0320570212831874	-0.192969006523136	-0.257025252314293	0.054696255031797	0.139127524250897	-0.0551380052890322	0.0340641903757607	0.0831090143128798	-0.231367128771885	-0.53240042244259	-0.183059411958626	0.0144646325254298	-0.154176425773125	-0.0479352280994239	-0.227920936906151	-0.244062737826664	-0.314146156044395	0.0430306217514557	0.0249197282501633	-0.0455028557213553	-0.300487748972914	-0.214008260681659	-0.173582465495517	0.124584201578778	-0.114621903908039	-0.125362300720524	-0.395678209051759	-0.179433315377107	-0.324336738828984	0.15060775122125	-0.246982691667116	-0.0715879487787746	-0.383991307582762	0.0179022020427445	0.042210152476776	-0.198402479929068	-0.183158843622299	0.113750799321551	-0.0121174644482741	-0.240548096650201	0.162615929342073	-0.0127426581745416	-0.0393375262144657	-0.0431158784733378	-0.0185458745640899	-0.108890644228828	-0.302720473287075	0.0982059897162198	0.00137913482927887	-0.175225011398753	-0.175169852299514	0.169464569403119	0.195409799253341	0.0735663875751595	0.118985252380103	0.117153030392692	-0.0451378405354409	-0.0365579858233618	-0.0363582043243243	0.11319063400626	0.0594691562527268	-0.309392373057972	-0.0579732430788119	-0.255741797396492	-0.0649143101055467	-0.0122715615170156	-0.0915634575982573	-0.122522155676661	-0.0912858505088201	-0.0257847039222397	0.0502422630058299	-0.0846614627054016	0.086267903422368	-0.0837783552106184	-0.117740742342645	-0.043550799180908	-0.178796027461451	-0.241991536809882	0.0198548132385963	-0.205536543871069	0.0356055203491086	-0.285124726510426	-0.388863692688724	0.00926485457208337	-0.200807564047751	0.211746962778804	-0.426514642740356	-0.145643063685811	-0.320387122133407	-0.0181240640462014	0.0974395207614484	0.0620632574153445	-0.243325587216183	-0.189188762401805	-0.353661464998915
"KEGG_ECM_RECEPTOR_INTERACTION"	-0.335311208280568	-0.179811867948849	-0.36866189802187	-0.0585125166624011	0.0345635408723875	-0.273033856105838	-0.539972017149698	-0.362379789438331	-0.207685312086748	-0.177175804886892	-0.136051682128613	-0.513034565515462	-0.360278287851497	-0.132389202697367	-0.230485382945132	0.00239277077282432	-0.208380299387985	-0.156954711384093	-0.167374084505041	-0.0991576823890883	-0.0866218210973115	-0.310672234972335	-0.43883091899841	-0.0511620680353698	-0.417629575639416	-0.0817776380712265	-0.370229199006141	0.0631148045101042	-0.302034543314572	-0.0499258899149237	-0.395615139072395	0.0469027131794992	-0.335892434057774	-0.213480310345406	-0.236623102532568	-0.414724415029135	-0.0276293180050416	-0.122671864142327	-0.0620630527986401	0.0666164182333205	-0.251522346019716	-0.121747881953561	-0.394676857080638	-0.223805233085481	-0.413596719080874	-0.260580104821793	-0.384614910246847	-0.0603838916466473	-0.447660102718314	-0.329181992068767	-0.283109164730342	-0.287757031406481	-0.308413716826027	-0.191425987597763	-0.397124836265565	0.138485929583927	-0.218556935813225	-0.360535677257745	-0.174247742193583	0.0123848913251322	-0.195532490993701	-0.193155604583849	-0.483376072414292	0.0551453396001673	-0.34187322178014	-0.0909395437055463	-0.386361300472525	-0.457645198259478	0.0891500062173869	-0.197551316714318	-0.0790776992519076	-0.446117675593461	-0.315300310250988	-0.0720907281006765	0.184788118801725	-0.262812562930666	-0.142872662603593	-0.104949678620887	0.161824732633841	-0.369349851880671	-0.367419946984138	-0.380198026047726	-0.0793028004394586	-0.0944053786950661	-0.435565395259555	-0.386733468303482	-0.300792763591304	-0.216279886718264	0.0465944835411334	-0.401321023555158	-0.216966304661296	-0.409712207565267	-0.494982063574206	-0.109247572593081	-0.27406478482224	-0.148644463384543	-0.320741718205414	-0.259736530721297	-0.330351899443898	-0.387852056607408	0.0817095473161819	-0.0232697409354687	0.200707918869718	0.125865659532409	-0.37471874527637	-0.285728216163885	-0.291151627500291	-0.253068802659845	-0.0230139425132623	-0.279602225094349	-0.406208910466911	-0.432737864100812	-0.385468639394887	-0.26447245744603	-0.414034976691826	0.0528004714605698	-0.365957140223104	-0.134238833269515	-0.141567797774802	-0.231533977382622	-0.412935012715222	-0.246195005208705	0.015769626799488	-0.303046255956605	-0.179786127587289	-0.358335867573868	-0.0939292018373652	-0.300870400685106	-0.565111967796273	-0.124985494029053	-0.210677090492858	0.00136220869133363	-0.384757294737687
"KEGG_ENDOCYTOSIS"	-0.249100766078657	-0.295261598465616	-0.103769028113638	-0.138035450167703	0.0242244929127007	-0.15400555051107	-0.281637582668128	-0.35046580646476	-0.369455872823357	-0.215429834488148	-0.168692625583583	-0.260217566366237	-0.32091889089668	-0.192585539914021	-0.263397901873962	-0.112998981740826	-0.356603676962517	-0.163892795051975	-0.266098626849347	-0.134965597804488	0.0399197175743397	-0.195253286882168	-0.327199742690398	-0.227344573386929	-0.0518398476091719	-0.221896316075354	-0.237710208658918	-0.131002849139637	-0.1708003087672	-0.23690345958995	-0.237047620237525	-0.216004408720918	-0.230590424160345	-0.347578593582386	-0.135392647201333	-0.0243137820711516	-0.269666651779527	-0.234830003293494	-0.264069523112614	-0.369284654487303	-0.203789444101716	-0.0213395399463506	-0.321715013467742	-0.170902950013712	-0.267892076374708	-0.223785888588744	-0.23727056213491	-0.129811943325172	-0.0477385124096184	0.0736052770680347	0.0280776087208755	-0.196752042332828	-0.236292718293547	-0.154147861304985	-0.164452426627514	-0.0651835122271425	-0.253669197950876	-0.01962622225059	-0.129326145871208	-0.3133449649726	-0.0712450583138866	0.096834805835797	-0.0580740462718864	-0.190019365228256	0.104590246102096	-0.203307918722631	0.0415457907139825	-0.259377443701698	0.000515973586328017	-0.0565420751165097	-0.0974393041908957	-0.0485282826518856	-0.0811001073401834	-0.0705707532791407	-0.057121355337373	-0.0523885192621695	-0.165311280678953	-0.0392282006346383	-0.220810376795356	-0.10712414140347	-0.00920955069668863	-0.0934455375539856	-0.0948469192602399	-0.185886049346881	-0.232798639134749	-0.127670880416118	-0.355654465332924	-0.168135736979807	-0.192899049416335	-0.0868772438729589	0.00396250361448613	-0.317753963168206	-0.0706718064003974	-0.185591017076388	-0.243540248147818	0.0862530888127732	-0.284761004433149	-0.10334978358205	-0.0537311782002954	-0.358077842651263	-0.308186634215347	-0.166886027276458	0.0476317953979448	-0.112294691701066	-0.382156858965904	0.0326551046932629	-0.071952043480311	-0.183729142327884	-0.108116577551152	0.01611650904542	-0.157388796631031	-0.216522498631371	0.0831692019534092	0.0568295748654098	-0.25788736625765	0.0726324375326289	-0.35877491834414	0.0915919931239076	-0.0723277436044731	-0.0712350407022588	-0.240554659454277	-0.1782852672148	0.042835177665288	-0.0431976701051414	0.039176963662932	-0.0580127859101589	-0.276852087300748	-0.281496042682238	-0.30825491897322	-0.273339032865731	0.00450616377610968	-0.0713835675389561	-0.147755380063412
"KEGG_ENDOMETRIAL_CANCER"	0.0177268269528423	-0.0941804718792772	-0.0807333352087442	-0.0462221375536218	0.220332910158155	-0.242719289457731	-0.382994458153772	-0.383617186533302	-0.12019255234094	-0.27052292707153	-0.13585836448901	0.00946413795707968	-0.0722731899311913	-0.339492531228242	-0.287413353248357	-0.0159818112191528	-0.0898798211581118	-0.200380494699381	-0.514029112253538	-0.30929602640332	-0.0937297593250374	-0.176254085013185	-0.133704667947596	-0.261427937646936	-0.0914443189374641	-0.0105582137037951	-0.14200355631988	0.186333287968577	-0.0941637760049256	-0.1211751511837	-0.347005384506071	-0.126913320846913	-0.269340481581308	-0.0281854905041175	-0.0209320033511843	-0.109029324130357	-0.29709420542027	-0.326077354367189	-0.246323974626744	-0.370992653029803	-0.0673037215543864	-0.100383182294911	-0.395722001757137	-0.221905967725865	-0.277876891842	-0.298376752470989	-0.203054478064631	0.0219870462393725	0.108177578968333	-0.0541062785356657	-0.0552613657841166	0.143694607851869	-0.135412109136006	-0.0117986352702692	-0.214083178072611	0.11548027196318	-0.20802544566477	0.131685829590132	0.0259818915183936	-0.179904082625374	0.0667386000335261	0.244470529096722	-0.181632765238052	-0.0973429893137982	0.0119682051561293	-0.131218132755288	0.106291817144923	-0.329239819555153	0.0888272680637656	0.191901738319187	-0.00734651927976487	0.0631678862396921	0.139020705074023	-0.0921543035500072	-0.210738773530466	0.184139656480325	-0.0469451627798088	0.0658622732639276	-0.392494443170257	0.0958565797047368	0.327857493665068	-0.0386311484886837	-0.240836434963307	0.0235043884948222	0.0515876061072877	-0.129276949493709	-0.180883126706447	-0.155234456149157	0.0970284780946046	-0.0609425137756425	-0.0225127285172843	-0.0238475345662667	-0.154248988174921	-0.0563044884235837	-0.123225700764751	0.0235988423360958	-0.29086398056674	0.161297504449987	-0.107719274513543	-0.17395828825027	-0.15636590049895	-0.181021834773787	-0.0490054549573353	0.0956682835227276	-0.316053802878481	0.222061428771676	0.341564193801973	0.0544409709794437	-0.095180687473788	0.205278673495206	0.0399131257415877	-0.150441413805277	0.156705398517145	0.0704163458960264	-0.238681575782827	0.13363812341767	-0.169959788620864	0.0952377897535778	0.145369035957473	0.0322685986965069	-0.0899921229835495	-0.262096464702331	0.213315537104805	-0.100144391445313	0.155357049459818	-0.0614486051123857	-0.291260732681543	-0.284277579721331	-0.303015640750023	-0.400675112821313	0.267933931705198	0.0835323717628278	0.054210434773964
"KEGG_EPITHELIAL_CELL_SIGNALING_IN_HELICOBACTER_PYLORI_INFECTION"	-0.284707299059383	-0.204141998480593	0.136863515554669	-0.179041150900848	0.0438322105505713	-0.0263039155670817	-0.144463355272746	-0.503338901938015	-0.384180617370372	-0.409416704632269	-0.324619420543027	-0.025131668645265	-0.382866937207138	-0.3691290658455	-0.421359615917431	-0.384887453999678	-0.273755465231873	-0.323397897021212	-0.506960763927977	-0.018139290801325	-0.148688489199492	-0.0943767881378685	-0.243850052501388	-0.196114316343713	-0.0396970439839077	-0.0435815342412665	-0.266080317380371	-0.283465430808539	-0.245355134945171	-0.311513032684006	-0.127763457143443	-0.0747858356130196	-0.284485503971612	-0.252188843212368	-0.0412843254173164	-0.0107116419894147	-0.207446559956698	-0.32775137280312	-0.20573245019143	-0.486192381794566	0.0679085091774559	-0.129053994652926	-0.178023200307154	-0.218975385175612	-0.265159901476628	-0.115402574958412	-0.30283465416203	-0.122801236611228	0.104868499150209	0.353371603803955	-0.0894800239552236	-0.0607917915162572	-0.0674864361373741	-0.102348832204905	-0.136443663233327	-0.0930505609274453	-0.208484746301869	-0.146122578264484	-0.257320464045019	-0.382238816973483	-0.413969133907681	-0.111659281228023	-0.0256011846684279	-0.324746362401788	-0.0708455170011882	-0.33479986928843	0.168692545881319	-0.405742165208938	0.0850135857526874	-0.000396694670990488	0.0580987296562972	-0.109509246761992	0.0163309447049925	0.127887087954558	-0.15324129360922	-0.1189958040383	-0.261668051091479	0.102643242654359	-0.331566899519408	-0.00816741662922907	-0.0258933932040457	-0.0532579850160978	0.231944078343606	0.0685618964235846	-0.157017944653939	-0.121310823263582	-0.524583368630117	-0.201653850453604	-0.362318415447893	-0.287277977995326	-0.208648282263971	-0.279265880982945	0.0979574726582945	-0.166466784269411	-0.20865583344641	0.0968028375496033	-0.211670130112471	-0.268538191277638	0.0293389698736844	-0.412080401032468	-0.392273252993677	0.0523820961164977	-0.0811825191277678	-0.16334445538457	-0.40346030058957	-0.336848313070266	-0.34476711457292	0.0704616549139069	0.030487507319005	0.315868586740935	0.0310684051736884	-0.39232182625075	-0.0198566892231773	0.100417639914701	-0.196615830377727	0.19881920501806	-0.405040924982925	0.0664526389940383	0.00656411793322503	-0.20025963369263	-0.00861428119469659	0.201457424973082	-0.191325246129498	0.339012253433375	-0.0625609250102013	0.0546752344119525	-0.403315713425523	-0.37366376901035	-0.408310108118928	-0.293539940889133	-0.0808786278475946	-0.289000224096269	-0.179120918186371
"KEGG_ERBB_SIGNALING_PATHWAY"	-0.0623727204185554	-0.117510272517962	-0.037789725109435	0.0658478002356806	0.177158040574423	-0.259643248526222	-0.25488401579974	-0.157929523815357	-0.190983286493388	-0.303782381565424	-0.0905393925432994	-0.0893479740568595	-0.111657223665763	-0.167251773156444	-0.0456224401500766	-0.0995309134129862	-0.298228330720875	-0.0835600098958952	-0.341061040103052	-0.108055230612527	-0.0751193945283734	-0.0452140171759903	-0.186563916603944	-0.0570096598369633	0.0581485492471759	-0.0822944654266834	-0.242154761399306	0.115342365039396	-0.132966085726491	-0.219266512171552	-0.092425444419707	0.0337596692742392	-0.192279541365647	-0.0957531434872951	-0.0447376416932893	-0.0901115832380553	-0.084910122671827	-0.163985235139309	-0.202785428447341	-0.232004393676584	-0.00138022297291163	-0.104507972377841	-0.246705201671383	-0.109823051176465	-0.298948744338831	-0.179495519489088	-0.116268948783305	0.136853263149332	0.123350383619197	0.0419291852393149	-0.00145420992875889	0.0148371230409113	-0.144935440122113	0.100750482053167	-0.0323123327759912	0.119971391173519	-0.149876199874799	-0.107377040342678	0.0872740277121203	-0.184169154611758	-0.0178866355672944	0.273799905429156	-0.102600786409308	-0.144169852452949	0.0127504714578253	-0.164893715321634	-0.0254429317731293	-0.224988655243078	0.132543365754606	0.108513585754391	0.123584249816439	0.053376015582711	-0.120244744805081	0.11797472636013	-0.0351154956376408	0.255168950920714	-0.124230384579788	0.241026148801919	-0.40600359486584	0.236438443653866	0.206538130351624	-0.0513545479080392	-0.0533103955837705	-0.115667417537079	-0.129023838651608	-0.0931852975848263	-0.157763007562285	0.0443467524814522	0.0401676715870604	-0.045309827346142	0.0604777540792577	-0.20741098094134	-0.00569173684286914	-0.171404771385791	-0.0968316660176566	0.08824854504163	-0.14714303008279	0.00905614890342785	0.042832869919336	-0.292172254173814	-0.148315918427453	-0.0911457708948618	0.00955616714949359	-0.00688927310292783	-0.189900169042392	0.0532477554511168	0.0858999253969155	0.0282405295334012	-0.00474820820421712	0.208398875243913	0.114756286712898	-0.153174524163901	0.131964707364087	0.028159697314238	-0.305930057903684	0.23535224492959	-0.17959464861949	0.107211491804465	0.0977600115961088	-0.123505231548145	-0.0862842086985578	-0.114055876410187	0.211032137364979	0.115796887633958	0.364119665977858	-0.0254961761564809	-0.180380022879087	-0.244874705871124	-0.179115522639144	-0.340455635129145	0.177859496652465	0.130448445168007	-0.010133330732569
"KEGG_ETHER_LIPID_METABOLISM"	-0.124453767049069	-0.0205932571727482	0.0964425045142709	-0.0273630454430205	-0.195342660675018	0.0393955488128395	0.172452855948098	-0.0834885511649737	0.124186375304941	-0.0966107040938083	-0.0811661644969965	-0.126585319486459	0.109642596483069	-0.0437907379612266	-0.0975100547176203	-0.125953933708888	-0.222334675221643	-0.0593325606478835	0.124564019943074	-0.163525531503792	-0.296085054699544	0.0933318792930272	-0.0211339573507204	-0.0100584586156877	0.116141054615564	-0.0483823525436864	0.207140099648904	-0.350267364690695	0.0156608035091997	-0.161351208728403	0.0837420369191508	0.015723882535311	-0.120724318710083	-0.0852760006721378	-0.00542960068988807	-0.0791184622439914	-0.192795837989768	-0.115807717270971	0.255010839718443	-0.107892834623532	0.0840817413974776	0.246043096990851	-0.285038932970492	-0.0648746161560513	0.246967650053989	0.115534794929749	-0.121649977798716	0.0255005248082942	0.0695192134739024	-0.0711260054477306	-0.238910051738408	0.171438986707666	-0.10476390472458	0.0945142570786888	0.0122367026280698	-0.029093781038857	-0.282202092789331	-0.0160980852250007	-0.00830686565871436	-0.101807608945806	-0.0962700788202739	-0.147420623644094	-0.148039149403335	-0.351735262524657	0.224904274769691	-0.134879011906056	-0.157004882720579	-0.338166036720551	0.013069438948038	0.307409195198617	-0.36126732624737	-0.0748001136232557	0.0121162111384023	-0.166796394767492	-0.00300225214810956	-0.267208114323081	-0.302335719343553	0.0813630347586361	-0.0648906072683045	0.254318065678272	-0.170502539060617	0.0738863618744526	0.130712220053338	-0.334599252196885	-0.337912502869466	-0.0699355855125625	0.0399991943919206	-0.268684145076853	0.024067789677465	-0.0467450152632287	-0.0389990761491124	-0.069319714677256	0.121399529590326	-0.19484211790231	-0.16230534417367	-0.314794479914542	0.00681620145580672	-0.124944185458249	-0.15385190338569	0.316695386118712	-0.0550408462050922	0.0234617828553674	-0.319351404822307	-0.138943568531932	0.131630747063726	-0.163645055206945	-0.308215797138358	0.0862106605579054	0.0482643707788751	0.0733359787694121	0.0846884815072075	0.244743436820625	0.199435626079859	0.0390016229469483	-0.363715879240503	-0.044876342925516	0.00946902971841793	0.0897270477526426	0.070520647688394	-0.129305286840327	-0.367143048613361	-0.0703638613689896	-0.206796506465418	0.19367471683427	0.0143037678367403	0.201847938778549	-0.0476277908837446	-0.014926290638151	-0.261022426829838	-0.26358022096238	-0.0143653969501805	-0.236560515111469	-0.14146860009376
"KEGG_FATTY_ACID_METABOLISM"	0.260738711806355	-0.0960413989964384	0.0787373977140559	0.20626264404133	-0.177437913907759	0.0635079655003799	0.556102591809691	-0.210359915311214	0.378952114507101	-0.260757033259458	0.0439094696054939	0.391502314142858	0.175548722135268	-0.216556860424289	-0.550058133402155	-0.446918009143459	-0.295837678184568	-0.455399526792924	-0.499809152045257	-0.475895707532429	-0.564057746882709	-0.150158396214794	0.177027324780455	-0.500079222392234	-0.124329288203488	-0.014296804458645	0.00996551081329128	-0.341036671533087	-0.261548135224535	-0.294800108229542	0.151385206035746	-0.0717076380019151	-0.0684265133969236	0.021685730442342	0.260370371835412	-0.214596965236086	-0.541577010286511	-0.0390162151139849	-0.154019954935619	-0.185525960778875	0.248811228591441	0.0764072987687312	-0.320967675489163	-0.173968408751976	0.0952099888399869	-0.450774567372709	0.104678733103173	0.118692646326009	0.642761516811255	-0.0803755410961029	-0.380141312248917	0.256469282282921	-0.00346967289464137	0.111230405046061	-0.344156154187398	-0.309672403443069	0.0133454759039006	0.505336370418575	-0.311604328684759	-0.445005343879626	-0.073275525600427	0.377266027036125	-0.207309760379231	-0.271508844340353	0.387830173695553	-0.163278214400511	0.324940798100047	-0.0155065013683888	-0.363394237329221	0.425961474766344	-0.23325755121177	0.252697700021908	0.0957189843964892	0.268034681191847	-0.384069452188054	0.443759441368599	0.269304946852282	0.466687053538206	-0.18414105012375	0.575824640645435	0.529056707093678	0.545738360708886	-0.365510237721281	-0.0741850130113009	-0.5048165357064	0.447630434666377	-0.165645047857065	-0.362559142299008	-0.316934539080392	0.449417513758164	-0.00314296634665728	0.318259194067851	-0.0462038412485784	0.149051220306595	0.0324649480612119	0.196248281242392	0.178862849266036	0.495995042732762	0.196515203102107	-0.321520673433951	-0.264263984937965	0.297097740816567	0.124267130904179	-0.313190407554607	-0.401259904140585	-0.336660823818559	0.123276669071988	-0.31466541072893	0.336023656998666	0.550887638876429	-0.195046275827779	0.288360518408075	0.196098487541435	0.257215438801076	-0.381174494541478	-0.195717524510188	-0.302432823955271	0.0470164912275249	0.525492837637319	-0.0820243583460941	-0.49331039455464	0.208040441948917	-0.0519344261743184	0.295703186400613	0.215935974682889	0.0659584585237119	-0.36680018855958	0.113976747566246	-0.176100844837321	-0.133456693906279	0.414317500689704	-0.210311594116176	-0.557201282017737
"KEGG_FC_EPSILON_RI_SIGNALING_PATHWAY"	-0.0764368168891564	-0.150091219802883	0.0640293292666511	-0.215945736270167	-0.0408780684119535	0.102260070138575	-0.21867977862389	-0.157734637703028	-0.186662850618581	-0.304674632988901	-0.0284160442237766	0.0306391702760165	-0.140229222699787	-0.137089717790461	-0.241948076354429	-0.193689302839914	-0.0806228973784157	0.00510683764123854	-0.236515438862006	0.0338559555649753	-0.312648227373621	-0.111000407046819	-0.294303147726075	-0.244513306122629	0.168138722002205	-0.148489726033239	-0.19281530577948	-0.29696992253299	-0.125662340959935	0.0183271502016807	0.0411453559620845	-0.164828526039561	-0.0960030154796232	-0.303697360888357	-0.179437251301918	0.0471346167610879	-0.174986929542547	-0.352316587472441	-0.254819317849205	-0.17773618988588	-0.242287377971429	-0.181455653358338	-0.391593042371092	-0.129212074449887	-0.124996709050979	-0.0286672848765594	-0.0679531305412387	-0.0297153288351054	-0.109832374331922	0.0858801417833351	-0.0686473038465248	-0.230674777014404	-0.173999507873172	-0.185471255569631	0.0345615384898193	0.120827136051252	-0.30751291914764	-0.00708260967878577	-0.167691303504513	-0.175283680120365	-0.164524436629339	-0.041660581100459	-0.143792439897656	0.0443075495902456	-0.0165914890145857	-0.205538958072415	-0.099465743127673	-0.0670849552960482	0.0307887959899246	-0.26259365394911	-0.146308874482672	-0.182567684464266	-0.196317780698689	-0.161644575242297	-0.184602540131302	-0.212852618061914	-0.271233197371825	0.25601168415889	-0.332313302788856	-0.162951891939057	-0.299335763414248	-0.190438966918908	0.101049535690201	-0.33079279372027	-0.0659193658074738	-0.245407633685952	-0.128957892222639	-0.148906142062646	0.101434838986051	-0.191326513659135	-0.139440485894746	-0.366000092844867	-0.119332666023089	-0.371781754382703	-0.142840102710783	-0.10966934979445	0.0595467944478067	-0.291885913851742	-0.121274184176128	-0.146901760552925	-0.175083676059212	-0.0599095123633177	0.0502414143275071	-0.053042497448471	-0.411187203895604	-0.126184729882971	-0.204937196008751	-0.0561650220879015	0.0867952710380264	-0.100463157055704	0.00507914781926611	-0.0407857690311623	0.038827800582732	0.0563175053225055	-0.445708003357234	0.101673983056104	-0.28630344526917	-0.00701849783102773	-0.189323966439103	-0.223209911701854	-0.299231176550714	-0.252762014514502	-0.227582705512966	0.106120248845008	0.160325005954389	-0.308830432869722	-0.0837134901695618	0.0182471366380363	-0.206415183775038	-0.311840909281039	-0.254339809008259	-0.390051438503169	0.0832544985588226
"KEGG_FC_GAMMA_R_MEDIATED_PHAGOCYTOSIS"	-0.2732608720186	-0.33249796157962	0.0433474915130785	-0.255361116599179	0.107684822331862	0.189630317696204	-0.440764174673825	-0.327534552852608	-0.210550441418879	-0.266901877335725	-0.086953714313463	-0.0538651669862916	-0.251767758661434	-0.248864358652057	-0.069218011811768	-0.139855818323696	0.112556268562984	0.078688767746084	-0.26668000618361	0.235189609255867	-0.220188521877529	0.108374747534851	-0.437698653692562	-0.0691374094613483	0.136430532740503	0.0156943019450099	-0.105752144722941	-0.358395484105731	0.194056381034692	0.0610963861500465	-0.0469459435437942	0.0341173651347803	-0.0354549636507702	-0.326731141878364	-0.239465577669319	0.136599592870192	-0.0892325221557233	-0.314840021582205	-0.284900827376131	-0.309682991604151	-0.201753068907133	-0.124650843493373	-0.24864347374278	-0.073764466483195	-0.275731009216894	0.260604436557193	0.0717859247354013	-0.146602021697918	-0.143023300187055	0.272440687002995	0.158851574946116	-0.127602674802197	-0.0151641172649953	0.064639432843031	0.103057161928564	0.201083938780775	-0.404225381089599	0.0939448588779672	0.180171556558621	-0.231863400327594	-0.0872020141191064	0.0615787537619107	0.106160632740265	0.0720727880149627	-0.0209620010529041	-0.174762554000503	-0.0115906820067796	-0.0739129286477076	0.236433252587294	0.103028703242376	0.165726779979317	-0.192210181280792	0.0164703046346665	0.00916764478632942	0.123990762904682	-0.00112080096088832	-0.0678983481819867	0.128057235991772	-0.262815779126309	-0.180874808538414	-0.259953324913558	-0.0933400848393548	0.169029303407671	-0.370439532273681	-0.0452101681433784	-0.324492969040544	-0.184814518399807	-0.0517002405411142	0.153173400132793	-0.222410375900304	0.138020489678761	-0.516569601936065	-0.0262030906427292	-0.318424056619493	-0.0251895069161736	0.148444561761567	-0.153009705782076	-0.322456709863072	-0.139033977819685	-0.0585539154922474	0.0337007357408076	-0.132366861014034	0.191385056681131	0.0191956697613925	-0.367869087812497	-0.131467393037449	-0.214759972296449	0.0107375464313279	-0.0293363188069852	0.0190922133736027	0.0862057099805538	-0.110359849641297	0.237902070930121	0.209746594118132	-0.268273614584872	0.329365892974888	-0.296325596422893	0.188458147951079	-0.258211933599511	-0.0464831899791237	-0.13591741951723	-0.126716569499274	0.142949311022566	0.294908835778747	0.226587539996003	-0.0917333932312919	-0.0521581583784897	-0.217816710116389	-0.377993531233619	-0.344363629418255	-0.0912870152119681	-0.0117417944517351	0.282721910365224
"KEGG_FOCAL_ADHESION"	-0.13281389523544	-0.0207718720777851	-0.144987465618793	0.106976199707402	0.207071993941226	-0.179302631658973	-0.454272783284689	-0.375731379529408	-0.122775375988874	-0.271045871716821	0.0247022070773296	-0.352188355818283	-0.3120531647256	-0.128865087913018	-0.269634472594116	0.0682779694689006	-0.145798639160737	-0.0931285312109764	-0.290155305642977	-0.102727366212864	0.0218277925078304	-0.161698096649115	-0.332930034754683	-0.0485535507156684	-0.231477417230332	0.0432389057251021	-0.274603094604758	0.176571384710578	-0.0305436850334277	0.0217966887564552	-0.295600887027904	0.0378557239985466	-0.285816000184532	-0.124706127054858	-0.11169525707926	-0.185354031199835	-0.0849255079874117	-0.0422953146619759	-0.196906325821638	-0.176006542154247	-0.236402171980622	0.0703016005016031	-0.336389728872355	-0.165188919768947	-0.348474617236219	-0.228575962911296	-0.245090771710834	0.113211869373972	-0.175927535264126	-0.173634736385144	-0.126840798552095	-0.182019088761033	-0.214784690936124	0.040888611065628	-0.275357098516898	0.124003283394677	-0.118519824717486	-0.124057352282021	0.00742193058675014	0.00927565388222926	-0.041671924588283	0.144707595117136	-0.388491619814794	0.00288450700518209	-0.2508322154827	-0.0551188573503517	-0.21119349727132	-0.357882077137128	0.176442806408333	0.0440135001233714	0.0783411619582284	-0.252736295875641	-0.11632418296897	0.0569984888461766	0.178073991137466	0.0465032421353946	-0.102131336409617	0.0274452129685508	-0.0634856754413253	-0.0383979167363067	-0.0664893546774001	-0.165604586212452	-0.0470381283532598	-0.124753553191509	-0.194573930500159	-0.266098178166682	-0.255142105781404	-0.112660370738787	0.104701575233445	-0.192570720964265	-0.136814479686458	-0.291858256336439	-0.346036890299812	-0.140935502427944	-0.194243807097022	0.0687034261883198	-0.196952634175788	-0.142507448998045	-0.238772529272953	-0.317547309010751	0.115951584354848	0.0094446283456491	0.274862342717681	0.182337804469144	-0.284822854233485	-0.0657706668724787	-0.108662097838742	-0.107078376807766	0.0458394968030893	0.0762815100296985	-0.210080466197043	-0.211628093214937	-0.0498790013376487	0.0729444878016535	-0.2606785639972	0.269496310421809	-0.195471088233894	0.0875739259461951	0.123861879737232	-0.0508799049716948	-0.339056107258263	-0.221286384244521	0.08833454309504	-0.158239281189002	0.0944991821931077	-0.0845006352962326	-0.125875268950317	-0.272423650155464	-0.456576634061122	-0.134212764022805	0.0719640609832332	0.108844934599666	-0.270745180727778
"KEGG_FOLATE_BIOSYNTHESIS"	0.344793153049595	-0.299082965224341	0.636891055788241	-0.0218282857935232	0.172158162748261	-0.40237181626106	0.482540655831629	0.00701241782319964	-0.198973394076472	-0.200951001943285	-0.0039724422174493	0.255639531655936	-0.147270201309853	-0.555768480697452	-0.549272532110602	-0.604172029719633	-0.323645017247904	-0.260488499995684	-0.498012678400405	-0.0713269725187607	-0.154316783478941	-0.0550479404779485	0.0250114037362749	0.540135885842566	-0.391164887473789	-0.328902431929008	-0.155496474670147	-0.367477729738376	-0.314397680561615	-0.370056010808395	0.373677728867994	-0.277375923275101	-0.13745597811731	0.589719036635993	0.289816480321654	-0.0113066787732992	0.168554510446974	0.286394582728247	0.166111451630764	-0.436106427181488	-0.246924191596186	0.143191862784288	0.407909375385522	0.510354478027375	-0.00165570976384427	-0.462776743740415	0.0680380356695079	-0.390057942858613	0.496849068627782	0.0270121018110527	0.254027953967663	0.539641817867826	0.0338326191006127	0.273979084248181	-0.374636388076389	-0.219644881213197	0.119969474671838	0.492697452240648	-0.0553502637178677	-0.449050464832774	-0.114953575107376	0.0686721563107679	-0.0942870650850179	0.231916179559733	0.0437316241910561	-0.0021531958332982	0.137570002434893	0.205800572048534	0.236371988026421	0.113828747678463	-0.0256808580753592	0.454330734358063	0.0708348758792782	0.280659764981442	-0.168345896721081	0.494352172838134	0.262375789969266	0.0268633950199289	-0.108091770770982	-0.129997413233412	0.474532289712565	0.638208416192034	-0.0259567675020684	0.0487464843791715	-0.319670544361547	0.0573650770338663	-0.427929032077978	-0.126081354447416	-0.481947437094694	0.105077671223359	0.203601485046903	0.0088523346910474	0.453558130669248	0.0838844963315377	-0.1460762055305	-0.0817918320402938	-0.265116117817789	0.0206454581136955	0.156877734212664	-0.408866940692524	-0.349564324485731	0.26397433311155	-0.406611481680065	-0.553902257273062	-0.441170917589424	-0.364017964950713	0.225082599104365	0.152343939127143	0.0729603043188336	0.41120950789558	0.345465332422679	-0.28095234416145	0.0167032219720555	0.487252363834067	-0.414853026687262	0.196522593857172	-0.206288562244071	0.279762162814366	0.156888065608732	-0.11154470082313	-0.302509527133805	0.0436599169853555	-0.123034935778272	-0.0333892036811032	0.309140554758773	0.0824940341834014	-0.484147225744868	-0.113248004763577	-0.211610322315651	0.464864415749882	0.203405080725323	-0.568269661847071	-0.589945174994772
"KEGG_FRUCTOSE_AND_MANNOSE_METABOLISM"	0.0824449355076232	-0.313259734384498	0.453263056999536	-0.322873260727019	0.0279923427324517	0.0192086651911237	0.15383634500263	-0.227380458135708	-0.234216957505785	0.312117624004224	-0.195251830138064	-0.10292914124257	-0.0739016104685281	-0.122244621625906	-0.214667862183475	-0.103888459885688	-0.232242007684915	-0.249132710350593	-0.269006302171279	-0.244410847799438	-0.340524583283247	-0.253779301864473	-0.122546110921022	-0.128633077869294	-0.182522906918591	0.1961543769711	-0.167988078265728	-0.280773530889424	-0.115335761258829	-0.534560273578937	-0.358031972335528	-0.332363885037931	-0.0777628841908667	-0.0137248485386334	-0.169059153080004	-0.00180371187566261	0.141572517968874	-0.275910799688895	-0.155817508019645	-0.0160691047483082	-0.0319539422156666	0.119644048003536	0.357944979355125	0.0382066001331992	-0.311273618918142	0.104242238409736	0.0746675960629629	-0.544453583381447	0.236261770174837	0.156920955084772	0.34731217324878	0.00811561080571055	-0.254240404300616	-0.083706809114036	0.237477991751119	-0.0318711961660546	-0.19355262564139	0.353033287242004	0.106691669096689	-0.318701434160708	-0.41048755362197	-0.060004222091997	-0.176559627205718	0.182142500802819	-0.136623266892501	0.0511583753761432	-0.249249559872963	-0.0613412701384114	0.13402491700178	0.343797716942741	0.324500306646128	-0.252384903726437	-0.0927884932737379	0.447676121760434	0.0265979155880877	0.399019349561905	0.0761135189805544	-0.189670362325077	0.212682456553331	0.308831984562225	0.390444705481624	0.214265010461774	-0.0965629835641944	0.305981001373126	-0.311720440577634	0.401647180682066	-0.0684314646663285	-0.00790164394370857	-0.24105820614676	-0.112491913004601	0.42409127894101	0.403734645465431	-0.0635961286841464	-0.132604686199673	0.0814857714484043	-0.163551637462814	0.0127739615858309	0.488853935222987	0.273747681902145	-0.043944441656833	-0.0776567030405451	-0.230113535175149	0.152823016931762	0.070419816291802	-0.342987038392588	0.158516059061753	0.238286847471817	-0.0349424009313374	-0.321199936692011	0.365426984351578	0.0589293302346295	-0.397957836468215	0.0866933007078936	0.158024599853064	-0.36461124656562	0.251802173048857	-0.313954924140391	-0.0941759200550893	-0.0916470756139806	0.281681611460593	-0.0611222511269692	0.0199628966427098	0.229765789815836	0.53518938430467	-0.217614459105243	0.21031807900519	-0.546897928605294	0.227850845193335	-0.0496072152192201	0.212383430206718	-0.0408953861629935	-0.236634649330969	-0.540674580695558
"KEGG_GALACTOSE_METABOLISM"	-0.240402557022649	-0.385258371911206	0.244178773163043	-0.345126233429129	-0.0677635303571347	0.183376036155163	-0.402972229969886	-0.348156412937723	-0.343594831293548	0.149263471322728	-0.506979164491722	-0.39999899537513	-0.176635142885901	-0.132620770868715	-0.243187539156953	-0.138893113669297	-0.071907402976661	-0.0192982891902746	-0.392263440046337	-0.377735804700119	-0.377669558611357	0.0251948807697779	-0.0749423712105115	-0.136290606755685	-0.0527125246474746	0.115185934272716	-0.0628580062000005	-0.310179159576285	-0.250395828488485	-0.0599557899934887	-0.441396607558305	-0.158254335504022	-0.253151882710881	-0.331331929237254	-0.232783592049778	0.231558731201677	-0.0398896630217919	0.212517666441865	-0.167558102184442	-0.213537880625018	-0.038835112218674	-0.0570233959680488	0.0373089864366396	0.014407855990471	-0.319649207578091	0.165933285425452	-0.141666851999581	-0.404125163994252	-0.178449142233322	0.294841200043022	0.11904939862763	-0.155885813781737	-0.308277737397004	-0.0233054110821026	0.0850184987780775	-0.0834776263544477	-0.393091596055071	-0.0774038016399294	-0.196263568164735	-0.429028908985063	-0.17499722656448	-0.167833678291427	-0.110513306610346	0.0709836770537887	-0.279537471783703	-0.0632943974798514	-0.225654802604236	0.127890558525833	0.257413950199452	0.142309192713457	0.0958946398100146	-0.185741054948011	-0.303761585531429	-0.0813684432074442	0.154155563715417	-0.188556987452362	-0.374963799400432	-0.357649221466201	0.169728863366929	-0.0806805940010605	0.137996479804127	-0.0412216871935467	0.123808658370591	-0.154822879883178	-0.415473059183687	0.18887988547149	0.0286247286976476	-0.104354783614033	-0.359888304384556	-0.371499225104012	0.353947824075181	-0.0942951458229714	-0.154124090095157	-0.126933285477597	-0.0664460007439849	-0.15683639024668	0.312808264703031	0.0646639423769813	0.191649628726082	-0.169780840380094	-0.103650190823388	-0.386814833550052	0.155813030078593	-0.261617901284461	-0.524073473480018	-0.0392182095776653	-0.122446758975103	-0.2065227733694	-0.443500516995676	-0.125245710905829	-0.0627642638931775	-0.40042233050727	-0.0507278591134209	0.0570114753759683	-0.38205139560781	0.140363763529751	-0.542146600563015	0.0492180799083809	-0.300635858565436	0.129426235296372	-0.331908002624646	-0.16421605753658	0.180230664758896	0.24031070787045	-0.253571142658772	-0.0449986481272045	-0.432910630081233	-0.0599083314243281	-0.120103083165206	0.0779759448511832	-0.428776647180341	-0.386929483251529	-0.412640495583051
"KEGG_GAP_JUNCTION"	-0.333464837878304	-0.18756588563929	0.00151195538283014	-0.0095105845258506	0.0228670597437347	-0.106568344186584	-0.352541260126286	-0.30562964184934	-0.000932335238939513	-0.133489143162752	-0.0678255687128197	-0.263871725560359	-0.251187951734085	-0.315511005796589	-0.303222536685398	-0.128622592763905	-0.105338474983501	-0.119276934062298	-0.352086104091654	-0.0789501407291348	-0.0490190722625576	-0.274254815825295	-0.341663916326005	0.0548850739826654	-0.223673595674766	-0.122373219314386	-0.273547140357441	0.113152126412189	-0.163587016271342	0.151703588972806	-0.345979618981205	-0.117552776006566	-0.346589943030766	-0.218161576488508	-0.249464915304796	0.0181869752064586	0.0481031751217198	-0.0322121641468505	-0.167800979799888	-0.264627482307203	-0.281890792974306	-0.0363667671743546	-0.453281223787023	-0.213686003753756	-0.210284036560786	-0.117521097132175	-0.248685370145946	-0.10831163947252	-0.323848347136499	-0.0235117756320034	-0.204224408721676	-0.155088397684763	-0.241724332922344	-0.123318945224817	-0.278589778235283	0.0313186102851029	-0.129903948330615	-0.111033709926834	-0.227342938465173	-0.0612974332855478	-0.249033576088148	-0.117783831332772	-0.246358908496859	-0.0504286376780014	-0.238196507269208	-0.184385139528193	-0.161118228175185	-0.350007585133278	0.179617707421257	-0.18240175249466	-0.0115932080060483	-0.265801926898184	-0.158425479414499	-0.168496252568532	-0.0113488196408537	-0.270860511830981	-0.152926850416261	-0.0944767299086736	-0.12252447059259	-0.194465512874933	-0.0208552834501972	-0.153790879046674	-0.101505936547144	0.012564507953857	-0.168968002611033	-0.235662156075213	-0.144423727348683	-0.00144013882595753	-0.0430825245655516	-0.2444983722822	0.0292045202806578	-0.289641475711122	-0.031638454631308	-0.349714551819543	-0.110916057791771	-0.0933371661767407	-0.144198861049236	-0.157478249750053	-0.181722031002622	-0.267688284879138	-0.16382182380573	-0.199473659610955	0.0444659413756176	0.163618019783274	-0.260067357889522	0.0489808375485454	-0.140105788993387	-0.0192811350840185	-0.0751524595310263	-0.0479352616110842	-0.0805263585824846	-0.16405785797858	-0.0348263608266155	-0.0250123130680127	-0.370135324935232	0.0808923786753822	-0.153733240947364	0.183909857151436	0.106089787838694	-0.116875297558476	-0.246990114819718	-0.255725861085599	-0.00460627905392053	-0.0846335544233348	0.0678349995321349	-0.175791525537824	-0.197946954131498	-0.213849938585695	-0.370429330339017	-0.161285357606625	0.0333137528437435	0.167353726799457	-0.194359776390731
"KEGG_GLIOMA"	-0.0669759213407044	-0.251912578291528	0.119763331333821	-0.0855188382615751	0.203137753362572	-0.133640773254663	-0.244799278188066	-0.17789396433438	-0.250148567832759	-0.230106165082123	-0.0117777931759073	-0.0331011489313397	-0.057930934776441	-0.375195727387302	-0.227478787725403	-0.180630481307519	-0.130111780358226	-0.134150580912658	-0.291855664706477	-0.0380187835226486	0.00726401820978342	-0.172912745098735	-0.181030192851215	-0.0401800697148903	0.0412362657336111	-0.142758797442837	-0.238359666878252	0.118418392709746	-0.0955779493053076	-0.132916347228349	-0.0898897806202112	0.0738994725114814	-0.190999785515692	-0.356687191526785	-0.0385678559742249	0.088117671434355	-0.0248603674864789	-0.346080969492815	-0.186667717374626	-0.371380533862795	-0.2002150651753	-0.0301366025233131	-0.265045421060204	-0.367444541456753	-0.322479447600661	-0.0893395535481735	-0.233821116227247	-0.134985293057808	0.00100250194642146	0.00724017238541105	0.014373756548879	-0.0967497137012538	-0.174838865443812	0.0494619911498271	-0.0926650921579063	0.229864404789616	-0.180522585074371	-0.110707291300741	0.0880409723158736	-0.13409884926961	-0.00193516394128607	0.119260173546247	-0.149044425902238	-0.0258923674064958	-0.0715577360547977	-0.142896144065947	-0.155546507504047	-0.175616073102899	0.286328811471396	-0.0501266810836993	0.180037848852391	-0.0269394198519325	-0.0649339643252171	0.195689626958515	-0.0341692143712905	0.00209860848821072	0.0430933446210148	0.0129037270677633	-0.32929306138142	-0.0303570718353677	0.138424424602577	0.0596029660599	0.0141634171238335	-0.0309812031626292	0.0254443409331872	-0.157910063990273	-0.247337366646627	-0.205860612381759	0.0870431075437362	-0.11058034235817	-0.0440182655550791	-0.249990149048442	-0.121351991139426	-0.320272657209405	-0.0974297387729094	-0.106514191212663	-0.198928197052949	-0.0320981382227234	-0.149543858586624	-0.233141112596665	-0.0631724201612784	-0.176773339320433	0.0827228105657538	0.110268846033325	-0.308733925838855	-0.0318455411426126	0.150381823925847	-0.0106580062522887	-0.0866226551291532	0.205443122082602	0.0976315637183013	-0.13951948392764	0.124486893244974	0.138678274716882	-0.155368641441535	0.265941504737007	-0.247843397905829	0.0487363610046679	-0.0534465442980086	0.0500493164407292	-0.1659169526556	-0.336663346796376	0.152664231542656	0.175906327823996	0.17404509413984	-0.0867050749414069	-0.22518660660187	-0.277992082927245	-0.368816663697963	-0.343052612528115	0.123991841610658	0.0575156743161473	0.0690007176146862
"KEGG_GLUTATHIONE_METABOLISM"	0.209153333086071	0.0763517744715599	0.250873149292578	0.125406239780521	-0.207884610572359	-0.178399372923	0.0018530918682724	-0.237125586119863	-0.00598835403059181	0.0737814688513362	-0.0819964280958637	0.137881917558005	-0.387259266789924	-0.272725760261343	-0.518410063606336	-0.449209574602114	-0.230595419409094	-0.276712371040483	-0.33375363251116	-0.0476770512074093	-0.369577302057689	-0.00957033043510128	0.114523363997234	-0.0414446067428888	-0.341069681877075	0.183856744431264	0.200513926813081	-0.326742005390435	-0.0547130717332339	-0.115630683420454	-0.176265279123513	-0.0852394014421886	-0.0473407345316298	-0.290391544967882	0.236745907711372	0.0955054390446505	-0.419142554407232	-0.0317215773786615	-0.0877233704504607	-0.331879537008977	0.146783736324455	-0.142049707615648	-0.0864784465876698	-0.182324102301516	-0.106499180548996	-0.37684901318497	-0.045508172918792	-0.253193138554754	0.412259836836315	-0.115727661874275	-0.0144293715110159	-0.264062626524878	-0.13841282910576	0.0157434009623877	-0.0949696834577705	0.0144440141587901	-0.0920833014938665	0.346278145253993	0.0213224781123552	-0.427629558914657	-0.424316563532011	-0.106174528783709	-0.137374596371988	0.0495061231390548	0.0185673337131204	0.0264209144010671	-0.0405708627240909	0.183913054507242	0.00918699860292346	0.41278408256595	0.119148914387199	0.17064670804858	0.251116979405175	0.1602761133564	0.0779925835249448	0.245841756991757	0.123647937499229	0.0316215974758604	0.116033638057883	0.340544380957804	0.16058262692001	0.23668915229008	-0.148082649597223	0.194967252962107	-0.184114883222685	0.227884659328362	-0.305596187923829	-0.321252453709823	-0.18585222482563	-0.173387020061932	0.329385724869651	-0.31186268794665	0.236604488672883	0.117150139299125	0.00598353597440493	0.045264806436475	0.0728056663116887	0.162233149167115	0.0430179341101592	-0.249035736867552	-0.0333473703151695	-0.19490514733747	0.0764929830994456	0.201602859998405	-0.427217813993098	-0.425410306626661	-0.0934528992422397	0.194111681376026	-0.065146353704516	0.315754579657482	-0.0534282679376979	-0.360828507356237	-0.163457307053639	0.27082979763601	-0.344513016886614	0.146219596340005	-0.37313165344118	0.274180913081935	0.157381697122207	0.309301789366297	-0.319394159373968	0.0267948874521337	0.157970338636522	0.214589562371831	-0.0968026797002339	0.111301145246847	-0.629263458936973	-0.107371373288759	-0.247929869682953	0.0137874471419473	0.146116359480277	-0.258381535874825	-0.569563967452682
"KEGG_GLYCEROLIPID_METABOLISM"	-0.103277313933848	-0.129180837113609	-0.251697096344843	-0.115497711747939	-0.176181513910603	-0.0446814067759103	-0.0359044044064686	-0.372975830759971	-0.156279147887738	-0.286727023822826	-0.195412623549043	0.0943696668860419	0.0552789311693735	-0.154054222770791	-0.409818737477168	-0.168168452733869	-0.338833695184482	-0.307232799063975	-0.338875097719523	-0.25868033262919	-0.358329655330024	-0.219294995044789	-0.211518617260321	-0.350368603547271	-0.266389554593169	-0.197091644227401	-0.316708358012311	0.0435494285344546	-0.367546233010438	-0.0803509525100835	-0.381150921575549	-0.284743853638695	-0.197728347809269	-0.300823844169837	-0.317832860562078	-0.405131009903322	-0.275210406033177	-0.180770016866327	-0.343414073073782	-0.349576195690699	-0.21023487587062	-0.179585596099101	-0.165536702418193	-0.177478591646182	-0.402577715643044	-0.349643559059719	-0.16854872981668	-0.217428579922701	0.0258533658555738	-0.245671323982876	-0.324936129883714	0.0755687553703362	-0.427340603664637	-0.0553208311276603	-0.288204437075942	-0.269317610190277	-0.236227083462445	-0.224790664751609	0.000953697324223013	-0.2326152039112	-0.026396431939739	-0.304972377488283	-0.275557436900956	-0.134352075049903	-0.122096961478916	-0.169103545883046	-0.292948280210575	-0.257304774969592	-0.0935709784314877	0.0962017417213106	-0.21807593057817	0.0508829640334044	-0.170473699756499	-0.363067916980453	-0.269320195035077	0.0684163753088794	0.0783316512548801	-0.0632794362340839	-0.200890915898928	-0.0257919121915457	0.015411066342712	0.239736536302264	-0.197680901133818	-0.161545821397702	-0.498636800433672	-0.0868506126738431	-0.213500289136705	-0.217847306529708	-0.194287877709912	0.150078273324442	-0.071602095335719	-0.155220335779172	-0.211556103787766	-0.188475813511132	-0.0574169304860801	-0.0493241490604156	-0.331969034708904	0.143280371718864	-0.0996317034342474	-0.311931918145333	-0.165441043476396	-0.290815026752499	-0.00477295354257889	-0.227188520891211	-0.43224480652991	-0.15602459587829	-0.0961922018832622	-0.363207490173222	-0.34843991917585	0.116605327798751	-0.306518226760184	0.0245266493338457	-0.073464900820686	-0.107022459507408	-0.47501825005945	-0.364106278176634	-0.393869022498897	-0.14322527765797	-0.0906940779058071	-0.158082174308176	-0.289803043191501	-0.189669131488477	-0.288368821549467	-0.0760934402174232	-0.0132749875479338	-0.415695279714702	-0.31725831212155	-0.147952709102272	-0.191849876704095	-0.0969423371043671	-0.0936571616156625	-0.136530778285465	-0.457954889173018
"KEGG_GLYCEROPHOSPHOLIPID_METABOLISM"	-0.138983095333618	-0.158432207433502	-0.103875536197601	-0.188654801868014	-0.208400003388728	0.0563549941812096	-0.174279509791389	-0.272900503632851	-0.126290212001218	-0.115024345558474	-0.27857843183224	-0.0817571521590956	-0.16620644559003	-0.215774643619306	-0.192637129757009	-0.162295378053094	-0.351555038386323	-0.259422582123735	-0.298434913960619	-0.339831350672851	-0.364731907663937	-0.178179537837714	-0.253923066252274	-0.359148946587527	-0.184356723318717	-0.137594859677054	-0.205374480049847	-0.17789571199477	-0.391725943517028	0.0298864424592947	-0.34036977533353	-0.367159428621005	-0.203731736165851	-0.335197768624587	-0.311584798899689	-0.284545566887423	-0.243602243629803	-0.343675843385275	-0.27273946668764	-0.392735525049812	-0.100910388373546	-0.174328002175926	-0.243727164727101	-0.210324795626286	-0.253841754160553	-0.052056773057617	-0.209289802604259	-0.207012890670501	-0.100794128888874	-0.191273594204823	-0.342383313070963	-0.0446216285086472	-0.337696879455005	-0.102141298606378	-0.0890434118177977	-0.173702310728218	-0.429278816017613	-0.156683510341049	-0.0623943503760415	-0.263982886168674	-0.195138716051027	-0.384279374779877	-0.106669654945259	-0.288192213068814	-0.0137608216868863	-0.270982476984051	-0.29104170385373	-0.348034204405883	-0.136054858422619	0.0292520714431043	-0.244170826096406	-0.102752598422642	-0.151539347652663	-0.470130797363674	-0.333583783794637	-0.153085964441257	-0.115632349585713	-0.145460660763975	-0.2492367265087	-0.0983041629481511	-0.221977988255174	0.0343374448587644	-0.112624665381784	-0.255091965069689	-0.466875605338512	-0.181138413636797	-0.27493574581384	-0.147227394227339	-0.0922591529249642	-0.171610087461552	-0.113933943590683	-0.26228820208737	-0.0825511466269603	-0.166026285494735	-0.187929738529839	-0.244004861237562	-0.228827257146024	-0.0829554602690976	-0.120409433832831	-0.180080848587543	-0.345410264957084	-0.246123665098945	-0.246943165842725	-0.31613414031642	-0.259021089537766	-0.302613148273293	-0.279950397616332	-0.24346530749848	-0.316245665015721	-0.10950606378866	-0.165158850875363	-0.145124212588853	-0.305340324289257	-0.115602141789947	-0.453005125048803	-0.284965698922825	-0.225849933405557	-0.0929056689464836	-0.127761334983578	-0.259296523431457	-0.209181078029447	-0.223656365495186	-0.365738262921801	-0.107250243605293	-0.0237207205876805	-0.202337178020887	-0.271044038990947	-0.154577407589683	-0.210070878654639	-0.254356002912749	-0.316707223850994	-0.426431967407321	-0.370663082429436
"KEGG_GLYCINE_SERINE_AND_THREONINE_METABOLISM"	0.345805263458827	-0.35750272362984	-0.00684278808313968	-0.192078803083407	-0.306420451724706	-0.155239833515792	0.202052828388118	0.0821862771006701	-0.0772161534461964	0.294794617719349	-0.0384517916976293	-0.213211494818861	0.0971493348915787	-0.0111148455909029	-0.245131192508537	-0.1141434381608	-0.233394928544998	-0.0439994777923786	-0.323570647693738	-0.524899414303364	-0.512092544915569	0.0466077145672852	0.26537923064952	-0.205793862231641	-0.427425794026457	0.250854582622618	-0.167260131811306	-0.125091506093993	-0.139230702921677	-0.405615875812862	-0.159172887524013	-0.140325013912678	0.0522966104729002	-0.251710924876431	-0.174301443427139	-0.302281966751712	-0.446149224059364	-0.109928751904053	0.0516287489555636	-0.278133085652968	0.324993632797793	-0.175824245618928	0.268607335476964	0.293439928064851	-0.0869815848126147	-0.197868780947788	-0.166110349430601	-0.351832360014716	0.217324159429208	-0.394370185512546	-0.220533813631453	0.0153568410666818	-0.37257743409502	-0.320488102312467	-0.505880742908738	0.193041044093924	-0.112878268964359	0.172833750081235	-0.3106266653352	-0.30373269294047	0.263135638269918	0.310568945282543	-0.159613740853007	-0.350810497216127	-0.436807924722875	0.199656202168986	-0.262929353432019	-0.0238262031776016	-0.476885824412876	0.297728812481804	-0.291988975299572	0.297089519507633	-0.386224314014754	-0.202713470743614	-0.446331969145315	0.420212332372235	0.369563378575919	-0.0259544625927848	0.0992921058913486	0.230369281173444	0.318235505347123	0.412325589857881	-0.177205604067287	0.191011502667965	-0.324637484300738	0.406842024386848	0.292183695442713	-0.0530428356325136	-0.152391936012943	0.336602214881627	0.425522952708931	0.340121587302174	0.0211072619776793	0.0796924556507408	0.0906149056133677	0.386905262991778	-0.0119543888571323	0.269889878205978	0.238124003794021	-0.123360592630691	-0.0968220557650011	0.327217397198801	-0.0812125357412345	-0.228166420385379	-0.058786183630182	-0.207506331222165	0.297564071740885	-0.440737857076686	0.27673782159909	0.238617074078248	0.173606123220368	-0.265152223348576	-0.387072386464416	-0.140714365562009	-0.495664773728668	-0.376478468956011	0.0993496724072927	-0.301687221181819	0.209066432591192	0.150976049504653	-0.18704829927179	0.273016383025144	0.0837083780332485	0.178833739891437	-0.235387033066642	-0.105499612368207	-0.337198013074102	0.289624423520317	0.147445875097404	-0.0539252497093545	0.0564261668853625	-0.105785542333191	-0.594895944821617
"KEGG_GLYCOLYSIS_GLUCONEOGENESIS"	0.0751182944233608	-0.30501789900075	0.242613192326469	0.00146312009539579	-0.272210890978241	-0.0586027587262447	0.302484021899568	-0.343402367682962	0.0866873158043015	0.203492075052676	-0.189960320072072	-0.0802460927586964	-0.0184509483557825	-0.407292514992022	-0.334134909741025	-0.431551958350364	-0.0966424179616699	-0.330969519525552	-0.433498871867098	-0.412434136894423	-0.169954210356931	-0.23887471462367	0.224963723798906	-0.296657415173192	-0.321693481460646	0.0497917032714767	0.0787679340806625	-0.403893213652232	-0.314816251440241	-0.417036956007643	-0.234904913439761	-0.164195750385966	-0.0152362391759596	-0.158755401224974	0.11960708499946	-0.00896280854430639	-0.271445045256051	0.0528238306893539	0.111104393482291	-0.415316791544734	-0.140768782194986	0.170669813979173	-0.122546243073928	-0.250164866792067	-0.14112614520438	-0.281609015430507	-0.171629169598349	-0.376260885602456	0.122065226308147	0.0590384318531758	-0.0964926201972551	0.016734179277603	-0.19580283683033	-0.295412769783489	0.0218579399911814	-0.170064697330055	-0.122073501468403	0.30984650701725	-0.0917327139087532	-0.40642325122071	-0.376641721882089	-0.0319625344578861	-0.222117682630918	-0.025174645261629	-0.261444861330813	-0.209394138518171	-0.0496683617381954	-0.141067259560019	-0.0916734731804447	0.339443159541602	0.0257266949621605	-0.131579944441203	-0.0963836652703686	0.105321500540004	0.249180580352826	0.186554158100746	0.0917303390003912	0.0525485269006223	0.091550991951222	0.361569348714768	0.325012131718362	0.228489814686762	-0.118468707504845	0.232305408650939	-0.446182863235115	0.242704422816397	-0.26685825072369	-0.301032286216849	-0.350281739689107	0.0545318382016404	0.206075315231692	0.0849316552999681	-0.0534066603679605	0.0948914896233499	-0.00365264942084711	-0.0748237936421504	0.0156622232483374	0.339481112209102	0.170987854529687	-0.388728426885602	0.0896188313697974	-0.0608356390511596	-0.0273272611278713	-0.166457628856293	-0.248489170349746	-0.417204470793009	-0.137327142106759	-0.163137760442206	-0.03453019365181	0.308124933926738	-0.0863651839665554	-0.341824287310272	-0.0366702802367723	0.0152258279762095	-0.397600459950402	0.0581233443127548	-0.185708733512434	-0.0888594224750869	0.174523289087116	0.0356435671978723	-0.361888526681516	0.181375571130323	0.078459561619628	0.370545577274582	-0.213474924632044	-0.0851110817175709	-0.51253794605458	0.105419103330589	-0.0457271763357867	0.0651579382522688	-0.0235045870309454	-0.214491019068184	-0.627594584958611
"KEGG_GLYCOSAMINOGLYCAN_BIOSYNTHESIS_CHONDROITIN_SULFATE"	-0.145732562532602	-0.137587661504796	0.257872557522859	-0.221190548268835	0.234790206184224	0.172637178967289	-0.622313219184376	-0.434223046145654	-0.34291324121485	0.078461015120101	-0.259652264086469	-0.486829080867476	-0.277263225797309	-0.220228557606595	0.231849750438157	0.253603512924923	0.0517212399305522	-0.206952646583662	-0.19222681875975	0.081166597217198	-0.203039586033254	0.0459905915059259	-0.210302387311585	0.432206847128936	-0.409385841511456	0.0378005930129645	-0.13875006796201	-0.330439155419386	-0.22416431186397	0.218199043015316	-0.451265058581496	-0.0482525391675278	0.140558612951842	-0.215989974614607	-0.505673360821642	0.214745676295987	0.367866696649308	0.132876514018474	-0.172907498988667	-0.230356032603311	-0.247674518050014	-0.226238844978271	-0.0040990546254715	0.287325271087769	-0.573939370713149	0.347792368405842	0.372048544351691	-0.128848834013331	-0.194631136966471	-0.00157084844799366	-0.165085647222399	-0.356496048126238	-0.24863007073307	0.15559475738768	0.044675476257195	0.419072472257591	-0.20446340518731	-0.365026248096254	0.224284385718925	0.288845563584144	-0.195501771016926	-0.381494539260176	-0.0715211887280187	0.464596699393676	-0.377010431759755	0.228357184924245	-0.430153461020882	0.00642006173388648	0.592314567429313	0.0677351544177375	0.23292743657181	-0.512095941584944	-0.486522623176484	-0.327648908422781	0.199240918470098	-0.340307104627745	0.17360785257709	0.196734532229955	0.197695739441599	-0.548293357093768	0.0144426567203347	-0.171132459611534	0.395892428844086	0.310638133482488	-0.00292158379690088	-0.273561077063418	-0.246938400420623	0.242047077665034	0.398325062047601	-0.284908095380126	0.320734414372004	-0.481466949065386	-0.255818112889803	-0.0289626284922988	-0.0781517136091001	-0.0398595589506678	0.0891247186199128	0.0870323055756884	-0.221649439007877	-0.313070297016155	0.0937727422423266	-0.2167979784809	0.298563342478277	0.492373316303368	-0.464052071895622	-0.189971696095139	0.296425394786069	-0.104914382222511	-0.0384862856925212	-0.139830481224568	0.155707270899237	-0.352955067680726	-0.409122350661639	0.224942008375186	-0.322892624696536	0.256818912008264	-0.489929451020744	-0.0906665634994125	-0.0877890345301387	0.0926979834641017	-0.450309425332162	-0.27850885386732	0.198450640032684	0.0992765067617575	-0.102581883482842	-0.215314512443756	0.23006829562842	0.124497407239757	-0.45700672051348	0.485922457852706	-0.351254857172835	-0.016583132775785	-0.192285033483578
"KEGG_GLYCOSAMINOGLYCAN_BIOSYNTHESIS_HEPARAN_SULFATE"	-0.256841090170832	-0.0279731285185211	0.0372896818947647	-0.0156086667827776	-0.00598602666744052	-0.154210300646055	-0.111646081405575	-0.297762481256979	-0.12654090586233	-0.0264700392577971	-0.0172778924570692	-0.145182078357982	-0.062554960774506	0.274624742065809	0.113284364305695	-0.00920340068576286	0.0837998047627426	-0.067377289713727	-0.0537759401262028	0.341680699578778	0.105359757718226	-0.172031474692344	-0.0450219499505242	0.145875627501077	-0.369755304765707	0.0314275704027082	-0.0548454734505291	-0.167208878708016	0.00825976002269524	0.15428762349981	-0.24025266119686	-0.171527258603028	0.387313251493227	-0.185362830779316	-0.276866700036316	0.0251693158051376	0.0378551171499117	-0.0215093226646944	-0.251105413200265	-0.124383210672276	-0.000870012583954943	-0.0524525310134214	-0.289206733331087	0.231225848308555	-0.252614297074717	0.0487746714908171	0.130051853123176	0.140833613214618	-0.246858208961744	0.201481085187879	0.0229557183692217	-0.117572515124883	-0.392976886160806	-0.318754410848156	-0.127306230774484	0.00665494375682632	-0.0506332533384385	-0.450587537988181	-0.122062312653077	0.280502111679945	0.220597731138375	-0.387036492923711	0.195158001628213	0.178233041249487	-0.111708479639995	0.168896490685934	-0.292501071572228	-0.179892547376968	0.30554161015504	-0.283894164700747	0.371161595386504	-0.13960782743186	-0.413405312932574	-0.330427732250995	0.170279456061652	-0.36580243153698	-0.0591867977416707	0.247984203177357	-0.178028553408535	-0.321655494412964	0.21784943002307	0.116974330083925	0.220526757562747	0.300607290743576	-0.188891222740545	0.119441154855473	-0.213049420892672	0.00679247717163528	0.291276742318447	-0.395690456700244	0.066153537744762	-0.33941887244705	-0.0986501666673912	0.0347571374562592	-0.21615919401868	0.0835630299146164	0.0139000417423133	-0.00952975671715606	-0.133956585078029	-0.114918046015222	0.0293182132548427	0.28812550047419	0.0483742237928785	0.430546179410098	-0.455379052737844	-0.161175088621996	0.367270892046482	-0.150158634542714	0.279932755769275	0.184301866749705	0.015301092382239	-0.0181632005209122	-0.300078815846074	-0.144197083242243	-0.40799971847427	0.241539683727112	-0.53938112025034	-0.00485824364138476	0.114578514315755	-0.109196968275083	0.0467543795039919	0.175309485880692	0.0836602734160321	-0.00806735544642706	-0.112760472490566	-0.308281792660905	0.282943021915343	0.0314507644120746	-0.273256451028001	0.198389509043046	-0.194950089899592	-0.236212084385369	-0.108154385373834
"KEGG_GLYCOSAMINOGLYCAN_BIOSYNTHESIS_KERATAN_SULFATE"	-0.0840777147165566	-0.271796844316331	0.270039719838998	0.0616969770928608	-0.297609142239687	0.143377510804032	-0.468042458936973	-0.0313849543132551	-0.0537819601801511	0.319752543784875	-0.2667141504839	-0.500943023510856	-0.538121346982471	-0.441627458010483	0.319346307680431	-0.170388972229539	0.253423297267493	0.0368423398024661	-0.210905466207285	0.0348301308742746	-0.0113601537960249	-0.560943090585899	-0.119380210564297	0.458528051943821	-0.221066664818684	0.489341181724274	-0.152277629867934	-0.106811073105281	-0.330836566894684	-0.20881195953127	-0.490782829236052	-0.0736225130526022	0.000575934198759703	-0.104184586486301	-0.364089046979441	0.360274103133526	-0.0604701594095598	0.152393932661136	0.157726453965249	0.0609148684740251	0.0986115500709102	0.00235527491947532	-0.22023647270282	-0.0390221819635843	-0.264598468480249	0.168914005191337	0.248821580779384	-0.389366022734353	-0.291174351823911	0.106417056605581	0.242977782142504	-0.324692666914714	-0.0730540564457691	0.0132155879535917	-0.16919454747648	0.533073880203836	-0.439311464988842	-0.471446409371781	0.0456485341511321	0.373627762790077	-0.38802930536635	-0.298011981115655	0.355876540962933	0.45342061070945	0.24052462137976	0.237209683378436	-0.236091172067701	0.257481090891852	0.523544922202074	0.0290803119789149	0.558767491603854	-0.355658084131707	-0.356383550118677	-0.497275007492176	0.140526373861525	-0.341971341088036	-0.155796695359798	0.333893672274402	0.481429164997152	-0.512351290981217	0.370291316809788	-0.0323212332084468	0.34289922072533	0.405190984059477	-0.0432941030786193	0.0469434285347834	0.505277363561964	0.365853778276808	0.177220440467694	-0.220338915556586	0.227763374789686	-0.113796972589152	-0.174232261013684	-0.368049201724969	0.287050038176749	-0.256107229460467	0.182980467044849	-0.357958800600786	-0.199304690387247	-0.134404718194598	-0.475872260097173	0.231846881852861	0.414817329131279	0.546147342787257	-0.239734077619159	-0.240672187043385	-0.181091428941756	0.00172613556001266	-0.257778154231688	0.0968203682299174	0.380131243365237	-0.577637720699711	-0.321398013926931	0.131255102610053	-0.533817094774962	0.441592451720123	-0.222525835225725	0.0433275408880755	-0.223438910514703	0.208643495720872	-0.349542857845594	-0.0153695078378683	0.338739920422436	0.333920987772294	0.0159953414837572	-0.105299558346444	-0.0869452657807022	0.176360056638163	-0.328160296467773	-0.013366414497588	0.263638368553478	-0.336440626999854	-0.261324133224836
"KEGG_GLYCOSAMINOGLYCAN_DEGRADATION"	-0.340861111196335	-0.254571558913992	-0.00834218180056856	-0.319480398244719	0.0491089257170041	0.13061462801882	-0.190285970087102	-0.52128520234925	-0.189534744687765	0.399332463452745	-0.318831403513126	0.0891763550303063	0.189775934082327	-0.0469410610199575	-0.147481152888244	-0.185158078529619	-0.449338556050554	0.000281637243909255	-0.195252974145823	0.208628970453622	-0.361621480272045	-0.0745797869346907	0.14782746799155	-0.149303262453176	-0.210942668683124	0.239065663472997	0.0874449420998632	-0.181706070568098	-0.344665676745264	-0.0993258829620851	-0.375587807264475	0.0597575627269561	-0.328912423718604	-0.627958939247401	-0.194797487341504	0.231948373483255	-0.0591520336057944	-0.284472244678483	-0.0792676644180102	-0.355238660708126	0.0492201466947397	-0.142382933240423	0.132993546176545	0.175251153263997	-0.161663470895796	0.248033627146805	0.421688218049039	-0.47528038131841	-0.0464656250259732	0.338554813149824	0.0486027204072981	-0.149543987481324	-0.10734603728413	-0.177297366929891	-0.283888935530014	0.19867250976589	-0.175530941060241	-0.0728841793944645	0.066407722824903	-0.0672345728644329	-0.189607490740905	-0.178779653651621	0.217932569518686	0.290673900849941	0.0617998372403406	0.241199696747765	0.0625959768031617	-0.0511632613708528	0.465689557534701	-0.101037225918226	0.572389878106768	-0.0604273070508252	-0.16652055703037	0.302578164658121	0.0820066660220805	0.0849927462663909	-0.0689084448823184	0.0092441728814508	0.102449647078581	-0.314475138282849	0.454592957254014	0.315601253258594	0.492201094238566	0.309152348894166	-0.372223457920919	0.153159286126978	-0.284481233928837	0.22085569999493	0.279335917127339	-0.263352071373829	0.364655423091704	-0.0852711562171834	0.181757396790479	0.104650403434447	0.0810006969787515	-0.0910166836593357	0.046338105588045	0.230792966053291	-0.0529177195199696	-0.257300796550909	0.0639482038160914	-0.298650972219567	0.26603429305584	0.23382389352125	-0.455763562718594	-0.182483531184974	-0.0037839644320081	0.327973942615906	0.125179800986811	0.186150413083281	-0.310870471064243	-0.359555914319813	0.100048120765494	0.40418839283623	-0.340474962334227	0.0418889999508609	-0.414545991941147	0.235017103258972	-0.00480962126009901	-0.175267911861067	-0.329925533467581	0.346062243480186	0.30568448527682	0.329301049623496	0.100381404355118	-0.0724261739938357	-0.0868818891060743	0.0628110873098826	-0.279203397247686	0.123770246977758	-0.0743168243623061	-0.361334582822528	-0.0584404313063843
"KEGG_GLYCOSPHINGOLIPID_BIOSYNTHESIS_GANGLIO_SERIES"	-0.245573631640125	-0.0687784380350983	-0.338694218206766	-0.00746004103336895	-0.276196753877329	-0.102989854166576	-0.570407927003484	-0.362776091743075	0.0210848904433058	-0.299380270795618	-0.29267860560298	-0.0635209636336772	-0.36896928913423	-0.374657896494206	-0.262036574760032	-0.184562596701006	-0.450969878082037	0.239121714158738	-0.346152108519737	0.0439369909539273	-0.220195845367919	-0.100179936741661	-0.525393209751591	0.0180663074360601	0.13202140888554	0.147651100462178	-0.525317814277056	-0.438497697618214	-0.4811149776207	-0.168133788841739	-0.165385756075068	-0.272139252458853	-0.0876881188708585	-0.235018227504181	-0.392772078305422	-0.0419652013643609	-0.22473146115401	-0.220815996287399	-0.0877632832510441	-0.607011115577253	-0.537029047876969	-0.247956721962833	-0.0569720239749028	-0.347065612102164	-0.220275546245907	-0.238814529907038	-0.0283787603060177	-0.210007483633984	-0.396032357192062	0.12258493538157	0.0933499647404759	-0.384945862973187	-0.111020583789293	-0.588072086601162	-0.437200162068295	0.178784372483772	-0.598903983971218	-0.425960523321372	-0.0502245025883999	-0.425425325734241	-0.539528990178868	-0.438148602165637	-0.0818017264134918	0.0993555422206809	-0.00858116563129729	-0.0679975586769694	-0.314159545501648	0.145501036734738	0.168665264616977	-0.265711634607963	0.193536537410218	-0.0569786160323045	-0.388617369207909	0.0226998961621935	-0.0180024917037405	-0.568775075841968	0.00282843811245825	0.225031014243889	-0.138065188181755	-0.571474407694902	-0.0158297468042831	-0.203249603998195	-0.0458828611191767	0.041818572294692	0.166675284897077	-0.494811561915709	-0.456019690443436	-0.137373582350419	0.0677245982198794	-0.486044304781355	0.215928524655107	-0.439624124781291	-0.176010142763473	-0.589909617788473	-0.278266659336441	-0.292670005138206	-0.317268278765475	-0.38869422936839	-0.493583024200276	-0.128751176534817	-0.154300462105167	-0.130429282720055	-0.159621442289293	0.0210982856869647	-0.418864432513245	-0.398760291403128	-0.573858151005745	-0.257061375627135	-0.160087006825933	-0.204498479795656	0.00549447805135628	-0.30109856412681	-0.444700737922672	0.0932607463528028	-0.554089447369688	0.309491115303849	-0.454409984624559	-0.11430047064831	-0.431112195371	-0.257810098273792	-0.374054126776007	-0.366360668041608	-0.361566730788893	0.232125481069818	-0.249359343187937	-0.444784792472487	-0.0854419648134693	-0.22442967653876	-0.357380543573476	-0.138452685177798	-0.296571676813724	-0.405437287707951	0.201766583072162
"KEGG_GLYCOSPHINGOLIPID_BIOSYNTHESIS_GLOBO_SERIES"	0.234405118105326	-0.0399223939398708	-0.368389766601083	-0.282125804905028	-0.269920883686885	-0.261076922165229	-0.199906513531042	-0.439884175315623	-0.166992989106671	0.182680088601047	-0.314635189002229	0.0594519289698761	-0.0191019165047285	-0.0469682744757864	-0.283668431990312	-0.0513964279398178	-0.127859387157648	-0.160953508063534	0.220682566701442	0.311005311281456	-0.421656651269451	0.440312551046482	0.0826529366156879	0.022569190585	-0.133299793216882	0.311372491972701	-0.337792096072903	-0.129984127293104	-0.347182528736848	-0.254287312292783	-0.30922385112138	0.0803880166719891	0.00672316995523928	-0.437815468203225	-0.502813166527087	0.197175683164532	-0.11971198902039	-0.209757903822703	-0.329904073250063	-0.246354200183678	-0.250369476071822	-0.518466628783661	0.284983148480476	0.103641828703804	0.0968077677275463	0.354030546208974	0.363948715883743	-0.343966384449185	-0.116621563621813	0.160684262047407	-0.259643593850772	-0.0266861087196842	-0.392023270096214	-0.341141166463173	-0.170209177487819	0.434732954903716	-0.414076107267643	-0.269615920932092	0.0757700160247483	0.186088407333994	-0.0392634062985448	-0.121290193785222	0.337729680175227	0.405667178481534	-0.252137198792798	0.494447082856744	-0.039425103710635	-0.287253286659021	0.487381367371856	0.441345352414776	0.447088762311388	0.0598329455108371	-0.0601874412129338	0.0239629043970847	-0.276729872286429	-0.129616402468609	0.241393357569514	0.184773252203273	0.130472274817494	-0.372962411424519	0.239978198282801	-0.142259247579837	0.335596025628016	0.250914010527574	-0.0727729531616927	-0.365584399815356	0.0295696161765894	-0.0196902711372139	0.551269566915189	-0.378955750008023	0.290542747045892	-0.311414618027599	0.106050004368238	-0.00232444382104102	0.395912651416915	0.204043982634138	0.0712764656892888	-0.170462530431383	-0.241783120741789	-0.127646386002953	0.11457338956476	-0.212254758703446	0.564454495147637	0.567941292301456	-0.323252722254501	-0.160334059275127	-0.397844295337381	0.0148545792607748	-0.0838035145194069	0.0302256630226358	0.0102568439279937	0.0053090448589678	-0.2321997107676	0.273325868089542	-0.501216838551973	0.193108718615589	-0.306552325144272	0.108708085665387	-0.191384823541691	0.512784069268183	-0.168331915900983	0.331597078548446	0.127179419034983	0.229035981261331	-0.0945036713174153	-0.141481254800856	0.0774483400872675	0.41788875599747	-0.303516054467986	0.323143968569634	0.159069788425087	-0.0487170675188607	-0.0514860439292255
"KEGG_GLYCOSPHINGOLIPID_BIOSYNTHESIS_LACTO_AND_NEOLACTO_SERIES"	0.0121739178344342	-0.347308468478269	-0.315387616995098	-0.0972905385646377	-0.241963950921318	-0.0919528725751404	-0.141342613351701	0.134925113834068	0.134241583017433	0.0179564808226796	-0.460966472707528	-0.17665065180269	-0.183795599165962	-0.126466471164795	-0.0961279856394283	-0.0753775122996813	-0.108249739675168	-0.222343844717318	-0.142723975732386	-0.208199452450645	-0.218606749790091	-0.178772574403474	-0.085085779393509	-0.187289868901787	-0.0179692543261503	0.414440884386146	-0.111102435590774	-0.202066369192064	-0.195483483455166	-0.229356902045455	-0.324457449678219	-0.404043160728574	0.0837089976089855	-0.0146635873109381	-0.347762404450041	-0.22925537241406	-0.104606324107708	-0.128396290070449	0.0819223131891289	0.153511522642964	-0.203590405375204	-0.160049213600862	-0.235772416488616	-0.42219225026695	-0.0895577508500354	0.14654620550587	-0.225528321030246	-0.240088202431274	0.0340299513445178	-0.208226124193875	-0.114173441663421	0.318741676997282	-0.192198075273944	-0.370868732941794	-0.181342680616271	0.246288721860513	-0.133662628306366	-0.351286837697444	-0.336407753610372	0.187690012645457	-0.0562474528333838	-0.0227368169305073	0.286731538899325	0.166139147083763	-0.0815275421676974	-0.181838680721706	-0.112385898594046	-0.0852029464541305	-0.116070264765137	-0.2482772558596	-0.213385113997753	-0.301012731904114	-0.414319900430004	-0.26878072509021	-0.289876112671218	-0.194556071533834	0.00279621237317226	0.21462415951624	0.0894547543799017	-0.252074917524661	-0.0492051250910301	-0.0954180421872595	-0.253625450350947	-0.128128586918421	-0.100907319560862	0.206743180054653	0.0985886413198963	-0.175641511139119	-0.130048854990117	-0.148110924125681	0.0680273839164496	0.0380683899513701	-0.0649886371283657	0.0599189771089956	-0.115710424468556	0.117354878133801	0.169066761459938	-0.296198648333451	-0.1538497881359	0.0557672109878	-0.355794743930652	0.251332380076449	0.214161902004214	-0.112359895668692	0.0326162685773149	0.0128632804219013	-0.0729654230414599	-0.0200321376075853	0.125934735579792	-0.158143209050465	-0.0511165300419071	-0.29577072434564	-0.356457994887417	0.122842611337439	-0.288249573549286	-0.17684979289411	0.274366633136832	-0.220756791424975	-0.186532554041614	0.235293421917865	-0.0124758508202122	-0.0353177883045094	-0.121294011879218	-0.21264478368329	-0.14716764744457	-0.358146971983784	-0.0540432842267701	0.0503615241815209	-0.0604364644548214	0.0330988792809587	-0.40479562103301	-0.300571640925364	-0.407059200709336
"KEGG_GLYCOSYLPHOSPHATIDYLINOSITOL_GPI_ANCHOR_BIOSYNTHESIS"	0.226815823724594	-0.170828705052067	0.112968400343751	-0.186336405313916	-0.108910140726701	0.0148911180748875	0.345991539397771	0.0899192423340708	0.224970209827466	0.0164432438711232	-0.291707148018129	0.230436438942242	0.0823516229250356	-0.459523772437295	-0.245709191907122	-0.290161432933962	-0.465954496694014	-0.351168211004604	-0.402614306957692	-0.382059305928064	-0.236758375660405	-0.339423743666261	-0.33875370521998	-0.357087143062638	-0.484870910281027	-0.282285978172926	0.0528308975701351	-0.439827934722962	-0.395430989168886	-0.357830424335695	-0.405657523658863	0.0541879184035114	-0.148144458160327	-0.247689559868819	0.106817994258753	-0.161911301562633	0.0834120794765457	-0.275299095793219	0.00845265919779079	-0.28921260761427	0.157501603358803	0.151792912256696	-0.0967456002298127	-0.0518400370490991	-0.168014057969389	-0.4785941609401	-0.170404020545904	-0.380984659420579	0.0151980476159007	0.136916180981487	0.112221909842545	0.274924482619955	0.320591984135615	0.151434044612421	-0.33030307524968	-0.177578579584582	-0.583162564159269	-0.039409187860471	-0.397352385614207	-0.321898181942896	-0.383166868262438	-0.469350437952769	0.0145579763133679	-0.0370253525183245	0.00389963950116931	-0.219623635555227	0.0524252573938649	-0.098307247672501	0.0635439967154764	-0.0181474491100894	0.343843735443417	-0.311157221284139	0.284707583178906	-0.236363488441995	-0.423295284536139	-0.262740811380923	-0.162251650908601	-0.267153996101398	0.0535239580841095	0.274222864085043	0.604706565328696	0.116976630737916	-0.39174168002168	0.312641247051655	-0.222849840201251	0.0757924396406867	-0.254108210145327	-0.470313587739623	0.0382128488304072	0.142066761770937	-0.142698570307131	0.181347713742567	0.438812798347657	0.0983589368266587	-0.261135286747006	-0.386386873128604	-0.359212409900364	0.285485622624342	-0.0150948213645846	0.116214252525207	-0.471310224739053	-0.51361259315281	-0.322940898343857	0.0447515420515565	0.00418483043217235	-0.0939751960235164	-0.127084537549498	0.371794675817032	-0.221557563839505	0.343955230455312	0.202881997529356	-0.152004390883771	-0.0903525533368038	-0.0494660393537312	0.0789856804490333	0.216578184658918	-0.0238898306478614	0.180380358075659	0.305561281308917	0.144308290334565	0.318763735971074	0.215614029004534	-0.00335186576827223	0.353547253799622	0.209176375462229	0.220075058017699	-0.193160535041937	-0.373698076450377	-0.369854077201617	-0.155369843221222	0.058235705305752	-0.0578396130066258	-0.0585576232370104
"KEGG_GLYOXYLATE_AND_DICARBOXYLATE_METABOLISM"	0.285779816813161	-0.425267911592046	0.196566835287631	-0.136430221323422	-0.0824781764533333	0.526631284347238	0.275928982762264	-0.17529505511443	-0.205050390569806	-0.0817907879777491	0.174359463934402	0.255356467187345	0.447802020873095	-0.0257629154140711	-0.283032783272891	-0.48710525110918	-0.349121924897795	-0.616687032386885	-0.59269633365975	-0.345911376535716	-0.294418347317617	0.230825819170848	0.214096733549052	-0.547013110719926	0.0764759059383161	0.334205568416084	0.125160984316482	-0.142830234782494	-0.320573766186444	-0.205649872827201	-0.00159739424317085	-0.145573652153037	-0.202244618700935	-0.416760522416884	-0.226836726068577	-0.237240428980984	-0.618284703886537	0.00679406000853278	-0.231160212986007	-0.496561932590418	0.0432501044789528	0.280162352713515	0.332326068993622	0.10764509373163	-0.285109492057603	-0.418590432412944	-0.172823506603856	-0.29122890150036	0.362826153539153	0.020047737609595	0.487476014530386	0.268451377052387	-0.386859740898926	0.358749556341792	-0.213492703026693	-0.365548988752022	-0.0427488502851939	0.471060277851754	-0.0808990385638798	-0.181664529415529	-0.169465528605534	0.0586889311442891	0.333034241916631	-0.0870534402287489	-0.180796977704538	-0.216793624429562	0.256417713467984	0.185797995115655	-0.310094530738854	0.475272168548746	0.0810374187464784	0.328626324014143	0.32357864686132	-0.136900662053223	-0.0735429452640183	0.307563781000441	0.0464409809904057	-0.0841233767957962	0.276028561199672	0.395870025314444	0.282176492404704	0.172530126974162	-0.438956371084032	-0.145384725854567	-0.50158354155616	0.52186215180075	-0.297140966885089	-0.0231982621262063	-0.0502161503272427	0.0817572501808442	0.516135699188381	0.111821480797248	0.266323043138302	0.0296423087568496	-0.00628667493996857	0.0391455203838074	-0.314538669213951	0.440091137955622	0.417023055478258	-0.430022104078118	0.24556521373714	-0.0741022270121136	-0.0943314239274795	0.0438831478766913	-0.306153248248859	-0.202693852900757	0.25022626137156	-0.0874313766126461	-0.207258364037525	0.435222330971939	-0.0475270179154095	-0.328895714600346	0.159880746710651	0.121101467042835	-0.35103655827606	0.20552833824714	-0.148486550971828	0.337604847868221	0.321276722140174	-0.0591862173143163	-0.190413432334561	0.602086986215622	0.208735946542411	0.346906539610243	-0.235371149746582	0.13870297750899	-0.647276427700551	-0.271195890710049	0.0230864064744222	0.0562827649189151	0.112203939733113	-0.205307118542975	-0.448652220278784
"KEGG_GNRH_SIGNALING_PATHWAY"	-0.270698975059589	-0.0988100492098878	0.0157246722228595	-0.0441206319918001	0.133798945309371	-0.119298877121218	-0.236262345257286	-0.210471323245321	-0.0450399800331123	-0.19442399437297	-0.049100601346775	-0.0231024967919098	-0.0470191709114941	-0.0649396750879102	-0.0691427331756178	-0.00342559607781154	0.0860959903763796	0.00772257913049637	-0.115363455494798	0.0703707769720915	-0.0623174036874974	-0.036505026339369	-0.183111269678146	0.000265237938769008	0.079692848562804	-0.0963654900126571	-0.13411641614837	0.0366616464766741	-0.167432713162469	0.110544289492501	-0.0930208143408298	0.04432333529875	-0.194227011232875	-0.174215345565459	-0.112892746814634	-0.0907940917543601	0.0949678761051349	-0.150374729538514	-0.127697376858281	-0.168670662487335	-0.10386252065917	0.0632528634265305	-0.282751494057574	-0.110330055015549	-0.143502687226237	0.0812115677235582	0.0268983425588201	0.237560851499202	-0.117519056295929	0.0944294596157788	-0.131459505505935	-0.0250227210509505	-0.206479177773058	0.030450829675171	-0.00621886349237449	0.0591473491213429	-0.0972087209213782	-0.00972706609606791	-0.18201118220727	0.0256587207391273	0.0535902992473171	0.0654023552036191	-0.110209864516979	-0.00797101961698185	0.0629188034436461	-0.0657689123478038	0.0240652242390862	-0.239249229384525	0.217823452572547	-0.0276856399087696	-0.0276428759325113	-0.096785345258396	-0.261326115290459	0.0180839919498708	-0.133264828249677	-0.0801328063734863	-0.106024706599101	0.187476007273368	-0.25497379599932	-0.103046665391693	-0.0396894642356655	0.0429571177517315	0.0953102784333741	-0.249332928280863	-0.0821366983156964	-0.116013271744488	-0.0840689467499274	0.0740774098262744	0.0737603723296364	-0.188477918654797	-0.0581209681327375	-0.294291821861066	-0.140468025288617	-0.145418965625856	0.0295922213805017	-0.0615889015083286	-0.00718461832443587	-0.0834630094089192	0.0176590747732364	-0.150293467790013	-0.0410192355717185	-0.154598190985719	0.00824297452775338	0.128385029610207	-0.238473343085146	0.134696861170328	0.0350673134264899	-0.147901583115706	0.108333340954384	-0.0402553978296109	-0.0650989876878076	0.004231192255469	0.158114338315028	0.053061578729095	-0.380079625914245	0.0791522800756394	-0.228596330340326	0.127058152529867	-0.082171296150201	-0.246848969109822	-0.310971892219607	-0.247088757193621	-0.0466369400831922	0.0303430198318116	0.231769770522895	-0.0770024559011104	-0.0812548855371277	-0.0532765441428832	-0.163321288415587	-0.256922183593706	-0.127338289493502	-0.0370913981456985	0.019576641502076
"KEGG_GRAFT_VERSUS_HOST_DISEASE"	-0.855881668986028	-0.896993587556567	-0.875209703719806	-0.921929694470795	-0.86739451724546	-0.833572953652733	-0.85970556750808	-0.917916075608036	-0.861636433876385	-0.91121080861137	-0.878555349997577	-0.903404293300014	-0.863611211470769	-0.898142425191794	-0.89196604336491	-0.857612077439515	-0.887692180380085	-0.912203431256714	-0.905624021029546	-0.859808512080856	-0.911530726611897	-0.86886653699206	-0.888195683690296	-0.866064312620795	-0.654846530187574	-0.824139157346941	-0.845602042668724	-0.867115587360513	-0.812367612549093	-0.891665903667758	-0.866884222920072	-0.791767039407039	-0.881775266787259	-0.890979649926656	-0.889219016573536	-0.857645646230852	-0.886867738140997	-0.827194976682514	-0.843142362558981	-0.867702601171089	-0.775774416007029	-0.834676909168109	-0.912640448126339	-0.899284812764548	-0.854407915033713	-0.882691584395326	-0.923049268210961	-0.900627838026895	-0.911028139109132	-0.904454674929185	-0.881655516011725	-0.892475901295971	-0.894456026465283	-0.875292508119956	-0.899333481328772	-0.885996564411046	-0.922390347031469	-0.916626126318775	-0.882000708829165	-0.900938680822255	-0.900683684934551	-0.888851745098375	-0.897516928005302	-0.889362431857702	-0.911103691968061	-0.898475349133266	-0.879079812259858	-0.879359166658329	-0.881011718395874	-0.887012098855627	-0.873224519574517	-0.797696063688027	-0.869916681564291	-0.9094153072713	-0.878655183929627	-0.940834408001499	-0.876579877498502	-0.874891883251904	-0.894239250503221	-0.908931081797706	-0.870556671707178	-0.909423073076038	-0.888678111700009	-0.895032322237082	-0.906024439440416	-0.834715467932018	-0.857536359704664	-0.910092880319457	-0.90236896316193	-0.910935112258221	-0.898874602129716	-0.930666720738723	-0.804525322346787	-0.906267586978794	-0.877016715152718	-0.936935756072493	-0.91915089067543	-0.893475672581152	-0.864246951147313	-0.89594852915491	-0.930094389687839	-0.914872464357304	-0.902776014979184	-0.899085108289141	-0.914522075125163	-0.888658296351291	-0.866531480255072	-0.886153640808232	-0.926962745772992	-0.915056960117047	-0.906860724923311	-0.927409089070911	-0.857122101443256	-0.840115648901055	-0.863559677192952	-0.924646435546091	-0.929691614146827	-0.876557110539082	-0.894673081759484	-0.891430587919667	-0.906208243109596	-0.855190822679206	-0.918525868592362	-0.917956662321078	-0.911318915987994	-0.897336803837796	-0.92408141453759	-0.913124566118104	-0.803373112770472	-0.884252375953479	-0.898450660817052	-0.910358531554035	-0.892386287077317
"KEGG_HEDGEHOG_SIGNALING_PATHWAY"	0.0549340709089721	-0.0636489448705833	-0.00866865709380638	-0.0646551241124488	-0.0375531454352619	-0.142295776108274	-0.0270287033711747	-0.0167600722066079	-0.18294928652799	-0.133277453679477	0.192445169537369	-0.255345183983256	-0.28514888888236	0.0819845070581841	0.175265482500165	0.0551445683986684	0.0797846241970096	-0.0546024853636299	-0.0513656011920545	0.26473969599803	0.277387221619722	-0.395048719174127	-0.0787826438670075	0.0118990914808865	-0.0247786868348404	-0.136461501343841	-0.184305987692231	0.096333154616916	-0.133425594951482	0.170089549175462	0.105317986122982	0.0618587017280128	-0.00137320477963707	-0.0828492099133495	-0.125577528654137	-0.109802579585894	-0.294794316099333	-0.13473360751526	-0.153474274381662	-0.0227616561456805	0.0339608095043049	-0.143117678929661	-0.0055474218812574	0.134756540333682	-0.23759994889599	-0.117515893759392	-0.000649728305517683	0.165101949132534	-0.358356838278569	-0.0799411529294416	-0.29916670759419	-0.119320546336772	-0.187179065132704	-0.219378949748074	-0.169056235832397	-0.0578927680675221	0.0641260567098005	-0.416313228727331	-0.071803468808944	0.233329665294555	0.135857340823643	-0.263095345908695	-0.0907027310147165	-0.0352847153565725	-0.0679158813615456	0.102764624993658	-0.233604848851819	-0.300105725765045	-0.103831767994957	-0.439743347282548	-0.0137114883128052	-0.1895117417624	-0.232257006811968	-0.0873591202500645	0.0925132109622474	-0.243947936827998	-0.151719803053772	0.254727538136262	-0.13835990030709	-0.205807765015109	-0.0264087810418326	-0.203293045260659	0.060985005201267	0.212009395059214	0.0730005801443504	-0.0522078461067281	-0.271148805036484	0.225799470549832	0.216760762422986	-0.315233267655757	-0.0981248085169088	-0.199970908070534	-0.228853884115386	0.271852983502509	0.0822606216221583	0.0568548180999578	-0.12039804290547	-0.117613678529686	-0.0823175529573676	-0.132899737499994	-0.124982998283595	0.275214357605386	-0.0936349355744964	0.319654062321584	-0.0935905480838568	-0.107387844857027	0.179771480744451	-0.0974878953090987	0.383985838026019	-0.260579828959022	0.0870515128802758	-0.159259520474178	-0.267318936278799	-0.405899909951687	-0.252769381707985	0.0228958349186907	-0.295445037341019	-0.186347437279387	-0.0596874301438874	-0.188548694297616	-0.201216842337656	-0.00320297466756478	0.107853728069008	-0.0859174269021784	0.175619042206665	-0.254936298587486	0.228431656689438	0.00120023763373023	-0.129478003711833	0.0473957905722709	-0.121255997802632	-0.223830665883266	-0.0511632076762769
"KEGG_HEMATOPOIETIC_CELL_LINEAGE"	-0.0337222304688527	-0.0473638171121185	-0.31991936313818	-0.119917996304334	-0.0714656402048302	0.40545180213059	-0.43546495154768	-0.109098814726327	-0.322782332546693	-0.236995990598139	-0.0115151530488025	-0.0373911992729905	-0.34877235160568	-0.237242923664369	-0.115809756195623	0.0868649369568153	0.086950617550901	0.113185412112762	-0.0634914679235848	0.154933029653777	-0.303984015150698	-0.036511762194441	-0.278769569255095	-0.0240850604690772	0.109179733571658	0.226722716317084	-0.218640550405658	-0.129567408788951	-0.0617585742512518	0.168753601262375	0.208608155087053	-0.0786778363569702	0.033158999525693	0.00626311572386321	-0.153883364149801	0.224395509088985	0.0658680980339302	-0.297839961889673	-0.233332563363441	-0.315508677373832	-0.437780337730432	-0.0542470454541596	-0.135822797234177	0.184211032747121	-0.0932145524777931	0.0874635319524545	0.0951202720899114	-0.127512907433787	-0.275980457314891	-0.117969180860509	-0.154128925622392	-0.208335059072508	-0.0356403257209471	-0.256705124028455	-0.0497482668604303	0.306709298613001	-0.202520809857217	-0.236157024316793	0.0768897468477076	-0.187932103439188	-0.191241467186565	-0.153033818582716	-0.0664684023401247	0.281652713751402	-0.214899819099382	-0.12806819739263	-0.324413405883548	0.0843142564156383	-0.000671051777762804	-0.141357513887691	-0.28998411579185	-0.22279166060525	-0.242235722958275	0.0499881101627589	-0.0301763824223472	-0.359393730665119	-0.136468360714546	0.519510108253502	-0.191463887761748	-0.235112893836941	-0.570242808834756	-0.433350142199233	0.209713558608945	-0.30726706606106	0.103614816983172	-0.415867899821569	-0.156301941962816	0.162359637105082	0.379634667263379	-0.24295860713519	0.0838113487867919	-0.314388177031207	-0.280209072417391	-0.296440507171312	-0.113777510405283	0.121732069974082	0.330284486785844	-0.360716359159524	-0.11494166152595	-0.311533694639712	0.14927493711957	0.222190046572353	0.240805428596849	0.159399509276137	-0.209657193986341	-0.10717584158427	-0.418469479071298	0.119355035679512	0.297347025696719	-0.109390455379097	0.0919595982570691	-0.107656833824645	-0.207009240279918	0.0372576547943417	-0.415958072425228	-0.0554313257994562	-0.133342374929993	0.1033380278235	-0.14566730979512	-0.126595231919255	-0.340656063347719	-0.142015389284062	-0.352471355453586	-0.0627968073172796	0.0652283505947993	-0.160507378273579	0.0938915740265803	0.0829526406081577	-0.345503790136154	0.0594774493645321	-0.201422690230676	-0.08786522165063	0.155657420038421
"KEGG_HISTIDINE_METABOLISM"	0.161904113750059	0.0148611710093132	-0.275962002429549	-0.0898407568782852	-0.294676216625646	-0.118445994328124	0.44483854923194	-0.0837431613284651	0.0647925241642556	0.15067996469118	0.0576730810829091	0.0398235203638836	0.177977228246076	-0.169073013873057	-0.331947716414357	-0.496520981961552	-0.325231083716161	-0.308428972060681	-0.521058332334528	-0.456608756207383	-0.57658141339388	0.16945157556517	0.176248819919466	-0.394167581840241	-0.321235873187805	-0.121107076628871	-0.0379101819495974	-0.0306131909074982	-0.130010636171215	-0.373000969029719	0.256138914508873	0.0615471502794338	-0.219471956216559	0.0683819423392096	0.225584702451359	-0.0651815128451899	-0.617663208882185	0.0623489207119226	0.257555388282849	-0.184119611012259	0.329415353677025	-0.002951348427015	0.202446839778835	-0.281347719326753	0.371017462571704	-0.250566155103065	0.0542704291867411	-0.144332775998363	0.352493770924241	-0.357271551228434	-0.362446321021079	0.343005027079961	-0.118964794786888	-0.0423798995803265	-0.267760219343361	-0.27804588332675	0.0256676631710971	0.255635521585681	0.0343814208445062	-0.205595930617319	-0.0194171389570399	0.180373613133908	-0.0986127205552916	-0.148946744292606	0.0435526525071012	0.166537418957798	-0.332603568060185	0.0504493271399355	-0.33102983151067	0.285735394564557	-0.580064064735133	0.187280741864769	-0.044402650678546	0.0347335076728546	-0.392741332826624	0.316196814738419	-0.234999047788371	0.218125956712198	-0.151176922307437	0.161459027931842	0.542532128301295	0.323269104902252	-0.498140100575248	0.143623214004148	-0.190930891092025	0.443151592175373	0.0869200540073144	-0.130924933624941	-0.249283711138369	0.0412442545165215	0.204438924765276	0.283463224739529	-0.0862994114489175	0.177151535567291	0.16418719543041	0.12320185527989	0.162352721140338	0.425984525368225	0.0517708163896489	-0.0628741449741284	-0.0155692504934861	0.0383803969834912	0.202586615781151	-0.294532447297386	-0.126271519500481	-0.387147953102437	0.265247903379329	-0.396952282367388	0.0722798819825075	0.38319325317524	-0.254510022504499	0.103270502026392	-0.22120238288057	-0.119603057406769	-0.436741732092546	-0.469535208099634	0.0853606267336067	-0.412472088103764	0.400047351755355	0.00153826191670273	-0.433531422815984	0.237281139977059	-0.291008157532007	0.247594411670505	-0.146660032108408	0.101093727493237	-0.160674572177951	0.203846144273684	0.318261013477413	-0.107031928136726	0.245777833569634	0.00207495406596572	-0.516037309136344
"KEGG_HOMOLOGOUS_RECOMBINATION"	-0.400055524226225	-0.467890391155164	-0.336844984489407	-0.3606381829393	-0.0802624158691943	-0.250838153008639	-0.4865116571995	0.121754979119672	-0.35518642067943	0.0187564212797536	-0.445474259431054	-0.225336515531058	-0.257281657393019	-0.167269514584463	-0.0699011652729948	-0.233211895748444	-0.160404988398547	-0.163010173036943	-0.22444262447439	-0.292251319234647	0.110434927436546	-0.137622322248713	-0.242534646327934	0.266117543413197	0.174759879560001	-0.128971048920423	0.0991739526769114	-0.240225338667339	0.0843919607886759	-0.165696196168991	-0.0932529255537348	-0.0418263587279081	-0.161914709736495	-0.218102387961051	-0.199544078709022	-0.249040916513025	0.172453527115523	-0.335684658471322	-0.418279022831119	-0.136169676513978	0.163805595751101	-0.299422938953355	0.451261501931904	-0.3601485293546	-0.126873305823838	0.390896219384595	-0.1978786449982	-0.497977671598342	-0.245932881934598	0.0863821250865731	0.465006865758687	0.0358469877870763	0.0618671523963567	-0.103920896295549	0.37853005623375	0.254691479119002	-0.102134104198977	-0.079185973365722	-0.448251385206546	-0.229402672282252	-0.0317153850730459	-0.199261185495855	0.0821219147026148	-0.14299549919592	-0.109442977525039	-0.0632567978705831	-0.344148697727617	-0.0325837874199158	0.369166062640581	-0.392221710626745	0.360137303949291	-0.15709957085968	0.0221363524849358	-0.11430306625881	0.0466939218303384	-0.233284279592415	-0.212551132481897	-0.560646974738598	0.0978920834230872	-0.345577103187291	-0.132112109650447	0.0162338287071083	0.376263329120662	-0.403146582337408	-0.166209383903064	0.25883668552917	0.0323471483141055	-0.24511881709934	-0.102269254193121	-0.434279335350463	-0.00878156681578984	-0.047776346406162	-0.0046436655761504	-0.277132081622264	0.257976467741058	-0.383508589228536	0.367745530016006	-0.0518109270630325	0.0804079918716524	-0.143385827502399	-0.0840214348744762	-0.550939116471149	0.104804936547869	-0.100951759913214	0.105719049955897	-0.0495476160007486	-0.0814242754314337	0.031700286318549	-0.358785441974933	-0.237883070109637	0.0419030504999817	-0.108392305050749	0.318558160107337	0.143248324877451	0.0167883751515474	0.0921047440529421	0.101987777852788	-0.120846152412141	-0.346557385203985	0.080779966848071	0.445004012821328	-0.0649367701668954	0.0657124989919906	-0.127093565043967	-0.343033247777263	-0.0437925723065293	-0.163147237716897	-0.42926811500487	-0.299441255669221	-0.0796226085323736	-0.248284500070657	-0.133971894522162	-0.144754902151964
"KEGG_HUNTINGTONS_DISEASE"	-0.088929281765534	-0.01323577797442	-0.0726095206668902	0.1820945934494	-0.141116588634123	-0.246080641166955	0.105773368723678	-0.308341997380952	-0.231949347110936	-0.288747468039386	0.0792652679227886	-0.0576515979261369	-0.330165326423409	-0.446517051405225	-0.49855938552876	-0.429881859691961	-0.334295613077028	-0.449659570852882	-0.53817958059752	-0.272556224262964	-0.301163156167408	-0.0674782739849652	-0.033463595954195	-0.250535896994954	-0.294451284370402	-0.281696111775915	0.0744417310704572	-0.312742234860776	-0.400624808161038	-0.424431526159785	-0.0216577980451134	-0.112368190804278	-0.420800836766182	-0.165112783000073	0.0917031658931392	-0.0280955469749088	-0.358885819896252	-0.0171603792942422	-0.0745087858679548	-0.362936557049799	-0.00562014364394622	0.070950250588637	-0.147012797817951	-0.444887513856448	-0.193957476301484	-0.358813105420015	-0.375539242154298	-0.128930765989082	0.157467152175807	0.0600745280763519	0.0604783392249937	-0.0617943523090627	0.137093870903002	0.113234776183931	-0.229426038397603	-0.317992441518014	-0.19677197824709	0.0429876336111384	-0.160141289075842	-0.397046630909538	-0.374135826259212	-0.0573344751528117	-0.171249978421471	-0.329241333538644	-0.176253656853881	-0.255453805266754	0.160073349830939	-0.165786770943808	-0.0843237523951274	0.120085859288217	-0.0114685003401718	-0.0623649736710594	0.158277406149858	0.0264269509103636	-0.130403190082286	0.112560101132743	-0.302124701645449	-0.254390569340786	-0.195822447105425	0.288712397348389	0.183372065794487	-0.136291797668864	-0.319771638982402	-0.238976469720618	-0.0851261098782437	0.258425106708986	-0.452595105080318	-0.456696809628882	-0.375884505066151	0.0162887733089022	-0.0596670026143669	-0.0372559537407626	0.177527980945558	-0.249453312638464	-0.280334286195041	-0.316773634999012	-0.247597216634067	0.0550759477873156	0.269268723649922	-0.299548158172864	-0.26763559336151	-0.307615510728173	-0.124191535408663	-0.0393682681963709	-0.2723770133727	-0.342913356218979	-0.255882898443031	0.121634911084739	-0.24533422169438	0.341056992501781	0.188201059436878	-0.361781152978037	-0.0181975674011433	0.0323042953433086	0.0952559229999932	0.192922818215991	-0.310838487197643	0.086731666008224	0.0670521638037862	0.0614856691788515	-0.173629776883837	0.138058871845387	0.141209138060968	0.175078158587024	-0.0308661845773734	0.213599037199841	-0.545163220633473	-0.405998119480441	-0.380576354826409	-0.285878237733809	0.130377528758407	-0.251881742097076	-0.36145266610404
"KEGG_HYPERTROPHIC_CARDIOMYOPATHY_HCM"	-0.0816032202812768	-0.0816966947235282	-0.279283155569378	0.0546447242974481	0.0604182925714736	-0.173196535598258	-0.29290011181682	-0.2552490011365	-0.182093997524566	-0.0515124329234345	0.155869612432127	-0.311258918604835	-0.198286840655348	0.161245172691757	-0.172197110773768	0.105024564655736	0.162578594038983	0.0961108801505641	-0.00343491786213104	-0.27914315736415	-0.105674354042886	-0.245599905797537	-0.213468208446591	-0.187549836443004	-0.29248631889918	0.101578189176219	-0.204266934194733	-0.0391851973548459	-0.0990045087059257	0.0904702412691548	-0.250441716255392	0.117984448833887	-0.251881687501769	-0.154685695254482	0.00875362800975729	-0.173333928082122	0.0447350310305984	-0.201605676090621	-0.0514163181240499	-0.0909861891552582	-0.221012211831017	-0.171035917472675	-0.316575371237771	-0.132934509015259	0.0148332911419338	-0.261320876675765	-0.167375566860457	0.279060995991713	-0.388762958797658	-0.332357932339399	-0.230946762106302	-0.265867879423516	-0.120130342034274	0.0492765544477176	-0.275740882820498	0.189043105436039	-0.0509703061676896	-0.111945113762361	-0.0406447847132147	-0.00348789996098825	-0.169993827398276	0.0829608484116475	-0.250444596945807	0.0238180193528423	-0.0386031966750078	0.0410007196326365	-0.113273935935903	-0.337865530174306	0.0107486833711929	-0.151936530098873	-0.0766283104365839	-0.265096468828646	-0.238694263112048	-0.143833400731261	0.205756741273941	-0.166431676012301	-0.187360728353935	0.0876306175722845	0.104238866346798	-0.172055658901548	-0.26594737096546	-0.369870252074877	-0.0591191683244086	-0.104849506213415	-0.20493224836225	-0.433280161706834	-0.218458398540537	0.190677745289145	0.140452042457563	-0.325416430621431	-0.199968085463415	-0.149120857761992	-0.375413889207147	-0.189590613819883	0.0815495776171542	0.0977454460016727	0.0647563047866476	-0.294137641585874	-0.197234837541911	-0.177610578483143	0.153328119408971	0.306862831021104	0.0283102061400635	0.173353303194771	-0.151552291791348	0.0107226242435566	-0.14825651103066	-0.0225272837098045	0.251144726674619	-0.0160775559885479	-0.167433279804949	-0.28395320713289	-0.248644407218345	0.0269317465907655	-0.175607868351107	0.0167216589866748	-0.0994470158458916	-0.156244254687329	-0.0592542490314782	0.0920841377513788	-0.423378985252267	-0.196657871878196	-0.130559882528952	-0.269138067172365	0.203559220321494	0.00568963287311275	0.0433571210124719	-0.0990305218940581	-0.462545753329191	-0.0464897248836243	0.176791846807854	-0.0920784834985294	-0.243924399724264
"KEGG_INOSITOL_PHOSPHATE_METABOLISM"	-0.252435346926727	-0.405347064404386	-0.301371225022548	0.0162181569640972	0.049954070452509	0.0287123848510493	-0.248673687252347	-0.21896905433009	-0.00306718314981774	-0.258514306159759	-0.140955139691356	0.0812655302621481	-0.155947360258982	0.107408962291664	-0.0651361255430412	0.0710246759621409	-0.405912538277382	-0.150100601881132	-0.310180844474725	-0.310092653485578	-0.251377362039413	-0.0515235987838	-0.444279687448931	-0.412856981187251	0.0327949465563492	0.0742277963057841	-0.20131769143432	-0.0990501128544412	0.104914245745418	-0.0704714044290758	-0.18368165868504	0.0405784532659765	-0.147667570682567	-0.0880553627341276	-0.258017725592934	-0.265243642650864	-0.21044912027333	-0.023370314546362	-0.464770815545786	-0.232383928526444	0.0232490258500057	-0.227823782249114	-0.310219531427631	-0.0111977743272794	-0.0830531716969447	-0.185742505001895	0.111005248055371	0.09011446947072	0.0239312019828073	-0.0264752334192258	-0.099467381031018	0.081513531568745	-0.160171735240644	0.00513448126170224	-0.0768703029496524	0.10626349264496	-0.278938348160304	-0.180438501734478	-0.154220913256115	-0.127618352458134	0.288298222960313	0.317718978134541	0.143956567362537	-0.150712444891682	0.14749742759916	-0.104240942226088	0.226900746971734	-0.248566985336647	0.185675731588964	-0.0358771527604875	-0.124595514833919	0.199660027630925	-0.0559912838320389	-0.268088591053142	-0.320331988770095	0.0730381407807284	0.033787803152477	0.0361742682912259	-0.311863496522761	-0.240064239385466	0.242169263896799	0.128986800336623	-0.0302490608549534	-0.0613003642140627	-0.332414790760383	-0.0286968002254602	-0.265168277287261	0.206090816730972	0.010208346854579	-0.0104180530342904	-0.212756486214495	-0.213899286437081	-0.0196137447310723	-0.0299554620134614	-0.0228969422946996	0.31381806759842	-0.0794070540340426	0.0189294442777313	-0.220133482094945	0.0762054940131759	-0.168012989462079	-0.0861354148066484	0.178475933126554	-0.042829073732796	-0.343896957996789	0.287534405375776	0.201071723737917	-0.159304157162104	0.233424063182563	0.0709338987212552	-0.30901168627632	0.350904231175306	0.115334515754687	-0.00549922994264951	-0.410761508657327	-0.0515064048673355	-0.223516912746158	0.219229828964063	0.0696715311440562	0.109506263344417	-0.121696045890534	-0.0269466436717105	0.0951482680385096	-0.0803297186056079	0.219960666889572	-0.313010262685023	0.213619898833819	-0.0283343919996762	0.0784544482777355	-0.413994189487724	-0.103517115058943	-0.113320030236995	0.285286337242256
"KEGG_INSULIN_SIGNALING_PATHWAY"	-0.0938806430791747	-0.205075685496872	-0.0361549111171783	0.005918039753564	-0.0784783848783169	-0.115248554108122	-0.206196677068146	-0.322377858277091	-0.25007422968529	-0.285151016439167	-0.184221734352765	-0.100703273753292	-0.222721379677847	-0.24780354574053	-0.241600857215072	-0.0825613430348258	-0.232503201296285	-0.23517929914656	-0.400779379997035	-0.256968921868423	-0.18315344943777	-0.0969593070450596	-0.138820271228493	-0.195759314812263	-0.179872745818663	-0.00503844876702264	-0.214408516334507	-0.0343158817784797	-0.336705357983251	-0.141381812895534	-0.227884319456401	-0.0264221141435104	-0.278040966859496	-0.246310193293117	-0.160935465539636	-0.0994141054024069	-0.219031021867947	-0.265624172543449	-0.231194413155832	-0.40004302515505	-0.240543860061315	-0.0147222938364267	-0.221257343383012	-0.161517761011322	-0.265713305280278	-0.182146047735441	-0.193393798986307	0.0500359322965871	-0.0618829041387104	-0.0405129696932265	-0.132160895574542	-0.123988069723945	-0.24627517830316	-0.0104579835423124	-0.145437537041765	-0.00813156749418828	-0.216442115811306	-0.00109071405683508	0.0850249327769506	-0.365685483286448	-0.252402392689496	0.131890623903458	-0.229215094982318	-0.0605879938196	-0.0262194107734867	-0.175956247068953	-0.0119461806290151	-0.221265995312134	0.0534956025262794	0.116750227411874	-0.0489986449078593	-0.0554269998875262	-0.0423934541984908	-0.192295922653764	-0.167702416739819	0.0405312049301498	-0.125648821427937	0.030774675170888	-0.220259963147741	0.0961150742984376	0.0681244781971742	0.00783372789064879	-0.157923050694761	-0.143751037999165	-0.317311311369562	-0.122683153035033	-0.304767460438698	-0.140521067151306	0.00579397227232939	-0.0718647139461303	-0.0217055757876692	-0.124930191101252	-0.0747337336303799	-0.263883259974254	-0.192854917870381	-0.125894358542796	-0.223486852290576	-0.0702355384608739	-0.0872260676162217	-0.335700324170013	-0.233499552950318	-0.303634120528608	-0.023407472462254	-0.0133135024559389	-0.361089158756783	-0.171533737907224	0.104761251055876	-0.148104631754659	-0.274168304894658	0.0548447750680233	-0.128401373481248	-0.209912947583329	-0.0334473799083421	0.192213872739335	-0.356207259542735	-0.0287360298756749	-0.254567739118891	0.0501682755370398	-0.0516264131735967	-0.0923528206176033	-0.222939180920838	-0.127055368447823	0.0918438385900725	0.0316135841584741	0.140138815621105	-0.0934517369614539	-0.334462957251899	-0.325436259619336	-0.268432431313243	-0.196486299598666	-0.10367972143865	0.155697326012562	-0.268484984842319
"KEGG_INTESTINAL_IMMUNE_NETWORK_FOR_IGA_PRODUCTION"	0.05659281947266	0.0157297215148227	-0.224292752915697	-0.358585847289365	-0.221452655037521	0.400714007027806	-0.106749811182762	0.0366770165209082	-0.43908252458676	0.166201596541795	-0.0461102163454151	0.0936859208395606	-0.339124229105229	-0.333094174901004	0.428374275445497	-0.0548495715656148	0.180680265182064	0.185089366877986	-0.0103754006561074	0.163186666208357	-0.167007632236999	0.105301079567107	0.0873348404758412	0.119770020992771	0.358632271686761	0.110369353247981	-0.15199965203306	0.0627566355183909	0.0711276463650348	0.0494200572858128	0.333575101372153	-0.371858540045336	0.142135628400958	-0.0829330903552377	-0.21515664159619	0.174457663683969	-0.106721028406562	-0.0307277444380061	-0.0799139400313855	-0.323072077836447	-0.293536528385718	-0.11254783159823	0.0505308984917273	0.332250405919484	0.0367111191410066	0.290489531862924	0.267478909358075	-0.421868437383411	-0.272430265770457	-0.0340294435339558	-0.0396100648349072	-0.34963908437443	0.106830638288661	-0.240665379558302	0.239533292823718	0.351475890518961	0.0705694590149518	-0.0858664530775515	0.250929603286482	0.00860017080108022	-0.203951296819957	-0.185669665385754	0.0820039636171549	0.25883632283338	-0.443126215754971	0.100665066274569	-0.316430617947637	0.312921331798438	-0.243860846133665	-0.200557203063911	-0.298503618430768	-0.334029310124468	-0.153011833912086	0.394683734600531	0.0941065846026751	0.0147959609838668	-0.165087615273141	0.168926430157613	-0.0714178105003817	-0.305434727253247	-0.548855562375391	-0.17012682205054	0.452005981085162	-0.194450124796597	0.37440555371501	-0.408711890391289	-0.00874585631139527	0.205229250759421	0.439256997436422	-0.475759185346736	0.229746723463347	-0.365239312025345	-0.369570388280508	-0.25343224938491	-0.221239303536969	-0.231617552007149	0.467471680263379	-0.265655243518847	0.132389415256743	-0.239955381137186	0.151150305104284	-0.0119997703880933	0.129430502277918	0.0520505660291762	0.0572514945160639	-0.348950207275373	-0.470273077676302	-0.14751774925628	0.158648580844761	-0.2245594191304	0.121974762544292	-0.0452808700950065	0.2616955248468	0.26917456387429	-0.327430822073209	-0.192948483701449	0.0796122041389483	0.0823544513314718	-0.237830675447337	-0.0276726311817651	-0.185818637920981	-0.218357926458215	-0.293419025674521	0.144539801339278	-0.143068560265389	0.0339451125838487	-0.184650445003101	0.255622327992781	-0.0860031090767476	0.0623889403877064	-0.325756556573949	0.0861629539721366	0.536004978190671
"KEGG_JAK_STAT_SIGNALING_PATHWAY"	0.0467698121303845	-0.122584531800516	-0.106633477436331	-0.0371403789212267	0.0875765707946381	0.262228009314526	-0.267227719842812	-0.0573573681210636	-0.0819854436290859	-0.164438550904055	-0.0827903245503274	0.0343793576694675	-0.110831241330033	-0.15102051819492	0.0473820721975833	0.112606274551419	0.00227152472949885	0.16066203070894	-0.0816420155037712	0.261432921024861	-0.195999597481861	-0.00170164300202882	-0.148629391263618	0.000982920543879551	0.247871277472958	0.0362078949882208	-0.1814087225892	0.0570126047118496	0.142139247072778	0.0984948681558842	0.145323791175869	-0.112309060482375	0.072349875820908	-0.032768116727264	-0.0873644752819892	0.0919415755156547	0.000648249134282547	-0.235472669505514	-0.151498004590718	-0.206702656672323	-0.264480235303691	-0.00942101825952418	-0.261345171518198	0.183990144572254	0.00875807428567089	0.00603575723693889	0.154007106505382	-0.0752972866258481	-0.0631676424461639	0.06989167483596	0.0388676494083393	-0.0192112643639138	0.0421474379650169	-0.0656325671568897	0.0602434779387349	0.163863920157627	0.00367131905305923	-0.0103268161568562	0.168264920515139	-0.0950581869529353	0.00879710433531367	-0.0139070717802361	-0.00730273866200151	0.0898196365865982	-0.154311435856248	-0.228985592764164	-0.173464428342275	0.074658831636794	-0.0227260011489623	0.0538968505779364	-0.174735943136478	-0.12239866245223	-0.109603399029217	0.128450572556181	-0.183525135879458	-0.25541945367699	-0.154749666755706	0.359044601097592	-0.15534237036666	0.15834351728041	-0.205156652757543	-0.207653506814482	0.188961859170323	-0.0628175443743854	0.158427266579909	-0.315307849878455	-0.00592841976530636	0.102846255097984	0.180615216620868	-0.0136114049928936	0.0755871260701219	-0.198732026836129	-0.287242839498123	-0.262878864154307	0.0294295421564713	-0.174779039883644	0.252107182605266	-0.0401850031333408	-0.0807011870874782	-0.0446440300137532	-0.0774939806828135	0.0917292746498019	0.0745760296104852	0.0854863043512552	0.0281161204821034	0.0300114981613013	-0.135541708126429	-0.0199895212014595	0.174039336042562	-0.109488092845802	0.153655919543798	-0.028762333092038	0.0159980816356196	0.111457282517329	-0.2433779002474	0.0816792992908388	-0.00859850774741008	0.032513690552109	-0.0615603014979271	-0.201166355488017	-0.215772075431339	-0.125050274352049	-0.12404216616773	-0.0861063798948206	0.188865044908139	-0.0056172974410697	0.0718275040676899	0.0734860040486758	-0.117040838487557	-0.0633462579530932	-0.11088297246317	0.200904404515309	0.294864952350759
"KEGG_LEISHMANIA_INFECTION"	-0.273741674723169	-0.253214374292938	-0.0698634321779313	-0.373127822580827	-0.0520803907604749	0.255638101243799	-0.37777332196517	-0.319099346869509	-0.377754469923878	-0.274020170585397	0.0492017947859782	0.0238898158366565	-0.544988669133587	-0.400714758220045	-0.253725288457208	-0.433849748434288	-0.0312512540232961	-0.145281526272471	-0.368741346404795	0.189367456198014	-0.365276522172787	-0.0378763273175846	-0.402849631003775	0.123231571819257	0.0463404224965522	0.131373426445513	-0.415817560256931	-0.24975890690349	-0.0360690560551221	0.0683326208155139	0.123193081503686	-0.240298483741678	-0.218152649597453	-0.19220097783419	-0.208330172617642	0.246858666736423	0.119648865421611	-0.406613197717145	-0.254025033188264	-0.404233581340349	-0.510804777257716	-0.158295459320217	-0.135902897740563	-0.0171371261370391	-0.405903419438926	0.0996589280661373	0.160243033827723	-0.214011905163081	-0.376413311674962	0.248160467742443	0.0919133391398441	-0.141868312373996	-0.167863180490615	-0.239745123528981	0.0835735620522504	0.153750362034243	-0.468150033037825	-0.252261935411093	0.00427986886319681	-0.271019345597258	-0.406739984575501	-0.204604971877872	-0.289029105477307	0.0485578301999413	-0.272399081111977	-0.206218232458942	-0.399906661596625	0.178931724207297	-0.119624109118074	-0.179234855331196	0.0746336397356907	-0.443406651031875	-0.184449144543205	0.0740220909991741	-0.0510602923479961	-0.259262111737163	-0.52891985831997	0.229696185892367	-0.234063320036423	-0.115245071774128	-0.411461579825805	-0.288388527087992	0.222815144738977	-0.362213300281105	-0.0294330680131554	-0.502406314668515	-0.256481215923313	-0.196075473583439	0.0547973963483648	-0.429711670911443	0.0269680096239339	-0.438402064667427	-0.277699488977185	-0.432951100568957	-0.0587945795137469	-0.316101627464769	0.214325291969814	-0.388088314159635	0.0204708192541819	-0.39699623107679	0.148856853035179	-0.130212413875164	0.11321065826493	0.192211112735451	-0.469374665225729	-0.397719517006358	-0.487040867522664	-0.0258603469515633	0.0966287621970561	-0.0608885049318671	0.0894681315512105	-0.261669782387399	0.0265992435285159	0.266165528477874	-0.388383136562124	0.331800825940805	-0.388575422036383	-0.0470340350226613	-0.490954981580365	-0.287322359866448	-0.283217382692177	-0.215441461877088	-0.234191051287884	0.305510970828167	0.112017273498382	-0.0937356592830665	-0.299895281970642	-0.0555178543450178	-0.426618284623791	-0.140939526374527	-0.224552543239664	-0.150141777387521	0.0162971528486505
"KEGG_LEUKOCYTE_TRANSENDOTHELIAL_MIGRATION"	-0.0477651837104374	0.0871281992155205	-0.158577356322135	0.076577602364829	0.0796882761604858	-0.00966853244686672	-0.155605057328448	-0.330639685380482	0.0944060699913382	-0.266826956191718	0.0873572653351921	-0.0873949394138617	-0.266736846675618	-0.265990445885057	-0.206544746824209	-0.143691668833464	0.0758805123814968	0.0820842039667278	-0.272780203988605	0.193604303234163	-0.113397136573883	0.144486053794854	-0.244065562889175	-0.0794596500428427	-0.0421292711936224	-0.0418369900122751	-0.216074602010167	0.00157691690453435	0.125468786498983	0.148132628926434	0.0472745655595897	-0.0932673391843891	-0.16738527574518	-0.0661680195102094	-0.0381664206553294	0.19578884344094	-0.0611520641818143	-0.228160627655153	-0.172856547862566	-0.251454433322596	-0.351647851566416	0.117166002278096	-0.327346159893133	0.0359904293881303	-0.279920341070236	-0.00996082907294421	-0.0018001138979773	-0.018931599849434	-0.0501407369612213	0.0606778141433712	-0.025416176244582	-0.184077730546711	-0.237284942225872	-0.0470356574464886	-0.0587263986847145	0.0218533645633455	-0.252103756784675	0.0153591326717226	0.00416781495753485	-0.129919467807581	-0.0403218691685712	0.162822998992066	-0.103792107150318	0.101124746116618	-0.131328417117977	-0.0509762594494334	-0.179960788161821	-0.230513972919972	0.0792417547328728	0.0152158023404109	-0.0438549230355155	-0.128264682974781	-0.112066607830771	0.159441890811813	0.141552706908343	0.0714693457110718	0.0643959606624949	0.260278363576229	-0.227765144094225	-0.134189461902472	-0.240335969510607	-0.0682892739810824	0.0877716535273776	-0.336561018104138	-0.0663489120853792	-0.16305004511875	-0.158890889106854	-0.117030326824218	0.169679783809095	-0.217091016941927	0.083611560770893	-0.378389222956763	-0.21221849772741	-0.163686718815204	-0.228099184544974	0.196936745842632	0.066962210990308	-0.257958971052953	-0.0860170553890084	-0.318963676386936	0.0253344062049653	0.166274713456035	0.193483749121106	0.0854564151587094	-0.298736692851346	-0.07666954130588	-0.223346264990516	-0.0770465313802957	0.201456688471471	0.107441969683624	-0.173418727235108	0.0396455112235598	0.130986155171613	0.191948460861128	-0.29366036323838	0.0299443712948748	-0.210004091340451	0.102757321594627	0.00709303538739356	-0.141702734775778	-0.265546846202637	-0.229888954157723	-0.036819904096631	-0.0660594016230122	0.0634508470754309	-0.0330906496990878	-0.166176344247584	-0.0691347658935701	-0.33463179365876	-0.0760601806095957	0.122424948908592	0.0107967599521804	-0.0446024168694155
"KEGG_LIMONENE_AND_PINENE_DEGRADATION"	0.365728427947875	0.041538218858581	0.518079832869525	0.435860555861522	-0.212583118071894	-0.15719930325753	0.789504626863605	0.0228863179384161	0.61701341241965	-0.31916994260556	-0.0774403373191391	0.566808320138752	0.335263485347425	-0.518084113635905	-0.780574590101108	-0.717588484906862	-0.445043917352666	-0.567923299127965	-0.686957892438166	-0.53289436570514	-0.635220981181452	-0.0320580983435679	0.43947031517738	-0.611819632902615	-0.13129027319674	-0.269870004228673	0.0732136678690323	-0.37498494253683	0.0628813983057424	-0.563076930790495	0.431933694722993	0.0563541542262292	-0.463926186772481	0.0316950941006331	0.485480540176777	-0.474716682138854	-0.712868382178771	0.133207258245867	0.121237028528929	-0.394382294550121	0.470655802985021	-0.0539271302492429	-0.10299271042633	-0.618659372494746	0.454886059698042	-0.511206048477812	0.0801032333463194	-0.0522024093638669	0.847723333171153	0.137921020613761	-0.690940854817938	0.430768347800678	-0.412533489221036	0.361087341465277	-0.466939342716251	-0.593273024633339	-0.00368361656531224	0.693816446633519	-0.490222003603774	-0.386094762559073	-0.135109594323831	0.371761999424127	-0.345122272251322	-0.479879874718232	0.332217697825054	-0.213370977511349	0.498100895987429	0.143758217175089	-0.334368187147476	0.514882407087696	-0.700571698825125	0.399234715292052	0.516333719664919	0.439372662397074	-0.544536620404418	0.691422186061999	0.0777694581746225	0.412821622129399	-0.22548535447068	0.844538967064432	0.808650329646258	0.718786521230934	-0.648148969562607	0.0308659659874286	-0.342322038563953	0.736182021703944	-0.504886272117291	-0.546683042835538	-0.597915015676862	0.426283535227482	-0.0877755019031173	0.39721750109599	0.322315356007618	0.0492084358234937	-0.245316942344525	-0.199338920466581	0.0604576561474612	0.590766547360031	0.552618355984926	-0.339683868337978	-0.250606227196907	0.140743988337301	0.115146294466777	-0.249772934214135	-0.737135824634574	-0.566825206222248	0.484708283207585	-0.144000033690831	0.186535827745852	0.810710257487855	-0.436534249781384	0.334434779418012	0.215309198167531	0.284553604952973	-0.135858979353283	-0.192773517196899	-0.542104694698891	-0.000354099062545105	0.463027482456931	-0.0639389961440589	-0.528373909471709	0.520358867228495	-0.0746776114807949	0.579639316283657	0.108180026111013	0.0228713541989299	-0.585934362429594	0.0500234444145933	-0.0314639735824577	-0.268492381887706	0.712567412294758	-0.222725462490182	-0.689851291164189
"KEGG_LINOLEIC_ACID_METABOLISM"	0.317717506008866	-0.0796652535458947	0.20595780684487	-0.197232429902749	-0.191727205876913	0.217236009228769	-0.139213591872327	0.204416519035379	-0.00324985011664933	0.167639364430922	-0.0454082177874373	-0.146347194128888	0.292538913237963	0.19788021991399	-0.0487397644402939	0.0100791830425082	0.0162551405534768	0.264775762601205	0.296945135186562	-0.185483928543968	-0.361157882480091	-0.126043378662192	0.0676435048043529	-0.023548909128475	-0.0030701929366995	0.0399210521503572	0.436444843080821	-0.356429905590529	0.217441168079938	-0.00513145981754565	0.206046361083773	0.0892146077602695	0.289753407634445	0.13624189496378	-0.0752925188520964	-0.0749705018739507	0.291312569498346	0.230811279033737	-0.117091888353789	0.302858343920839	0.291194479825852	0.396998863812868	-0.1612875714654	-0.109605009496056	0.323121670796586	0.300964164463806	-0.15845784360019	-0.0453072656833225	-0.235170961216297	0.160448749092558	-0.483277254307782	-0.289646484600983	-0.120616879820334	-0.103738607923972	0.34340036105203	-0.00160370462769691	0.221148692715424	-0.0644265266540347	-0.0543553516220017	-0.0930785329139535	-0.12589060062734	-0.179395906326723	0.0477167335336214	-0.199927229060666	0.0727749529776514	-0.140163830265573	-0.388333153342129	-0.0413653844329053	-0.435413499491622	-0.16603747072204	-0.589757985084277	0.0808130294882988	0.0802038015199623	-0.252345729248276	-0.203557906770053	-0.148983256039014	-0.118774845288452	0.176854095717569	0.0383921874462753	0.190432913065748	-0.556877431292057	-0.0498185871109463	0.157390921290056	-0.428260956590091	-0.186653996473389	0.129159889828051	0.0940016350554288	-0.0688622571888914	0.118375865687867	0.150353942669771	0.121536546819633	-0.0253441912726639	0.205974000044092	-0.111891978137407	0.108273641986739	-0.0697997680355948	0.345413089295629	-0.110693723041605	0.0549650787605915	0.374531809953154	-0.292228713191499	0.135962957245156	-0.29773507687249	-0.230631673504378	0.324602398333877	0.0531142065936155	-0.0170735145756883	-0.353084417955708	0.227802435733559	-0.419943084109638	0.116612495390262	0.37379670911398	-0.0776743602864996	-0.275997274367153	-0.11621314175294	-0.210439434490068	0.266337363978472	-0.299202765837201	-0.157357086977245	-0.0939601655362838	-0.4978808934705	0.275014548366583	-0.494266167473085	-0.104575059773488	-0.151516159919706	-0.0392262923470892	-0.0214738273252478	0.358562816371665	0.0190870276438593	0.127025860419183	-0.333964536859348	-0.400335271866592	-0.202928785731959
"KEGG_LONG_TERM_DEPRESSION"	-0.137626358247168	0.117136605530792	0.0648272097196955	0.0766517143034183	0.190705308988464	-0.0166649239352897	-0.268714149420591	-0.150812554022802	0.0592108602232088	0.0404109568909295	-0.0133651127784451	-0.185400064076899	-0.262953921177377	-0.152333711922707	-0.159923381325249	0.116330496363717	0.0536204379329677	-0.0570846588591311	-0.0364053998283521	-0.172639221843636	-0.202422023949978	-0.0920890208162533	-0.170010456528149	0.0603627856395177	-0.0169818436845127	-0.216844987419763	-0.0402479977441823	0.0291721305789728	0.0470357478607571	0.193140506652541	-0.0922620611911674	0.149011859233798	-0.240925334239426	0.00983744819946158	-0.0906478377603284	0.137800651460518	0.245254070770038	-0.00906380780930247	-0.0656138936180874	-0.0972251565549651	-0.101183923540423	0.197915431757511	-0.38616148239651	-0.110444017137691	-0.068116439421513	-0.151056549174906	-0.164059801034492	0.279015708749696	-0.232253362815597	0.0573772162622165	-0.185390279105049	-0.281128743916512	-0.0804323570645075	0.0671162842521604	-0.05372521114013	-0.0507257607359953	0.108664086149951	0.0201147591848941	-0.128454743959344	0.0304204832283269	-0.195869680533663	-0.0944880031090533	-0.196961927278117	-0.0961840960639783	0.0583855922801619	-0.138293621149022	0.0485842293023702	-0.244256831468982	0.0248117887523549	-0.0784601174585642	-0.01858251376007	-0.160213065605255	-0.268014766513424	-0.157828934540411	-0.105249643502282	-0.23058770987905	-0.132702426977656	0.192938503552255	-0.166251268098273	-0.0125231018389221	-0.166783521039226	-0.0693909111402333	-0.0534755797750371	-0.106906953696801	0.00688035210621943	-0.157761425322581	-0.175728509871119	-0.00473689784911746	0.0537399295161575	-0.25530091991228	-0.0374186764893867	-0.237239784630562	0.00452430314409658	-0.313509307807196	-0.130245577710549	-0.09410376820848	-0.0799907883054535	-0.254308041216612	-0.194741618244183	-0.0233960110574252	-0.061724783610206	-0.0298618705990571	-0.0301716505771913	0.138816687384625	-0.0664889625222116	-0.0224707345372768	-0.223317452844202	0.0734471645563767	0.179571140850571	-0.0352661246303891	0.0496410730767707	0.114813726921675	0.0298636864406033	-0.0805323471539368	-0.341891163095861	0.161343574219035	-0.0560300065611328	0.156475417768462	0.000972219027338156	-0.10270821534817	-0.340137536705822	-0.136714901481463	-0.123932655565627	-0.107098118232938	0.238191548259481	0.00795071034910297	-0.0474829513590719	0.0740224052490042	-0.298272977303571	-0.150831009290245	0.0260189545258485	0.0516139922661392	-0.0943400330671473
"KEGG_LONG_TERM_POTENTIATION"	-0.256304247241564	0.00196776972243176	-0.00945268506883792	0.200921234434693	0.0450246112815038	-0.130815271833578	-0.211231287133263	-0.32799994885169	0.10306751633943	-0.234630974296381	-0.154531301436609	-0.188901068436067	-0.420244092133338	-0.173607693247749	-0.180566327236933	-0.119967893929179	-0.0815625748106317	-0.147773921634296	-0.158126219202953	-0.00794513888133888	-0.081293685630856	-0.239310117893546	-0.27769204653397	-0.0197982174782926	0.169172279129506	-0.149683840336627	-0.234615058889505	-0.0173510557199014	-0.00185416511056499	-0.117523785827005	0.034558411570582	-0.121469303109373	-0.17608934100957	-0.0681062297788732	0.0243487248469028	0.0524875205274354	0.0237235330321317	-0.135222186991471	-0.107196690946317	-0.293726456801857	-0.173480006292423	0.000298052492399392	-0.311067579465622	-0.194872350659793	-0.0511196940305419	-0.0067146498784556	-0.297044784301105	0.17999961565685	-0.253268836798232	0.162746774348144	-0.115185485948334	-0.0673297736105526	-0.0599561243961667	0.0945353761872529	-0.106948036575933	0.00561512213308379	-0.00806642157523421	-0.0548656525860427	-0.0741937850344466	-0.141584165707445	-0.0599341968468995	0.119084786635025	-0.213332176612556	-0.18261918699004	0.0469968576135602	-0.212472878279809	0.160737314334874	-0.280396953557548	0.115039858232075	-0.0312177637582449	0.0952664603607141	0.0654813928429067	-0.087783749687799	-0.00574827208491677	0.20147721865935	-0.160031397371627	-0.0523947363322841	0.151394350869774	-0.364952719531899	0.021693863980546	-0.102362953442583	-0.049800513519144	-0.0370241815145779	-0.23652606302768	0.192580630188127	-0.214016495803753	-0.353660504412746	-0.151874201782421	0.037753718894387	-0.102137149351933	-0.115149943598374	-0.27263673453701	0.086514432688611	-0.185175719872546	-0.0520691222548303	-0.0332963132392087	-0.0815275964375355	-0.229355688379078	-0.131324511961029	-0.117226643097951	0.0387821356738616	0.0460985405198187	0.111031451873874	0.0166117283720504	-0.180578088588667	-0.0401631981656984	0.00353474747009966	0.0421657114587334	0.232551544998324	0.126925830834532	0.00657066405700976	-0.119517977275045	0.214760506053653	0.11028606913926	-0.230380893342664	0.192143135582625	-0.174415059549939	0.147868309707525	0.0507999357672699	-0.111039842340051	-0.176956525767981	-0.155896821146714	0.0882869834783558	-0.0893959429794169	0.338739465827954	0.0512506247740424	-0.0577600044673383	-0.339493607567516	-0.411064025489113	-0.381098631036155	0.21967536197309	0.155312420817938	0.192345432806834
"KEGG_LYSINE_DEGRADATION"	-0.403735647759815	-0.299231029761955	-0.101187976168861	0.038640056461884	0.0735294182445994	-0.0996062340373982	0.185398166417725	-0.269408751636117	-0.0787498112650786	-0.325351264300519	-0.41671705151969	-0.0936792806794508	-0.186937284269015	-0.231751234594647	-0.344223643705445	-0.324011188353486	-0.531448616834193	-0.478446925030247	-0.353654943366224	-0.341101811476326	-0.276560573128068	-0.296094443677619	-0.121402316714497	-0.40247383154721	-0.307429399961268	-0.398699636201401	-0.216309931440388	-0.326683744470549	-0.20556556425554	-0.217871437973521	-0.173602553184263	0.124713693018051	-0.250938010982601	-0.110768667791016	-0.159689658882868	-0.323132280919021	-0.293867805544725	0.0858751484004641	-0.00988129974017254	-0.160093028691127	-0.0396881563732356	-0.375471451463149	-0.285274767239079	-0.158571987740082	-0.286490838115384	-0.208837557629999	-0.356525198556618	0.0544237922622294	0.275120112025182	-0.137058163260623	-0.134096708214911	0.16040601525074	-0.151888080137411	-0.0670396951216762	-0.280910271638295	-0.369444618890755	-0.266700147682309	0.192864019919475	-0.386102456457063	0.0441113337710767	-0.200610033833223	0.316498836698621	-0.0301017403205222	-0.297005989618102	0.0739311398766008	-0.377877768328121	0.0151263310226982	-0.171874594766185	-0.26364426299372	0.187717522937743	-0.263792951432506	0.00233125713820068	0.0384077021061539	-0.186566497943253	-0.330359620704728	0.361859604671702	-0.216510405083834	0.0206723857997524	-0.306527626100347	0.152100712570916	0.232098201125784	0.267504801294051	-0.495210393472342	-0.044933842032116	-0.452131956568622	0.235443877040312	-0.167991918418162	-0.377788461397391	-0.401385161972364	0.0267072527930976	-0.41529914066273	0.0711137637217297	-0.0943684612659946	-0.0748315243415938	-0.0601868441530095	-0.0533428687939312	-0.244431684752719	0.359418571585005	0.1068975250094	-0.274396035211691	-0.282728998409247	-0.17472146956115	-0.0806106004637411	-0.475600191528335	-0.424066330167809	-0.169067469735786	0.132000553844715	-0.121191000485428	-0.0656391398027956	0.338307405310561	-0.521113717250434	0.0313050005072055	0.256822667549499	-0.0949815080125764	-0.305270594648489	-0.122832798753183	-0.398007448822523	-0.128119710177272	0.0342123728299445	-0.25579965900757	-0.200224820278574	-0.0504331675040314	-0.213880766247709	0.007046398772667	-0.0399649560570235	-0.258638864259774	-0.0751982473768819	-0.121786902425274	-0.225331256221069	-0.359356732686867	-0.0987520451347504	-0.333612413397906	-0.13536685329397
"KEGG_LYSOSOME"	-0.254091214860292	-0.445191807882051	0.234877232050598	-0.300250514108197	0.00895652221171156	0.122299232302343	0.0291037341446867	-0.534157886203894	-0.236387783621394	0.0137404197133232	-0.386389460879827	0.0416315570910276	-0.383336770268747	-0.451233226290601	-0.468088691206682	-0.583777921979851	-0.368135607298377	-0.256238034985247	-0.44508321684387	0.0521904321321101	-0.463989047596443	-0.111169807038728	-0.0895195629857372	-0.0617128122443146	0.152922911951123	-0.0433926638639037	-0.215856915854135	-0.455381715065203	-0.259784836121868	-0.278844840684431	-0.132611765550315	-0.186843658326084	-0.332355540676153	-0.502287090224764	-0.0109295635897217	0.216090584241374	-0.371752787732707	-0.408043235471827	-0.223061187389091	-0.457758115801338	-0.152801145297368	-0.330406733266539	0.113223383979666	-0.172427329757721	-0.147540827787667	-0.126106081789472	-0.0943055680524141	-0.484871388103138	0.0377708450252102	0.326248243178739	-0.17987465992713	-0.16828287740207	-0.0940590988512641	-0.229244301500034	-0.0680992238869431	-0.0515389232972132	-0.471038992361151	-0.270028025536621	-0.138511218647326	-0.480589524353575	-0.459999885304593	-0.231694981735021	0.190559838390255	-0.0492387298984065	-0.0994288283411382	-0.139724293049781	0.0249742205624411	-0.10052075495789	0.247721613339338	0.0508726883131097	0.261895740816512	-0.114621878067014	0.0871177288827784	0.18741473723956	-0.0501638367964013	0.0365267505290075	-0.196461910347687	-0.275320352441198	-0.0644971601694063	-0.0687545872687287	0.0917307391686087	-0.0648236936309171	0.29362324455972	0.0886020883771724	-0.317022021351806	0.0159953665344866	-0.431944538330098	-0.360043929994623	-0.0798499426656822	-0.389870821900349	0.188662570578032	-0.300174075683238	0.203427433046843	-0.321857776105488	-0.169813340076998	-0.26007595257039	0.0251712587964628	-0.169418322942556	-0.224990253968712	-0.417448185225811	-0.0277356846857421	-0.290720584917234	0.0494433596833981	0.0313968651150208	-0.491349024417378	-0.482904745458114	-0.380222794666981	0.243609501357235	0.079319108386168	0.209795235468545	-0.350254980392077	-0.362281800173379	-0.0951424537178468	0.283631144982605	-0.352609943846383	0.224124442530935	-0.494188221557568	0.144609489928747	-0.11081986924128	-0.00830544061383739	-0.204652829199741	0.236610894485924	-0.0649736043828189	0.35152601655186	-0.133810117245079	-0.0286674200987086	-0.514584717398432	-0.33628712303888	-0.386572283819622	-0.0586801894350688	-0.241877477617895	-0.401441458837353	-0.227066747849806
"KEGG_MAPK_SIGNALING_PATHWAY"	-0.178276579514079	-0.235188384669486	-0.119599140908167	-0.136762062032952	-0.0912181363051481	-0.124796159276679	-0.313308883872516	-0.313413538430112	-0.344489628542728	-0.208911684944091	-0.211043242888437	-0.199620096994524	-0.300407089918105	-0.222888184368522	-0.180233265696447	0.0226441464691678	-0.0681389055806663	-0.0842950327071088	-0.258927898821294	-0.162984846417289	-0.0586607683265799	-0.19307118380708	-0.319291683976792	-0.136551060721536	-0.064027048047334	-0.141413509238027	-0.339475751073159	-0.0678406106548097	-0.206969493694561	0.00713832350671209	-0.135225123357929	-0.066291842399152	-0.225508091577243	-0.199562751963579	-0.162842033641923	-0.12408374323266	-0.185096724779395	-0.138008136095459	-0.132040339066238	-0.359013092577913	-0.158960065418721	-0.0968751597173885	-0.291752606950187	-0.0988975174620959	-0.250335029471461	-0.161198834502756	-0.107024546284646	0.0824393490093957	-0.272468196515469	-0.108958485872056	-0.192645623223449	-0.116227538538729	-0.161680165484803	-0.131212233383973	-0.194501195186787	0.0190807715773524	-0.160082499461739	-0.253688114371414	-0.0527353394843539	-0.195010361641868	-0.116769092903913	-0.0280059464608743	-0.265049216949146	-0.165238367652476	-0.0554711156744376	-0.252591804405426	-0.152839329423868	-0.259505377577828	-0.0485511460081345	-0.160366404895534	-0.0967470279148492	-0.216245654635895	-0.151257133918231	-0.0891057533003288	-0.113035071042517	-0.138036496471098	-0.283427205217714	0.166823383331172	-0.287009750390938	-0.0804965089178006	-0.166126538891092	-0.217588668645601	-0.0393674134261012	-0.113468113994994	-0.142878580204482	-0.408391091318732	-0.283577424194117	-0.0932482111754428	-0.0638950012176987	-0.220396850118642	-0.139876790845691	-0.215506932024039	-0.0891032660948908	-0.181227900371326	-0.185339138796125	-0.0450649045473851	-0.285560994509205	-0.245924752379123	-0.15569668208102	-0.274002063202204	-0.147889408959745	0.0359752018545522	-0.0151135525822052	-0.0882900664412581	-0.266809767559811	-0.0320831892263987	-0.0679857144230216	-0.189848190565822	0.00782733490943624	-0.0615669789779415	0.0120300967583575	-0.250967023439827	0.0248797171393099	0.0376233743627027	-0.232234019215705	0.0971426149163159	-0.25024621479319	0.0418544923156772	-0.137034255287665	-0.228071129856352	-0.227662547027272	-0.209286143742285	-0.0256556393046023	-0.0933928580766613	0.0695124371295342	-0.10894513398791	-0.23049210183786	-0.17399565988372	-0.290802755936043	-0.19587095607346	-0.0642662191941859	-0.0464305319297634	-0.100444511369778
"KEGG_MATURITY_ONSET_DIABETES_OF_THE_YOUNG"	0.238621809877092	0.0650345156977136	-0.192991171727288	0.0734738411305103	-0.296956989797117	0.0728776391423316	0.437160124015139	-0.0397048895835758	0.0924951067796376	0.498929853355752	0.125163094991335	0.291895405855135	0.292689890396195	-0.0157084797059469	0.214553071767308	-0.143188053488037	-0.013967372812379	-0.0336487463939204	-0.0418400563283191	-0.307289543898029	-0.0678979741764516	-0.144905988657977	0.414479273475255	-0.0698030159186071	-0.306422394599658	0.374688130060905	0.177357189019673	0.223070032099206	0.0905618809027748	-0.0793733874827198	0.258546455497141	0.0229288584967675	-0.0974811387115979	0.0236873059799095	-0.00916880549332719	0.267586188990334	-0.1794738787507	-0.0650221084397937	0.477109198793603	-0.0512273833887928	0.096843463672937	0.181122740267765	0.276460743711702	0.0839258494322684	0.196731944099204	0.206980130609245	-0.262044675309126	-0.35926388631002	0.155013765447283	-0.290869795772582	-0.101784055347468	-0.24494581068519	-0.448510277168932	-0.224983781152516	0.313686626710559	0.0123258215685974	0.407696746480544	-0.139517429447239	-0.164845934449888	0.124755182547037	-0.324564137367437	-0.100300674122925	0.0568582626918305	0.0270538822436551	-0.0987127782963347	0.241238733651458	-0.442768587562942	-0.0548455086512484	-0.203306500789452	-0.182657350271824	-0.277383796787847	0.202173519177773	-0.0221295690622194	-0.0678760609207469	-0.0462287213834895	-0.0593362150996009	-0.180487792047507	0.00231091807088471	-0.159996217343466	-0.231959972243081	-0.0635186974984416	0.219875960884251	-0.138012191835782	-0.205673083654789	-0.401760492702246	-0.0288326730384711	0.160631139637272	-0.0872839715243677	0.344873968672618	0.159758172787402	0.395227877777174	-0.104706984469833	0.27836253020175	0.181845675496911	0.138013949859482	-0.0429153366344292	0.00865683917749732	-0.0613129704784346	-0.0890955473683553	-0.134342547117317	0.120665934648162	-0.0610364409124635	-0.205336753681511	-0.246185242501397	-0.326909712628977	-0.0806022900212708	-0.0663775362710405	-0.239912492284224	-0.114227754992884	-0.0743003973688033	-0.139177753980144	-0.344398196693888	-0.0546751988782367	-0.280816638921878	-0.294376865838952	-0.491238037550494	-0.274638176767781	-0.339983280643956	-0.177470027794031	0.141219062918444	-0.0970371163437659	-0.252302116795363	0.0240285920376095	0.103986092657471	-0.4830961041087	-0.320786478868815	0.146764507502711	0.362100535335411	0.101171494378566	0.354670376636679	-0.176336462639078	0.0345150973538833	-0.328503802356549
"KEGG_MELANOGENESIS"	-0.081146401039915	-0.0254716147209427	-0.0892274039732508	0.110075361930415	0.00344818849148323	-0.0756620108184149	-0.152704328556925	-0.216357078133233	0.0729150786923539	-0.140328981871396	0.122604978441225	-0.111111103654088	-0.168116628184219	-0.0659410874739016	-0.0136661464269671	-0.0214211385591348	0.0111995105320108	-0.0630065907370899	-0.206694045716463	0.0449632994001553	0.171859312578562	-0.294719757338376	-0.159840371728843	0.0500890892670452	-0.193784283473842	-0.117311384417635	-0.194038895418313	0.0709817747365786	-0.149302165642711	0.0680139184984762	-0.0891959349690326	0.129298855462807	-0.026277421517021	-0.107859507483351	-0.0400139430581657	-0.068051186664638	0.0192860597195376	-0.0617591048023308	-0.170933231727742	-0.303153389829746	-0.0373238903649155	-0.105461311862598	-0.209194119684109	-0.0652546922029446	-0.297156647625891	-0.0328307972868022	0.00145614964361795	0.273763125758155	-0.0581185611855421	-0.0556798391461815	-0.257914745167015	-0.204764422169866	-0.178820250053692	-0.0437133713224276	-0.120813356276274	-0.0311727928644084	0.00210547868242766	-0.132098945562293	-0.139357202536079	0.223330057002487	0.112081623984145	-0.0263650021569836	-0.104887881609867	-0.0406193329190322	-0.0388649302977388	-0.0491212710563232	-0.0256203096469915	-0.188606395503912	0.0854597850969247	-0.103361764063384	0.164346141111957	-0.0765696579872665	-0.306053071573442	-0.17511227212661	-0.120387587121129	-0.186480515142463	0.0471809028592846	0.263443300857635	-0.199040608979456	-0.0742708142380963	0.0509998752402605	-0.110742202518226	-0.0749538109746393	-0.0846783471920536	-0.012514892105002	-0.0551672791786035	-0.250456350988867	0.185559364510865	0.082627461975983	-0.208442012779615	0.0315551478271036	-0.108836536348846	-0.119767220155324	-0.0530474892418194	0.0350972453685843	-0.134867526767774	-0.0124001926459558	-0.0323829068560628	-0.036806640473992	-0.245307171720398	-0.0274334693135549	0.0935022549586983	-0.0186135724113378	0.206059346639768	-0.164040325261698	0.0346880370526837	0.0671516393741981	-0.0925286905102817	0.276858347399974	0.00135196862518622	-0.0811610646977417	-0.128150811578803	-0.0540848927789533	-0.18672494881805	-0.292523663374686	-0.0345347758046292	-0.297082838470325	-0.00616828292878047	0.102466789487731	-0.175311030011413	-0.222764855002811	-0.168796661342233	0.0658461828707554	-0.168606627112645	0.0113429322059488	-0.173024478882468	0.0747045359541997	0.00137529122148691	-0.236244272583296	-0.126338276384245	0.195256302819183	-0.00258249323103141	-0.00667077059527552
"KEGG_MELANOMA"	0.165896789245931	-0.177064850977499	0.0493335340166884	-0.024634530464508	0.122886914004841	-0.0852782372020287	-0.228183308450282	-0.345769969427723	-0.220003462920103	-0.216746744589898	-0.0693586585946449	-0.0467834554119223	0.0644282715150891	-0.389138133700409	-0.252589312759309	-0.126695044270047	-0.0542904538871219	-0.0468741240238719	-0.381505954199464	-0.205064591286095	0.0668381515938424	-0.136025220565982	-0.0374386782280293	-0.0680004006966298	-0.222086281917143	-0.182134145916367	-0.176825423128443	0.0552117725295151	-0.166114279226713	-0.126885504477575	-0.0701546959914932	0.0624987437791794	-0.188602546239587	-0.110714198972245	0.0574064942920754	0.0024706947442055	-0.14796007841505	-0.289441445995818	-0.0201153921224148	-0.2644483914902	-0.119844431349567	-0.0100383215971459	-0.308973061170528	-0.304226627872006	-0.201885764431814	-0.290909958073592	-0.0791174170643329	-0.096910288788441	-0.034829939236659	-0.121806074304069	-0.15379481302284	-0.189503308528014	0.0061489869796075	-0.0773860259362329	-0.135760918371483	0.0949258799545556	-0.0628933024696345	-0.163662843793125	0.0930405528116144	-0.109756932546908	-0.0876642918137583	0.0715016940362265	-0.319300447447517	-0.155856281561789	-0.299292374028318	-0.0884601246408219	-0.155217139671398	-0.274256837745553	0.0178096863730771	0.0359356993293115	-0.0698283388733517	-0.194080469705144	-0.0235285763698306	0.137707116089947	0.0468458876094264	0.0130712173991667	0.00188505261922117	0.068263767228853	-0.228434703921859	0.0115827797853236	0.0772351521034186	-0.080331869664709	-0.106916680478169	0.143729105489727	0.0643869034928121	-0.290498218012574	-0.179947608517605	-0.0781462133109843	-0.0137394198276307	-0.0989508179598413	-0.248998209535187	-0.0334276705047658	-0.206470862762933	-0.225095923035372	-0.146088179117328	-0.0681260523769047	-0.25752062590001	0.0438585070982505	-0.124749800439994	-0.134727352674252	0.0232504148402753	0.0302021207620045	-0.0324304266101176	0.132454069996539	-0.0780677814776571	-0.0204988452007452	0.151671128413757	-0.0309018385095844	0.0475590393464988	0.150914695296883	0.0789026193937033	-0.128269015442063	0.080345879028182	0.0742599411970367	-0.086142395920153	0.132579874843331	-0.0258836583626217	0.091466562977949	0.0608409904057305	0.142362759442653	-0.148511500163929	-0.13983860396856	0.218944090782676	-0.0823664255663976	0.0453521355271458	-0.0466730175846679	-0.340109250026491	-0.156365435265095	-0.37872013696013	-0.265204366927321	0.012848832278465	0.0271932151281602	-0.105766419860538
"KEGG_METABOLISM_OF_XENOBIOTICS_BY_CYTOCHROME_P450"	0.241060609164036	0.0112577934882988	0.162814947594561	0.00953917548422253	-0.245356397075708	0.0250735172717799	0.152600220797681	0.150710934484036	0.229924916060051	0.148353425331371	0.011540312918088	-0.136099149613224	0.234772120524125	-0.118009231974152	-0.378527760819149	-0.35635879292765	-0.0874624437124381	-0.237488648677265	-0.0551011773551886	-0.272971870445262	-0.464609656020769	-0.139169377454586	0.054487089594921	0.0169140796597602	-0.464401761666754	0.25020488838481	0.0167198982296032	-0.329386346782236	-0.301230647229955	-0.202036084338919	-0.07360882970083	-0.0438600627803001	0.198795641976714	0.100375323588123	0.223048775601502	0.0983712713969138	-0.400301400749716	0.2804121388579	0.00989190889676195	0.0138425165926572	0.0868073917446036	0.0409758931653986	-0.000196531725551868	-0.110747787642252	0.0720718075633364	-0.355870241699293	-0.143108850260769	-0.324540593311594	0.175149267145438	-0.107442271513104	-0.505331381565437	-0.0139890183294065	-0.197710142226831	-0.0801624698270288	-0.273576172407434	-0.245523473915158	0.152886714188288	0.0987862428954332	-0.291906573726098	-0.289246821145286	-0.287220330939923	-0.0284917167484254	-0.0910094839019921	-0.219467187896099	-0.0834012007212481	-0.253925904637753	-0.354273293153229	0.0669614996115375	-0.407001315576169	0.0355467052824505	-0.457224330665179	0.064978794904198	0.226343048457129	-0.175603382621593	-0.17997196762988	0.0490899945905821	-0.0925706555775176	0.0671449248855254	0.0486083517988428	0.215574862116678	0.00667395014364755	0.134468003268588	-0.196582368145467	0.152125026349293	-0.306007793716552	-0.00890273486565565	-0.0596650482366812	-0.251200427538074	-0.110294823086656	0.174046825499035	0.0947076004945702	-0.0457623077324237	0.232945685441636	0.222635953001776	0.267601583325423	0.134579411250658	0.0346795377019549	0.176937853977592	0.0748474614932143	-0.138395431445244	-0.0561646449349794	-0.0948109348943478	-0.172753825095185	-0.136497035327809	-0.171674281055046	-0.286136611189898	-0.152734372997613	-0.130734403849353	0.209920462813005	0.114324686573808	-0.236528664637174	0.145275875469324	-0.152095286718611	-0.242046230265102	-0.271081179518914	-0.207978838165696	-0.086377979585508	-0.129703554796077	0.152632155776438	-0.112407660781534	-0.416050503791012	0.112979606461608	-0.320186973240109	0.181749700517252	-0.188434476082799	0.00087198997927132	-0.316137806337141	0.0814306168260542	0.0499262218390739	0.138218310328619	-0.0408579326043026	-0.268694096589487	-0.473716455120721
"KEGG_MISMATCH_REPAIR"	-0.352098019690449	-0.490584841388146	0.0805929826171317	-0.377831004175127	-0.00193755457636244	-0.2643671730806	-0.281289596938053	0.000193664305228436	-0.0547895516660742	-0.153836986382597	-0.444193004473031	-0.132046761189988	-0.113691656021786	-0.534182473997614	-0.421673682741056	-0.617887986435332	-0.0742275731834565	-0.413239720750325	-0.505005068711762	-0.255290240688188	0.0570518824976438	-0.02110905340824	0.0413313499495949	0.0779456649704227	0.328758207431881	-0.365769570447042	0.20537212399665	-0.0855011367816831	0.129660074344738	-0.250402630020473	-0.0955334185732147	-0.189056218922484	-0.511533872415661	-0.117042257413008	0.314249632467008	-0.246369714322968	0.110202199686588	0.0920568445888708	-0.139391300651181	0.0465225091391479	0.121073048644053	0.166929039553524	0.283147451177056	-0.603869616311255	-0.313430702523244	0.457078332757233	-0.492254031835471	-0.517916199779105	0.148031277020021	-0.143427285114202	0.535796460328689	-0.166004888233792	0.0341061482190765	0.159983217847664	0.392926723473806	0.013637050436247	-0.244116765419827	0.0740935291229467	-0.215740815499671	-0.23857952347962	-0.0625628437377593	0.148316884399223	0.165071863375676	-0.371641042109406	-0.158025056768181	-0.279249991868058	-0.132308294270483	-0.278398921909912	0.342518183732584	-0.261762978322794	0.260672680592474	0.129532791738702	0.267221277715712	0.270430606958857	0.242491088018859	-0.338294996127772	-0.511124793484269	-0.603837168288071	-0.25070922240331	-0.00931639925649391	0.126059219239111	0.0382455904532296	0.209523966066881	-0.271766451349734	-0.0363667641775822	0.330800372748035	-0.00410859856503407	-0.418522943760085	-0.482838773120414	0.0218503668218621	-0.25061004737029	0.0731866085428888	0.252521467151479	-0.471978060243517	0.264610739996399	-0.520741826078556	0.323272933721413	-0.0893966070092254	0.27892255740781	-0.169815236138749	0.0674926156530581	-0.567210504241047	-0.00837185336012708	-0.279924040829321	0.340792437520511	-0.340863621904837	-0.0656240860467041	0.354425888423081	-0.52294524191402	0.389192877577011	0.386832180796279	-0.0452221047409737	0.501973535961766	0.110766137853635	0.322014724913371	0.370205609247287	0.327284644574519	0.317005797581174	-0.101650846070556	0.243266677647308	0.34367025224998	-0.137786581233397	0.0368345263770548	-0.00724032180229592	-0.323559911088277	0.275559942197966	-0.105228818652521	-0.591012900836457	-0.371658205105653	-0.373346499986275	0.188244270288069	0.0192832497756917	-0.0243806506440328
"KEGG_MTOR_SIGNALING_PATHWAY"	0.0327285774262948	0.00112797526517003	-0.0364680139658151	-0.118530433094539	0.094695150813812	-0.0566763968883597	-0.251378842629974	-0.320550491401768	-0.0611567117173509	-0.310729428945368	-0.314468198645105	0.149234872590421	-0.154994862861017	-0.146756177913651	-0.180300174012272	-0.295305437408095	-0.245783611864994	-0.00917336842902483	-0.298875071885406	-0.280282944602545	-0.113368184796311	0.0231662220047423	-0.137558892915493	-0.0392287490809489	-0.0298559826783807	-0.123287994467328	-0.178793939169464	0.00647745836978719	-0.0467362766967752	-0.149735407754879	-0.126162308993709	-0.057591937708362	-0.201596777015236	-0.223263738430968	0.0202803344957189	0.108924660089009	-0.250477725462074	-0.148485674054052	-0.324036194563535	-0.291104434860037	-0.12781974785628	-0.118305346358797	-0.455841993467556	-0.176925524126102	-0.094990468243758	-0.302402182879019	-0.207411050665536	-0.156053161505927	0.106604541000161	-0.0305265249858427	-0.095371589167243	0.172901863041094	0.0283091734145884	0.209842875664975	-0.268595358408595	0.0311728262475722	-0.264163969689862	-0.00270464482099056	0.174049422849743	-0.34763529854707	0.0461825225041118	0.367680425335049	-0.263404746228321	-0.139287793903764	0.0344983155455935	-0.0837929168580275	0.185474013460818	-0.290816616044081	0.111702086284576	0.345710610856977	0.084910470292373	0.130385644969737	0.129518918903149	-0.0820083282217684	-0.337728952765038	0.250502318931442	-0.0195709879927537	0.0447564265781467	-0.378165847584561	0.0807222019389027	0.283100358842416	0.241435234083581	-0.159218298581557	0.0354122628740486	-0.208512897427195	-0.146377052674887	-0.28021190296746	-0.0605992001070524	-0.0586156550639487	0.242631744056255	0.0736074194812008	-0.0057119294608175	-0.0948538563349328	-0.238485124332548	0.0659873454877649	-0.105230520542988	-0.380836119991141	0.137745005757363	-0.0183005056333745	-0.0831470255638739	-0.0562878971174728	-0.171906286037274	-0.148173393359964	-0.260918682417855	-0.264421246024987	0.0677222851846236	0.0820945378381733	-0.0373464310317262	-0.308511105991099	0.239328524271535	-0.0998027952459751	0.043390275979434	0.0596076220091132	0.257526169608314	-0.186242762399516	0.0319083228377142	-0.164242937581128	0.0682035928357071	0.0344449063100276	-0.0633724747217604	-0.0526458859543416	-0.232931881733537	0.321723237836217	0.219611419376779	0.19875838784819	-0.0381978615119635	-0.222378539547305	-0.2277546449874	-0.287168970153811	-0.346048103296954	-0.0942944043289829	-0.0491605483133553	0.16128556228204
"KEGG_N_GLYCAN_BIOSYNTHESIS"	0.0101937608869547	-0.342260372415847	0.0673368471456726	-0.142738395632754	-0.202102211728524	0.27379431325646	-0.22366647597856	-0.342172616410587	-0.327234158125813	0.0429357702567758	-0.175787946863098	-0.192171333653567	-0.296972858796252	-0.371754975834089	-0.435733350127077	-0.509278890866042	-0.265646189867475	-0.383384615030855	-0.38123324672999	0.255416410851168	-0.140967325620411	-0.305337879947678	-0.104755229776757	0.141873023259359	0.143292763075188	0.015244948936412	-0.060072822211662	-0.511484796157572	-0.307862338204556	-0.251939556141592	-0.176367449358903	-0.267406682690079	-0.299891036709229	-0.3023918016493	0.17306425709568	-0.0257667075395054	0.0534693560492619	-0.426456242843819	0.202924843888929	-0.344672876847477	-0.189085441302178	0.0597354373759529	0.0386347749278566	-0.198510733557473	-0.0298344049607699	-0.119117906810794	-0.185281092600966	-0.547099739034722	0.175234850754909	0.194756347137867	0.332593466053175	-0.0676540647915144	0.183858378199656	-0.00972433616386331	-0.0611050553283921	0.265008297021492	-0.493954631656996	-0.155093562475612	-0.0435753106416915	-0.387926798584973	-0.394736754107573	-0.292734604195594	-0.0441919595158565	0.264461277933381	0.223564454256016	-0.288582246483361	0.130336865117518	0.149756304588455	0.364996852459377	0.207468053407138	0.30724483898356	-0.0339848728271376	0.316988693433761	0.0382880068609537	0.0711144993072173	-0.215142401115923	-0.30124633128153	-0.0477591904604205	0.148915570630516	0.0442757184658997	0.469041698088689	0.0655561199129639	-0.17729750910442	0.0990273704675633	0.0351002936223109	0.12587408423427	-0.294254137707504	-0.330571138853129	0.129677414474608	-0.120971493212181	-0.0511779139839762	-0.339232486204218	0.48444183543739	-0.15371414807231	-0.126256886533533	-0.171626045677325	-0.304464635313394	-0.0412647891132539	-0.246690082122731	0.154395987072191	-0.288303837733746	-0.0543101874549537	0.056126992213876	0.181002935190196	-0.272602168507783	-0.412751593034774	-0.168255428415248	0.346066528916096	-0.244716025601495	0.573086793633465	0.34364229093787	-0.323799883338909	-0.130362422314671	0.357347559799062	-0.15549617713682	0.394668178271762	-0.124136087272422	0.315225592293632	0.0841555988294455	0.166732155695509	-0.0232935668981035	0.251285241307111	0.299534698730816	0.5160480293719	0.128161526870413	0.218374671886579	-0.312636988166866	-0.388108271750496	-0.347813292738113	-0.0863533469348572	0.0664124114911577	-0.468282178196692	0.109641354913934
"KEGG_NATURAL_KILLER_CELL_MEDIATED_CYTOTOXICITY"	-0.641427627411193	-0.704110346629702	-0.688237614771487	-0.708382560982674	-0.621636376653469	-0.562585737709836	-0.633184545641135	-0.721515996526335	-0.65067421070695	-0.639765158985699	-0.679832538356453	-0.704781864522325	-0.617332030634034	-0.701178676634107	-0.721327089395771	-0.602715698867275	-0.683194303378258	-0.657271866867281	-0.687844624997107	-0.602538402438869	-0.675701316270686	-0.662094492800435	-0.655198097349617	-0.669717819546421	-0.543460529460371	-0.641393622311986	-0.689560944295528	-0.623153054842372	-0.584517508339694	-0.656826601119662	-0.538547862966726	-0.566371212635494	-0.670900575804383	-0.682547875096874	-0.690474908323718	-0.708240530077163	-0.690467243134314	-0.638549485798565	-0.639757654839097	-0.66794897255131	-0.57910515824011	-0.657218980074744	-0.684294576329887	-0.682073646962736	-0.676454530498904	-0.639091766353255	-0.725649577598479	-0.703821927536679	-0.749090497794133	-0.677616271197287	-0.709185044353757	-0.714638724207708	-0.674501737003767	-0.706810105998494	-0.692780852641954	-0.643431733924296	-0.732692184442451	-0.743300495475366	-0.711216520621651	-0.744093466610455	-0.712860137381146	-0.699022962086999	-0.749365068378109	-0.66464209931271	-0.741596539730762	-0.694859025832378	-0.694592726885185	-0.708163650439608	-0.663628120744502	-0.682835285320581	-0.595928945393385	-0.582896760821263	-0.685107390545824	-0.752300224005936	-0.687719582481734	-0.807936103276081	-0.681183832772978	-0.689031835724332	-0.675402201548238	-0.737745538460885	-0.626713994633614	-0.729463886029341	-0.640921822047099	-0.695417651177739	-0.685374794861631	-0.639140717437211	-0.673334042144405	-0.63764150896667	-0.686517629364781	-0.714249746179374	-0.707639819681933	-0.71579630385058	-0.569336418485733	-0.725021653246152	-0.712266930529437	-0.754379002288306	-0.735355350375699	-0.659631504886244	-0.49806835656788	-0.666673106667533	-0.7623577791547	-0.737736537551559	-0.703713491498468	-0.708491319606424	-0.760223165763089	-0.730790839921882	-0.703162244417037	-0.66951359824399	-0.714080658969342	-0.683162164489853	-0.728962809539357	-0.732110118132145	-0.696258209763933	-0.631787965043573	-0.669575173119261	-0.678513177223874	-0.785213194043697	-0.682013917887586	-0.715345467132602	-0.739618915998656	-0.654968118958759	-0.677370219286629	-0.749993113993382	-0.617681695284298	-0.645649285560331	-0.679291271175335	-0.761143494057449	-0.675534682561061	-0.569440925396828	-0.636088301679129	-0.731650544859524	-0.67556587788812	-0.664946829022241
"KEGG_NEUROACTIVE_LIGAND_RECEPTOR_INTERACTION"	-0.00056326795464029	0.0360189628999987	-0.01195431682225	0.00212070171977002	-0.181406254227951	0.00471527480160291	-0.0782366756770637	0.0868353320508082	0.0887497964445744	0.00588475925792417	0.161798395465482	-0.031298119470751	0.00351148042859831	0.0268806892163475	0.117376326705834	0.171337220363619	0.123006256630288	0.135080848495677	0.205132347688597	0.118935407539441	-0.125580000713327	-0.100392870346026	-0.0297090493715568	0.0494224768054561	-0.186071655692075	0.151518033001534	-0.0152237545332874	0.0343700089145345	-0.0499233044089168	0.136195309980482	-0.0216658400790658	0.0784945886224015	0.147846136997879	0.0728873583389151	-0.101196762108703	0.0339228697557129	0.192008584295664	-0.106937772214045	-0.0714907669013198	-0.00158076290561263	-0.307317044873237	-0.032144656398225	-0.0172030952369334	-0.00593225116291091	0.0623999920245902	0.021205877477908	0.136257866281252	0.0324858953573149	-0.277314872470069	0.0115079534802581	-0.358477673372383	-0.0772608960768195	-0.212620371059599	-0.182655375014149	-0.0861803494209401	-0.0185304388319794	0.177531021563165	-0.195065050378827	-0.22305418827383	0.0905816216707557	0.0141238839952168	-0.228074729613862	-0.208138479470417	-0.0602857855821882	-0.284138485613609	-0.017154718862651	-0.385034426791295	-0.0872260753563612	-0.0587197048667993	-0.302943297199046	-0.205626110771394	-0.0987275311129231	-0.340585584227463	-0.136723727184022	0.0384627846612272	-0.309297788106365	-0.121438489277676	0.233666812454074	-0.059772495202755	-0.185379074328479	-0.343933002280677	-0.182753470553626	0.0889083673840798	0.0117140184111001	-0.0626862658192682	-0.140128872112514	0.0299726537134406	0.163575317737057	0.191603657143957	-0.0401716600328018	-0.0990465234383751	-0.0568756586870977	-0.131661571663927	0.109236910821506	-0.0155493221135517	-0.036590668112903	0.172539544063053	0.0172894019956789	-0.166775364907345	0.0742038991304452	-0.0180178964346464	0.158526828708581	-0.10373629764592	0.0776162545565932	0.108762012200975	0.0297898129939336	-0.0654211071923481	-0.114785376761372	0.221126217282968	-0.288293992812763	0.0124060577600656	0.104956774421658	-0.324825519101936	-0.255886921258357	-0.218518761165221	-0.100867396037709	-0.016464540550773	-0.267468823609187	-0.0631266108855509	-0.137775764341816	-0.271664133002742	-0.0232479745777172	-0.2636291970334	-0.257207940330658	-0.0665636340266034	-0.217648207863884	0.19688309768698	0.210706090270609	-6.22373833131518e-05	0.204922756601089	-0.0588143351875073	-0.017254122847159	-0.0728729357477716
"KEGG_NEUROTROPHIN_SIGNALING_PATHWAY"	-0.152040813911335	-0.157481000702511	-0.028152316666611	-0.0716953454365853	0.1433565289496	-0.0849761628775123	-0.235774332346722	-0.448052774073518	-0.128424246829115	-0.227556020781944	-0.106995225592611	-0.0137619159980583	-0.27215557498659	-0.220114114517972	-0.21899834853957	-0.10571366166462	0.0533240694082536	-0.0854598856586926	-0.407228726330802	0.0610721176006594	-0.00638266942561	-0.0920621599403857	-0.279703531459961	-0.205957679763219	0.0597910673615784	-0.0655153114518358	-0.174069950257336	0.074844395217462	-0.160823669189082	0.0804590777842164	-0.0933183268325916	-0.0812710979626861	-0.222435462618373	-0.221139309959524	0.033872569480621	-0.0067953321327715	-0.122375858842851	-0.211506421832486	-0.175356815334781	-0.433475302257561	-0.159352131382648	-0.0290593005380154	-0.243358147954335	-0.18220881681344	-0.370143316500197	-0.0188144533197681	-0.0875027210971893	0.121096766610331	0.104401764116083	0.137944483513225	0.0889677143734447	-0.088117663102067	-0.172851323819627	0.117369092615737	-0.0450951707644645	0.0337870715919379	-0.226343070791979	-0.0162198208029354	0.0836919924997478	-0.230409145206675	-0.00922875046966229	0.135997346700737	-0.130368746088917	-0.0775394205279995	0.0982376904751431	-0.179105425975377	0.0698917730543006	-0.144538930802312	0.207680205579833	0.0144165391555464	0.166899698432944	0.0327465628823167	0.0154848901119754	0.120960595659049	0.00573289289183715	0.0828840515674418	-0.158488464044798	0.219115944974907	-0.344562401592161	0.0648393551081198	0.238331959089482	-0.00322706614538146	0.0791873890053834	-0.187388282579194	-0.0658937810182726	-0.0998812811722878	-0.280258349939618	-0.187810237970137	0.0226193999185443	-0.0516771948573431	-0.0123338290465467	-0.279893936013543	0.0704966704156147	-0.251543806014646	-0.193013351572986	-0.0386480329605567	-0.130341284449181	-0.113876576009049	-0.0755582985256214	-0.324186131129503	-0.0388853748951082	-0.151394396769029	0.221916644647496	0.017316085335485	-0.320275062915173	0.176156617115147	0.0673894042804712	-0.0699593932228824	-0.0140048139228542	0.288303306711516	0.0381417615101277	-0.092648714466622	0.0469974206624636	0.225039210645005	-0.271633714663495	0.32241338283677	-0.270697381716749	0.197703096506731	0.0615884480079994	-0.184977398839508	-0.015993349573145	-0.13666616706454	0.162499850833377	0.248632676483951	0.280485665414945	0.0198608081731063	-0.243794358263638	-0.339619350566295	-0.334452239146125	-0.252079597183238	0.143957525357727	0.11348153774667	0.032283621277284
"KEGG_NICOTINATE_AND_NICOTINAMIDE_METABOLISM"	0.129300887176693	0.102645277379852	0.138155937224574	-0.126289611932709	0.0933305555474149	-0.0193796390742089	0.14982188446424	-0.112889085886544	-0.0211991760661601	0.209214058544166	-0.233529656974648	-0.283432886185964	0.136114985268421	-0.126779283845001	-0.136145182813194	-0.26529211756313	-0.131016433341909	-0.34874829718816	-0.325695704911698	-0.178027845798925	-0.225416321225329	0.220821152617097	-0.039089441123474	-0.239844478932541	-0.115122637776659	0.20103668684992	-0.00496057601517533	-0.104553042609782	-0.204506477067269	0.00982166138979074	0.105208371943042	-0.169909632495478	-0.462933684729535	-0.290587250265294	-0.125648273493703	-0.136242646705331	-0.0233887245170895	0.0101649172821048	-0.049988595664425	0.108720352706953	0.138247363810893	-0.180984857154203	-0.0409727299629946	-0.168706596215121	0.218980676723993	-0.169031724186927	-0.269902731709671	-0.125523899423246	0.0724964501578325	0.236998726104931	0.131072516582606	0.0589173014591403	0.369486303368412	-0.249248040374074	-0.360400429975745	-0.167363099267814	0.0841809887313279	-0.0101929389401562	-0.00380292832070103	-0.0944147895174938	0.0660803799716736	0.104180564278136	0.101880585736464	0.0125391922940638	0.0101473178107674	-0.230683199071357	-0.137547445082199	-0.313801557897059	-0.271735542267274	0.359420050084748	-0.353661727686933	-0.0732195239395632	0.207626675061982	0.236059306978674	-0.0222513753968545	0.250487565997714	-0.0315255795652132	-0.0268667622581556	-0.0311070563866613	0.391126512188138	0.223998225182347	0.00500039100958943	-0.143491011838677	0.132566769189817	-0.14752840274417	0.238013485828814	-0.0311184679737489	-0.208155914047123	-0.0114733404480131	0.102914362090188	0.174328308129707	0.00862601139059813	-0.0714497089448277	-0.36630667503989	-0.138906428907063	0.0962545605635277	-0.108648240856496	0.275016007202737	0.014969533643609	0.0191698791267873	0.0921021162689304	0.287951322980134	-0.185897793419481	0.0535503938692015	0.157422116090989	-0.459836640204844	0.0872640156380259	-0.0118151971288162	0.00329558775711181	0.323034468748129	0.054750979928962	-0.298642749218328	0.328649451327318	0.210990893669002	-0.13616119888852	-0.0474335856335176	0.287159795045666	0.0231387860482027	0.319906066244203	-0.157685993494255	-0.0170064049984562	0.241900934145101	-0.00246525256842547	0.025461455945064	0.0433588993396662	0.240487200519708	-0.41171676271343	-0.285739267834835	-0.0807833755889401	-0.198067438334363	-0.048184163734386	0.118449259094625	-0.409667471235953
"KEGG_NITROGEN_METABOLISM"	-0.0562343517131414	0.140622637180937	-0.213039644393306	-0.0396620600127375	0.0850931280111761	-0.47591633581543	0.0404696953563537	0.138219535937497	0.25366532379284	-0.0536729791978484	-0.543391926352295	0.112622495614792	-0.188390153972737	-0.154760615880398	-0.214925693001615	0.121940997086813	-0.426930643388354	-0.0631966489008795	0.150827604355933	-0.406674263075872	-0.440431279805919	-0.0384820474796742	-0.156280129793311	-0.20664636962671	-0.0943454369504355	-0.276411442571739	0.064460273019404	0.193906055207221	-0.112417394193536	-0.224594327328743	-0.056978101790646	0.0223159070183899	-0.247836302463261	-0.116908452012503	-0.208321520248972	-0.465034425369384	-0.0706644192504921	0.234239408968195	0.104711651653127	0.12246924101025	0.147053241445411	-0.227720678352601	0.191584631474246	0.219451507477465	0.09480142159806	-0.270952068997546	0.0160285128020379	-0.209331165876134	0.124306299053743	-0.0944406801541434	-0.0847794707982957	0.248085549558895	0.242168606075369	-0.151700098570818	-0.0671859558373488	-0.156903950098522	-0.12150462023703	0.101082713090637	-0.255125660654721	-0.350178514976919	-0.095370965705322	0.0114547491512084	-0.142638942852612	-0.452267746868924	-0.0576204885791847	0.0581266620162009	-0.0611138444065014	-0.0387540825848876	-0.111792217653629	0.195681991508156	-0.310497104129499	0.0461658230033269	-0.469299161306242	0.00699132305163558	-0.25045043182285	-0.0792751646392582	0.285398380103318	2.48517150623906e-05	-0.247184804851066	0.117702246200936	0.13748297589468	-0.0483989643260804	-0.253397052779234	-0.0340949059290145	-0.13418481820536	0.223082499915762	0.267271384436786	-0.285453627689414	-0.0966897410991452	0.27923524230662	0.111843374585576	0.163498412983816	-0.421489690071634	0.318416622913966	0.233725604580247	0.136608282264286	0.164680459527614	0.307575845614987	-0.129122784703418	0.105299816788007	0.298612327045581	-0.0767147598525836	-0.105756142279074	-0.0451026793639397	0.166315838429177	0.215687362346749	0.000213999403813225	-0.0537694082790334	-0.0594753810863829	-0.0432135384999134	0.22271705886054	-0.0111987786216066	-0.054961341823375	0.0714276254849507	0.314185501014446	-0.315929655625761	0.263317857429828	-0.480518235064584	0.156019601673501	0.0359317601937892	-0.215528576554908	0.103032820267192	0.035658856655419	-0.269346130839319	-0.0930553845332759	-0.000752134459583859	-0.00682946754846686	-0.309550498550676	-0.0340257542427339	-0.111086340590412	-0.0927372875716051	0.134861310589783	-0.47735056437441
"KEGG_NOD_LIKE_RECEPTOR_SIGNALING_PATHWAY"	-0.336488462311194	-0.315199704188891	-0.0686710314867799	-0.37831460695161	-0.115063575590016	0.164617410964108	-0.355654436968965	-0.294599296343512	-0.45251708057112	-0.380917966201967	-0.308900891998727	-0.105678391644171	-0.495791199533618	-0.366570143809957	-0.245876879706163	-0.317338846137902	-0.0548637777210373	-0.0907184585026717	-0.28379457059035	0.028368746197845	-0.341200436095131	-0.150102050521517	-0.416859806804202	-0.00104091026617681	0.00755777514173836	-0.0224308283401721	-0.31940308949595	-0.387179160254986	-0.0283929205553281	0.0401357385687158	0.134364874993456	-0.248807183336149	-0.361222686815849	-0.179938116870752	-0.116620382821705	0.0414510339616913	-0.0163989239774376	-0.332930663522485	-0.146052851918961	-0.296193296883661	-0.380092111019389	-0.14551912050344	-0.193536509489588	-0.179177058589816	-0.20091644878922	0.00842662178158482	-0.274573415380593	-0.164334396984914	-0.189585018673022	0.19828321219011	0.113681850414888	-0.103882040973862	-0.0353054995289959	-0.423089615545708	-0.0103738599842081	-0.0718577156190847	-0.29231307840342	-0.252767320599463	0.0107310075803082	-0.358182652110875	-0.386511645609833	0.0549996618386928	-0.344023996872543	-0.0874285809331635	0.0769248745592098	-0.379068044723821	-0.142197385368425	0.0872528538610945	-0.199133427603607	-0.273763347491958	-0.302705855873872	-0.32988203825724	-0.0167700034810257	0.0946108311446646	-0.305189309099497	-0.0813242596212139	-0.455026518140612	0.16435925981643	-0.244183814492976	0.0974322395112656	-0.310039138533387	-0.346267341686095	0.0588302970636485	-0.30354703754072	0.054563197460275	-0.460708786412848	-0.257690316459469	-0.165956018463923	-0.300269715373948	-0.335189722299819	-0.0607677840852366	-0.278706443600107	-0.156279598515054	-0.272425601213539	0.00383722672256342	0.0182584423030586	0.00206376277207554	-0.347738334955597	-0.102631063733985	-0.250766858172213	-0.100200194828291	-0.103712169441201	-0.0803951761961554	-0.210676001621485	-0.261216806393317	-0.153635872726838	-0.385181593167992	0.0964440459507432	-0.161819978478315	-0.154385691205991	0.134265416871497	-0.34998277129398	-0.0254908741778403	0.125032718351504	-0.292141043624896	0.280870397337805	-0.167115933190883	0.0840347959833676	-0.387384705363619	-0.37603685659892	-0.110607866030689	-0.00404622537936475	-0.228645418944911	0.130849334932259	0.10375222793999	0.0256850651047502	-0.323160214534266	-0.265682842574782	-0.38026480044288	-0.237302910904893	-0.0698921364124616	-0.27445434548699	0.041732017658066
"KEGG_NON_HOMOLOGOUS_END_JOINING"	-0.101245075655767	-0.41577382195464	0.192562511632385	-0.602745004952966	0.454552916784492	-0.0545819000786602	-0.203717402656179	0.355894787377782	-0.518267882584083	-0.431204720968851	-0.288054371005129	-0.220948293603377	-0.157011083386314	-0.219849106882405	-0.458729700798457	-0.57227687308116	0.0696732962585769	-0.0903144396000052	-0.12980975674365	-0.287325462076627	0.374876814756088	-0.135240291695841	-0.644634296142175	0.0443126155116999	-0.0310967020310642	-0.120225826375495	0.154663966690993	-0.560126956143729	0.294683279501582	-0.468282033690956	0.438973297783369	-0.0446370422445367	-0.422231597147327	-0.306512851314512	0.217618759674491	-0.350699223749813	0.357921193438965	-0.462133789340329	0.0301284999371222	-0.0648237757928832	0.555090796249901	-0.0318046950361831	0.361764611389258	-0.556195097743295	0.33344695338588	0.0601166836846059	-0.511630874545963	-0.315868411163972	0.194193979203382	0.321975535849227	0.446747910510364	-0.185844245493494	-0.352373348217199	-0.324602077804932	0.271591140934341	0.112547596910954	0.172744777975758	0.342110359333552	0.100186256086236	-0.490972892257172	-0.0246128380196213	0.583432705582208	0.0204190452646451	-0.216012528469576	0.0603544255426553	-0.378505686740468	-0.204561128724984	0.335558218713182	0.265692430769816	-0.293136665075466	0.128243815047158	0.308762615656633	0.164090787275909	0.351031121088511	0.386533707000045	0.260005379813241	0.0641232690163457	-0.415412028992641	0.170272735831287	0.443309707581604	0.228195115343039	0.411250144826145	0.082898449060043	-0.0740230188310978	0.182019473411512	0.255995102694263	0.141386631322533	-0.241176300213604	-0.171905943888421	-0.273335897735285	0.065995440013983	0.2653828313052	0.126049493740699	-0.120164670842375	-0.177452167996729	-0.235472036824675	-0.331997003008389	-0.254574497498621	0.254383369332198	-0.210584837077029	0.0178366301520587	-0.381959718673101	0.0104347340008244	-0.257079193118047	0.0726551658303777	0.128042786244767	-0.0159020020226044	0.14180369779008	-0.194004129903569	-0.00668274550249159	0.379034317827795	-0.122187650826114	0.525723439609756	-0.216480787025594	0.340002970859343	0.563217918512792	0.0647580396535006	0.226322313360411	0.0361990831271236	-0.255880644394541	0.144466171746351	0.393555150575013	0.324334012942777	0.218512747154881	-0.126985779299094	0.0350309068180321	0.0818948576556817	-0.286585158495867	0.287414136495529	-0.437108826185469	-0.00420036650273153	-0.44029431824377	0.0581587176278313
"KEGG_NON_SMALL_CELL_LUNG_CANCER"	0.0458728282722738	-0.198570013952153	-0.16034030577312	-0.13229873268311	-0.00307440430305461	-0.273739438825592	-0.31426453497698	-0.297201349713793	-0.374986010600132	-0.339516424387228	-0.237830584565013	-0.051301835652355	-0.045610161320381	-0.351982325234691	-0.228200297580747	-0.237245062558978	-0.1670379511921	-0.0544344988506519	-0.428401139550734	-0.194390790920766	-0.162431984346426	-0.200508761470969	-0.1391485226803	-0.347459011955613	-0.016054271418442	-0.16821423109645	-0.321371224859552	-0.0194246750623523	-0.129355680831143	-0.093614082557419	-0.201120418587191	-0.172889113083381	-0.361304562526621	-0.383615973372106	-0.125789126938232	-0.25095130770617	-0.25932235311902	-0.351338712452471	-0.224944314867385	-0.445529507746487	-0.19899573072511	-0.320142318994805	-0.362875734282317	-0.265931718333478	-0.474739836046179	-0.179406807064587	-0.235051037553503	-0.374888058327327	-0.0227648518603829	-0.0505100917104593	-0.0115588936307383	-0.0946111701702161	-0.359889149901118	-0.108045714918518	-0.137636275715368	0.108101736236899	-0.243540046825069	-0.252547782245422	0.123366435692605	-0.328506444265021	-0.0779111662199866	-0.0290756276021367	-0.0773296028420792	-0.0707251773276037	-0.298905113062313	-0.144397638344124	-0.0821429666844824	-0.269520355301897	0.243240197538598	-0.170732377353613	0.0928574720750457	-0.147011547840727	0.0461010593910952	0.0851148005995526	-0.26485019232675	-0.031985180776381	-0.0975363425876741	-0.122738086038293	-0.275698523448455	-0.0676457052671926	0.0388911615233427	-0.110793648346873	0.0326623473112288	-0.0476133823999566	-0.24170607670967	-0.137390492269675	-0.153840727808519	-0.142265880215972	0.04441772679947	-0.232134147721226	-0.098737044040035	-0.352551184374625	-0.154062576224303	-0.306980656921567	-0.2628004438067	-0.0310757988959779	-0.203001234939259	-0.0603342885703795	-0.214807022956154	-0.292989146097493	-0.270030267368257	-0.225950178550593	-0.0670395089829938	0.0369007331290412	-0.423714211466891	-0.0090252115570478	0.103309574363523	-0.133811901488908	-0.249335390702264	0.0490754792634297	-0.199811836557231	-0.0961209983442969	0.11736961984186	-0.0930177189776416	-0.293460783922845	0.126542005406789	-0.321245484585038	0.0625568570725906	-0.112461369832561	-0.0473161557175434	-0.0514332709621269	-0.274571268192925	0.0706764464365227	0.0633943954340185	0.0335235694750669	-0.316631513495953	-0.343897619064256	-0.172548263108815	-0.327156989925474	-0.287321757141597	-0.0861726383684502	0.0131151434040075	0.00771160312747277
"KEGG_NOTCH_SIGNALING_PATHWAY"	-0.35931314799361	-0.278160384556363	-0.187214310901963	-0.070950934270892	0.129650788320053	-0.385825907862393	-0.398751255121208	-0.517775158745208	-0.232104677002133	-0.228731427350457	-0.0142709916270608	-0.310990854582872	-0.330578327565041	-0.14862784652398	0.0756191696345878	0.11484034775466	-0.0381098229553077	-0.140543095290133	-0.363766325502976	-0.26648783248189	-0.243152585378071	-0.416177523712993	-0.342357363116677	-0.118089276675616	-0.351401290709644	-0.17836336920622	-0.387562985542466	-0.00205383151727723	-0.112254749842239	0.0413668889956404	-0.563484926643189	-0.00930106250612564	-0.446899447070653	-0.23545240781764	-0.490013363470778	-0.280149578861388	-0.375112919211601	-0.249830356691219	-0.284169734654495	-0.313104112730353	-0.302135160347268	-0.414084958051689	-0.316981937900972	-0.199549421239334	-0.48115165692219	-0.0212963675228207	-0.0335281601498615	-0.313638996442043	-0.0350741344690279	-0.233205427398417	-0.1744069731837	-0.339776508270511	-0.451030444410143	-0.0255182687184712	-0.0664826632108438	0.0660535508189397	-0.035894336839414	-0.040075730455693	-0.307127972788794	0.0254529713205227	-0.0326170330528594	-0.0634213282826936	-0.336378946176338	-0.0270590851927696	0.0372389581883255	-0.0517402616232719	-0.253534200427064	-0.320491770204675	0.0545902832883106	-0.167779099851852	0.274217939330371	-0.0575909604263144	-0.292375844546805	-0.360139883291561	-0.399891648126071	-0.021325518086687	-0.198177711799999	-0.346906424672672	-0.180467991926255	-0.261847393728057	0.323512844201893	-0.108258401843018	-0.221347668248406	-0.261883700636006	-0.51974152719822	-0.195666364652008	-0.211466599146654	0.0663529525857523	-0.0993154163981473	-0.221195521584109	-0.144083284827504	-0.0410751189397116	-0.402554022633859	-0.257261336585022	-0.0668310860189779	-0.341944189971399	-0.370784956285055	-0.1164358432537	-0.0456180233343749	-0.351266250921558	-0.180118992089108	-0.317763843933176	-0.077941302661424	0.140436246391928	-0.35800943298712	-0.0748042954070563	0.021916757285069	-0.260928422721059	-0.411060450852926	-0.11506714136069	-0.366489214276547	-0.0875789798660219	0.109048399298644	-0.177919010456715	-0.410164496092259	-0.154945181259849	-0.296375500868312	-0.138494343700363	-0.31029086365271	-0.112155898636768	-0.395785382699318	-0.4499688328331	0.0772990641288813	-0.210736008466544	-0.351510574430402	-0.374499361085034	-0.162312287528368	-0.0891599462591011	-0.196706203435819	-0.289458777219704	0.102599483850502	0.0291153782704988	-0.108553548136135
"KEGG_NUCLEOTIDE_EXCISION_REPAIR"	-0.119485591486068	-0.390111296049299	-0.00400614619901668	-0.328519064981944	-0.22777640285884	-0.377432992169898	-0.266882289178466	-0.27884292334416	-0.266904023841777	-0.290752298136593	-0.463128335942611	-0.33883281069118	-0.184795496634512	-0.413493575551841	-0.497752466367148	-0.488952961884311	-0.306555321656227	-0.48746258256842	-0.444798149929153	-0.368944243766617	-0.0157971242126841	-0.313725977183067	-0.244817241469202	-0.22738648745466	0.0801382241213117	-0.474804880166438	-0.105563038196896	-0.163307791332335	-0.172367299704747	-0.33674227642326	-0.1382431091115	-0.118127278258144	-0.273138291614334	-0.263224648590314	-0.00598941376041656	-0.469205724125785	-0.176124692942	-0.0691655974973688	-0.411908528768267	-0.286396607273899	-0.0547619693480452	-0.295904615479484	-0.188141809595826	-0.50185274947442	-0.373240306158454	-0.194811680981078	-0.446572246057008	-0.369921611205601	0.140324949478187	-0.208437571807726	0.150490604428097	-0.188737172036397	-0.207741864407207	-0.077420972674703	-0.0446250234283456	-0.0337359131095301	-0.319141945107922	-0.0824777973835771	-0.333405078370559	-0.479590968555772	-0.263799174226779	0.177588307199996	-0.2769959531565	-0.409083732926783	-0.253613849942811	-0.32590036627325	0.259548333479101	-0.370222191589265	0.0607523712037492	-0.156529350302481	-0.182676887062874	-0.100863453138363	0.0179799777942665	0.0200709583665019	0.182839871277004	0.0284706317408332	-0.385990030869755	-0.540469612156307	-0.169773558180871	-0.0604988628508697	0.0282493755491787	-0.0333342221693879	-0.0667040779919441	-0.430172330550587	-0.254969675788	0.0684350103230947	-0.25766363165812	-0.426569456336147	-0.334075241897627	-0.141197445714118	-0.284620967308479	-0.154732148738402	0.114364406201143	-0.436628421183023	-0.0404584895629871	-0.487950847137902	-0.364546524231703	-0.139692159883886	-0.0341678141986604	-0.385903222382883	-0.0558853950240504	-0.563805630844561	-0.00780706462652239	-0.31315902402525	-0.105292371116016	-0.463453119032308	-0.259920869684945	-0.0338155986977729	-0.566880303106099	0.293143258744167	-0.0436192264257174	-0.305608764734712	-0.0498160840673728	-0.153721904929117	0.0989542802848965	0.11691853384479	-0.0790135610434246	0.0640179813194185	-0.104016248456548	0.0411832521573997	0.0401771560965941	0.0618710731767171	0.0859127857009194	-0.0747033143120149	-0.104239732842288	0.055867370938164	-0.420737524307808	-0.572879725768581	-0.395135966143118	-0.417054621645452	-0.0550051335933499	-0.169600242161392	-0.352966664031851
"KEGG_O_GLYCAN_BIOSYNTHESIS"	-0.306667766994559	0.0778496672960189	-0.121173963902542	-0.212439201163567	-0.0605454598417425	-0.0326999642517238	-0.243260517655263	-0.491005217716039	0.139915139141455	-0.239556787289881	-0.364927035346616	0.072267447704886	-0.0635030292557467	-0.113700556433237	-0.0270251504647085	-0.0698687103827105	-0.247634690859118	-0.222561016133671	-0.0166219170311146	-0.1013864070348	-0.157856045830871	-0.250696914408056	0.047514761899952	-0.301033486764966	-0.0870851843907655	-0.104107405215798	-0.101818772610145	-0.144100835125044	-0.116921231050031	-0.262821357952974	-0.0224005746904477	0.117650317247381	-0.0407620951924779	-0.48679728772249	-0.0224676154771979	-0.0753615695022137	0.0817425109590765	-0.136376988849998	0.0154642164937126	-0.212324878942073	-0.164088886643972	-0.154225751135304	-0.279677827043112	-0.254695183919561	-0.129349846753559	-0.180445489810501	-0.101082532532436	-0.195863900860277	-0.158256572874038	0.160588928633745	-0.220382803544009	-0.21047109621631	-0.174211969335158	-0.463870919995885	-0.0206573903430958	0.101280462037115	-0.234250157190041	-0.170890521136953	-0.23633634223476	0.141810144453868	-0.0988483423280284	-0.1737579302841	0.229760203926978	0.0367576984261166	0.130606992331596	-0.168134923469104	-0.32971688409136	-0.158074616236833	0.00863791890011442	-0.284458188908676	-0.162238210933935	0.099675238990652	-0.257199471150386	-0.0397930412674959	-0.0496474140353606	-0.337377543093977	-0.290455493004003	-0.0881235189931183	-0.179019833734252	-0.280097413036996	0.0834005702619181	-0.119707728190162	-0.29126698198522	-0.0796717940694975	0.00151191082087462	-0.348738942504627	-0.358857162552797	-0.0707584931948088	0.06365223604901	-0.0419337163295102	0.165406889431225	-0.335009198415613	-0.279208077308237	-0.170858108358558	-0.0745071503713324	0.144672114438658	-0.28413906502926	-0.231080634212934	-0.259416205393507	0.0932838587689878	-0.226983758363491	0.233830236777147	-0.11622529551294	0.12639424371115	0.0389273527846487	-0.204283916760118	-0.160174535017187	-0.132901532366593	0.158188903824538	0.117544753682143	-0.0231317349369452	-0.131763526019351	0.199127769127406	0.0633496765124038	-0.270433155745015	-0.0175260166209275	-0.201722350470066	-0.00913865352826115	-0.0349266229104354	0.0550770396431214	-0.0285093284504506	0.0927863057446985	0.0774403224381393	-0.162341537955908	-0.184569055124044	0.0173914804613605	0.021240155806487	-0.0865909978687954	-0.174947335263092	-0.231646749152166	0.0737444531237727	-0.242463458806157	0.0267889292236439
"KEGG_OLFACTORY_TRANSDUCTION"	-0.0981941682924446	-0.106592953768331	-0.248120032792017	-0.154433030138367	-0.163298588510959	-0.139310995356485	-0.177159552990465	-0.178680756404314	-0.122257094130767	-0.0945783894830265	-0.142277777963873	-0.0454244656768211	-0.140196289755399	-0.159028882055487	-0.0543853680843854	-0.192157056295145	-0.105792428878174	-0.235488953223537	-0.126986461597746	-0.115676752233354	-0.152206952375122	-0.170739333290092	-0.100810117800278	-0.183661557005726	-0.147684622685327	-0.152202034299908	-0.131899060063398	-0.186345287928089	-0.12812683513486	-0.179761599286233	-0.208585726639708	-0.0857937142178849	-0.155922392204455	-0.105699898378165	-0.20921359430251	-0.095484460685237	-0.155619817621681	-0.167183516734175	-0.171654447932538	-0.0266201062851774	-0.168727696898451	-0.15097289376889	-0.163759070684659	-0.176009748668642	-0.12811525449758	-0.242289103797973	-0.0691058479289695	-0.364406686820243	-0.219392882254117	-0.320706692980594	-0.412867475095936	-0.326212621790039	-0.20184992093945	-0.3952912563165	-0.274882649897722	-0.384100589757381	-0.0150914842195329	-0.342353625807366	-0.380954583365448	-0.126147860126721	-0.115891274981002	-0.253132005074145	-0.311015583398425	-0.275597545589868	-0.407234545257711	-0.163493507307047	-0.303936791769478	-0.0897006360626238	-0.36427056657129	-0.237668673175816	-0.373759734560356	-0.0760327822295419	-0.406865029638959	-0.321576399589794	-0.311494492376259	-0.449360784896457	-0.0825083308321184	-0.191420794520402	-0.215881691818912	-0.201333598093278	-0.418301341572757	-0.154831135466149	-0.239608275234942	-0.350477333252031	-0.12420050999789	-0.380879822077722	-0.100831534361288	-0.0518911227938156	-0.244735027888221	-0.0368111644864027	-0.393784611432612	-0.0721637619139057	-0.352256438306802	-0.27307650773682	-0.0892770715139115	-0.293971952070431	-0.0675436283785626	-0.1291715547842	-0.333841303677348	-0.131421211425944	-0.184864165611936	-0.143861748732883	-0.403630882949263	-0.428156306472063	-0.191106042552944	-0.126347848176727	-0.0211287664953984	-0.404697658023585	-0.265789249004273	-0.408061594348745	-0.328144811010447	-0.233507457787558	-0.3074352382617	-0.424207699480903	-0.324907459441757	-0.383530580688473	-0.262908072888832	-0.405619259117315	-0.322325372758852	-0.368279140301259	-0.309865227188305	-0.371738569547151	-0.385532223462215	-0.469354577213042	-0.367420991128892	-0.40592642577052	-0.235011139026569	-0.163530392289357	0.0356688614856417	0.0542823095167551	-0.343804460631526	-0.262471153458101	-0.274735966487718
"KEGG_ONE_CARBON_POOL_BY_FOLATE"	-0.124202138278051	-0.407261468232787	0.0583671246638964	-0.314736538898455	-0.0919967177711468	-0.0514599042772054	0.0953138877956038	-0.062798205889612	-0.189176043720696	-0.25341419898272	-0.307809532890831	-0.242708159985402	0.0268589047311305	-0.218837535719979	-0.512648619767117	-0.338218983638037	-0.56458910135151	-0.224971356553305	-0.502182409389245	-0.59730149867644	-0.175688238364712	0.0686723238754504	-0.215579649480763	-0.484099375098344	-0.221515405104878	0.128990220521887	-0.339768037760258	-0.206176045462724	-0.277368943010626	-0.461935454131773	-0.23447538116169	-0.48248824793768	-0.149875059204277	-0.380781628761387	-0.353330633660862	-0.318961081065661	-0.409286493439725	-0.0272862131957218	-0.40761434452765	-0.535250405871449	-0.397740620799415	-0.144416045565027	0.148509010227083	-0.202616114103615	-0.324122666266645	-0.326312185178609	-0.118896287456908	-0.544440084493135	0.126532338211466	-0.360851393571582	-0.0493426927849442	0.0570807088572668	-0.160910889513242	0.200614068499674	-0.506733393169661	-0.372266147698729	-0.119202382413986	0.312165542235948	-0.138236811248568	-0.539009563834071	-0.420051505042749	0.05679677825306	-0.407051234055733	-0.282083913003895	-0.258385850687757	0.190994099026561	-0.148479437704982	-0.140548078295864	-0.209157538522283	0.214929910582984	-0.139550738768694	-0.160839523779029	-0.220434746400878	0.0425005967376601	-0.259902569181613	0.107600218406366	-0.179739993701321	-0.400253449417048	-0.21739871916721	0.0188472040232511	0.369844201616196	0.154678460931476	-0.310055050428743	-0.189677245852271	-0.350376178507583	0.186993109491362	-0.170634985603673	-0.107530098507808	-0.00756807826242564	0.241516497441914	0.149558045023099	-0.101686856690503	-0.0306052981814172	-0.3773971430695	-0.227367739560219	-0.0129174233291701	-0.0101236776394515	0.224535070128949	0.155437916544786	-0.182827106094464	-0.128153005115777	-0.383322961014898	-0.337524204270982	-0.367513851430972	-0.356557647028337	-0.276377515691569	-0.350164609827112	-0.20762390115348	-0.391852873950421	0.197727407088275	-0.352456282800912	-0.154302161085175	0.354189335523655	-0.0199255682908322	-0.441252410048464	-0.306856368249014	-0.298141167736885	0.0330430942921671	0.0773204942450402	-0.188565275584373	-0.192246346623052	-0.0818434459600462	0.220172030946654	0.0741411377752988	0.0106179980518805	-0.0494561455442855	-0.421661918164906	-0.119818396197235	-0.053702603841746	-0.349378259259952	-0.0479905748655	0.0443526039103933	-0.452339284921756
"KEGG_OOCYTE_MEIOSIS"	-0.161232643693129	-0.066121492627099	-0.0103681349816094	0.0276740170917162	-0.0413364247345659	0.06237311129664	-0.0844760732744278	-0.289361422943875	-0.13305682497271	-0.301605914850545	-0.169042564372407	0.0687123880840559	-0.283610705011439	-0.343930572296828	-0.287972744712177	-0.221636963664978	-0.0988671553503903	-0.13354474430783	-0.366264927871249	0.0946980655484815	0.131694739124976	-0.184265912234512	-0.344698778775365	0.178267781561588	0.0803253159228123	-0.192619748691517	-0.0697909253456875	-0.113617225327738	-0.0445066025564167	-0.0615185929846645	0.133376440794935	-0.0151620487192539	-0.154333186531229	-0.0168174587620826	0.167543516555653	0.0350596529232518	0.0648524203768253	-0.163530709984678	-0.0100141477645773	-0.255247760029347	-0.143105053761914	-0.0230117933715135	-0.281713407867485	-0.341335956311537	-0.208338680714823	0.0225984824147813	-0.291460691586699	-0.058143237616803	0.0524170751670041	-0.0113017867257097	0.118664845818699	-0.077445530798937	-0.0480404891006102	0.163657205609232	-0.0969341876250203	0.0973366989630379	-0.199567201812973	0.0498317916354994	-0.156143336946022	-0.235124944268907	-0.283043729857921	0.0372841063387881	-0.19815679313836	-0.218395301225828	0.0977936630126143	-0.346180511993438	0.105893694164905	-0.189608153524263	0.192381614482885	-0.0601863478872183	0.217491811063583	-0.163725508247804	0.166520165105212	0.22328439977472	0.181118301211718	-0.074491089786421	-0.145057053492108	-0.0505416222019644	-0.199198398265486	-0.036728608753018	0.0485744658218921	-0.101367395660424	0.0367234799036357	-0.344844626086552	-0.0208208264144385	0.121573866035632	-0.393306687769427	-0.357341416624359	-0.152122916963975	0.00731260602295603	-0.0955308973498558	-0.163923822592183	0.206501014096715	-0.200458100206527	-0.0373731086494384	-0.232051392367244	-0.120126042553005	-0.170924921398594	-0.053968166226506	-0.260844915908566	-0.154957316692724	-0.188601653396243	-0.132074565918644	-0.0328522315315059	-0.208291149236798	-0.14233630323163	-0.00403501564861339	0.267572752732137	-0.125891920974314	0.0422180434409565	0.0974746701425859	-0.183568087172495	0.156870875395597	0.217982295074773	0.0365376213520716	0.151893879636817	-0.169926219651825	0.277795925229339	0.102728447205252	0.12636073717265	0.083804378578069	-0.228906113862487	0.264119352357756	0.0892732590462461	0.283212574448391	0.203660504421604	-0.234270931811178	-0.36396323206704	-0.356497293209875	-0.392002731460794	-0.00926789691422691	-0.0538976712781312	0.0439182682944853
"KEGG_OTHER_GLYCAN_DEGRADATION"	-0.378233112489664	-0.604860975101244	-0.226385819926453	-0.472918977089329	0.0590293180836799	-0.334042307327032	-0.363812048782788	-0.433374502917825	-0.280862944705812	-0.22490740191734	-0.458628844565262	-0.34947917733731	-0.50784358948872	-0.516146478641243	-0.504430506956636	-0.743781909616097	-0.426458962316582	-0.56550628771352	-0.590804572934877	-0.226592710359393	-0.624110391173689	-0.393511914225371	-0.431027427715983	-0.387076803262564	-0.107538003259089	-0.0383694173269561	-0.624697261502274	-0.589843446681975	-0.432019444527585	-0.404286325213031	-0.507375265829993	-0.324731091478013	-0.223322939469758	-0.549380537972666	-0.453613259779875	-0.190673401217359	-0.554642636152443	-0.570981341989411	-0.312124322631117	-0.569222998873693	-0.375985918279611	-0.369814274829011	-0.16682880234848	-0.140493781276293	-0.186896534729575	-0.169236438141524	0.183513384934065	-0.703128476269388	-0.338986572266376	-0.0355315892805598	-0.447630223714969	-0.57533266345103	-0.269441470401966	-0.358344945118141	-0.340020369076145	-0.337728040696242	-0.779743576975201	-0.478824338320007	-0.260161124254327	-0.614963433111656	-0.353836707342802	-0.428856621872052	-0.00635717176949868	0.184054155752806	-0.562959907833364	0.171821588881051	-0.0247152966963161	-0.291587263527797	0.221038595599602	-0.299860472562146	-0.0815190080561604	-0.344322800033004	-0.354459141818389	-0.0568835922045182	0.19644570521983	-0.216159471481366	-0.190013340673498	-0.593972660249836	-0.136491572075698	-0.32052296032827	-0.17346241588596	-0.352009178976755	0.0474013744514933	-0.00161366220714637	-0.608857582590438	-0.433797881966402	-0.576709732680075	-0.130846659833539	-0.0521957520645016	-0.648900747282849	-0.264608026791189	-0.568762798596673	-0.363402099678013	-0.452831954812236	0.0337594211215018	-0.528242711841355	-0.354946985878968	-0.423213211514501	-0.349756796642821	-0.628675038986853	-0.208390876308711	-0.440586899686366	-0.229294538437884	-0.252180124279481	-0.711117283359466	-0.739310411117828	-0.4929888876896	0.0772262765855737	-0.393777456766772	-0.279189033900188	-0.64981281594214	-0.583139449080286	-0.241284382916419	-0.0846666276491364	-0.644442986889504	-0.410842256219956	-0.671694534451811	-0.209276332957808	-0.557208328216115	-0.459160828950442	-0.152595046029648	-0.28255236041509	-0.441395132048151	-0.206668170357235	-0.456195602488698	-0.244670155302343	-0.627134803884384	-0.111833174532009	-0.501811690509694	0.00999522236571665	-0.568083822626927	-0.518019386729346	-0.587676904687994
"KEGG_OXIDATIVE_PHOSPHORYLATION"	-0.0484986449374926	0.0405104689929429	-0.0222724358729699	0.0457508887586179	-0.358434359897906	-0.137145831062919	0.171483227212142	-0.398855409088853	-0.241018676616503	-0.323908613632064	0.0107190903657387	0.00189831724139858	-0.461111766603512	-0.538853668562718	-0.588883109422812	-0.622923058737713	-0.462107525517436	-0.527590660198732	-0.634189682193719	-0.1429519782155	-0.375886134700254	-0.0301335773377275	-0.105773356337317	-0.239257700128975	-0.362181811627164	-0.292570173948872	-0.107169475464462	-0.500368937787736	-0.541782418343878	-0.533612010302977	-0.0595864943478192	-0.330341396497178	-0.459100497231458	-0.330391870728888	0.111463527880673	-0.0320751440072098	-0.501974145881461	-0.257958188627706	-0.19149262509338	-0.40232877527505	-0.0712563354931421	-0.0458202804880671	-0.123084648585094	-0.534077641949155	-0.167566244851174	-0.436426464401844	-0.393200768075396	-0.239981965186794	0.200417853082569	0.034581644524343	-0.169462730579083	-0.12885416546349	0.0138233821950535	0.025263663500562	-0.333148543672849	-0.413605384862671	-0.371054642485106	-0.0607920444371341	-0.308617367985205	-0.548163694937716	-0.605359927215934	-0.394779414542997	-0.0292130924319316	-0.367910219022673	-0.371303989212789	-0.319292348359796	0.167945550577092	-0.316179519058207	-0.193591990401603	0.0451200622507211	0.00556720064082812	-0.146640514297024	0.13072476862502	0.0656092832415021	-0.0620486486498207	-0.0239813413686385	-0.224778638891491	-0.185470522599821	-0.0744805793831279	0.0959890647267514	0.0159396962189002	-0.229947823914812	-0.232348682495366	-0.173118860462557	-0.169160494413039	0.279279001843479	-0.635686837018849	-0.534617592330548	-0.476759235722666	-0.142445099454078	-0.0695955957611729	-0.0354095453440721	0.246632483268939	-0.181820393515813	-0.376904039241391	-0.31401942704172	-0.3169593723402	-0.108370751391116	0.290946340587755	-0.421796446680021	-0.384855723602512	-0.21249396413569	-0.215883725941145	-0.0906323533347135	-0.458594641400783	-0.53007171952153	-0.406844749796134	0.0650513257154383	-0.136766759580827	0.31761991470186	0.151861148988375	-0.463694030608	-0.216818593972735	-0.010056632726778	-0.0207104754377859	0.141057364722367	-0.469220389595872	0.0223256619594137	0.0653187169513665	0.0698091004777084	-0.284959834301065	0.231212834150404	-0.162729728324404	0.212310782182732	-0.181038442031857	0.176924691365082	-0.669103873964161	-0.458424482624648	-0.514922260383173	-0.360576709052058	-0.0601589775928495	-0.541140228567749	-0.503872035816061
"KEGG_P53_SIGNALING_PATHWAY"	-0.0220386665916686	-0.37676977212723	0.292842091973102	-0.331948152867704	0.00642299735623167	-0.0449458921579165	-0.370443417101806	-0.182881956479498	-0.23732706509877	0.11461611838549	-0.510678861542512	-0.207797871579385	-0.372141056670322	-0.378071705394717	-0.125724183066361	-0.0489207195445446	-0.225006975762132	0.128468861907108	-0.279912953931311	-0.000757935117640357	0.151134455399754	-0.0670278047393143	-0.0739310381002432	0.108051725938162	0.249139273057083	-0.205224351539673	0.140052627475623	-0.134991159938637	-0.28869976112497	-0.0418288457028985	-0.146730909556045	0.0444969455564809	-0.333009779379581	-0.462167795257326	-0.147867616380023	0.150735337101845	0.00935275924171652	-0.0567613140450328	-0.128007381082291	-0.35822785722536	-0.15662701408851	0.047376520985038	0.283199714032968	-0.269690375857541	-0.267728371305799	0.232793399431761	-0.293698432851526	-0.348267282790604	-0.0501126289870745	-0.131245114865141	0.366195547128125	-0.054573092288449	0.130535526215157	0.0248703176823888	0.0670342196722901	0.38061552792648	-0.451177636384007	0.0993061718137795	0.188938778092464	-0.184521855837633	-0.123274402583924	-0.19147981777747	-0.0313515104211064	0.150720677686677	-0.115574260072899	-0.0695285229423946	-0.167180012874374	0.0304639725801232	0.369244744369152	0.283170402946357	0.073370557534104	-0.425401725453681	0.047704230546207	0.294231920035753	0.135980658734977	-0.264993054073929	-0.112514347448896	-0.202701163054221	0.0157555363342409	-0.0700479335500733	0.0245326535881175	-0.0452286671986113	0.263259906648866	-0.172085093783711	-0.0601735532547509	-0.231620280966865	-0.136090735337411	-0.264762009698292	-0.0225547613360844	-0.210501735364795	0.127990916080497	-0.279122921015889	0.0330238894097989	-0.0376684784711762	-0.184615648974576	-0.130442427303295	-0.0717376774109659	-0.158304330454575	-0.141388752083163	-0.040427226319522	0.173393685002639	-0.100182238161777	0.0678482703545418	0.116998156589683	0.149565900210864	-0.322417213581433	-0.386457685143996	0.176976860092591	-0.280433666227416	-0.0397921538226807	0.471372727510682	-0.368461659440607	-0.255350919580673	0.349532792334296	-0.128062577966523	0.208535413581534	0.127950310419043	0.28086957034379	-0.138708689095777	0.179950782140065	0.219972325099749	-0.156691100644659	0.483532691371725	0.183512608090185	-0.0272011147020861	0.190680997604289	-0.357752516140978	-0.325181548088419	-0.382047073637677	-0.101708647409381	-0.16197426518998	-0.0015505801264698	-0.172081045150788
"KEGG_PANCREATIC_CANCER"	0.0956478323500283	-0.051824809777142	0.0161669353585151	-0.15148309384097	0.214266366947661	-0.122412307305611	-0.212656123919142	-0.329250763207337	-0.353166875333263	-0.29950298785064	-0.164316591000607	-0.0110440429315792	-0.0418969421476623	-0.362120739503977	-0.244174129037919	-0.229550001986198	0.0102898807854404	-0.0930981042613017	-0.480128620806351	-0.156625049145633	-0.02513655681193	-0.167742051851943	-0.096795308122336	0.0681941329274582	0.0990527005963022	-0.175927016190775	-0.278645734681446	-0.0794790983845289	-0.0756309255942647	-0.210014701413813	-0.0572383188489514	-0.0800585166978256	-0.204084793901229	-0.165083730231734	0.0236758117038592	-0.0278181028450436	-0.0584344721978843	-0.285024980545302	-0.102853904969426	-0.412702420899806	-0.00119376810921248	-0.178656742841351	-0.326718957836083	-0.177688170681505	-0.221323880489357	-0.121414166527977	-0.154363514141582	-0.22865077282034	0.258327074479362	-0.0341952464279	0.103134816047728	-0.0405770974120321	0.00209794067716104	0.0907380026760815	-0.0178391999848176	0.0458870838036548	-0.275327999982979	0.0128995275778913	0.20871781408645	-0.375854900598117	0.128227801333134	0.159927672605227	-0.0877864511391689	-0.20834158926239	-0.143666319109073	-0.276302879593479	0.0426975547990297	-0.315747702887921	0.24530830410702	0.161271538399689	0.0969152810366682	-0.0860878520903733	0.254101932925895	0.30536520606669	-0.0491343552400596	0.237559620593033	-0.210094081483239	0.0284584839114181	-0.417355602929905	0.161145968363765	0.323384500737492	0.163128709801937	0.0171507141542204	0.0743924125704897	0.0412023193135208	-0.245333752353268	-0.351272685954613	-0.161960131828202	-0.0665585504046474	-0.0650771583754889	-0.0764033942367603	-0.15706020618351	-0.190113150339505	-0.246148627273414	-0.10102996080015	-0.149648563366208	-0.230031074135057	0.075078086142571	0.0249865200022842	-0.151301293380388	0.0865757791704718	-0.194380472305658	0.141096364569282	0.118264521811505	-0.295862512466656	0.0944293775060937	0.30281585861819	0.111279947267697	-0.118494288823408	0.301673671123212	0.224238270173483	-0.129577504736755	0.31560380143564	0.187537429191973	-0.168669848052399	0.366128265660304	-0.239975851232734	0.0648838255488096	0.0308870930420675	0.176790287893286	0.0173261315733198	-0.296211336760849	0.354978874878724	0.099255274187616	0.0902053402959126	0.131471820676889	-0.29982568093381	-0.277167116684418	-0.403020025034062	-0.274162307259656	0.155418012619269	0.0281211034773336	-0.0230169457084652
"KEGG_PANTOTHENATE_AND_COA_BIOSYNTHESIS"	-0.000585022449038852	-0.197791106680228	0.167165355434264	0.0126377684727496	-0.456875560813085	-0.48485175066339	0.0473895468788062	0.0152481813139706	-0.328086727939766	-0.0724275692522783	-0.460900797204379	0.254953740918551	-0.184727931743422	-0.465393515200273	-0.224505495798356	-0.425126709656989	-0.299716243028708	-0.0992180647050858	-0.26106969849853	-0.322043837084382	-0.368328346608459	0.0674436802136607	0.0312748383868063	-0.383895422423036	-0.101796391277751	0.288460963858744	0.29050096513202	-0.232767869303109	-0.0207978998004365	-0.447805779742995	0.0407675223856851	-0.491631407183789	-0.137237751650339	-0.0851179542869758	-0.101349824906056	0.110288809250835	-0.441129442596834	-0.363800914733317	-0.142961112250386	0.140472278121386	-0.482142911144384	-0.0193842558197683	0.234780738723792	-0.110477212214088	0.0398617440492576	-0.236042760864445	-0.110258195038534	-0.512965570760058	0.149760221844642	0.25639092409248	-0.104225847350379	0.0869788516036227	0.149883900010084	-0.0500103680029839	0.212576324754488	-0.0473783859842259	0.0269687914739272	0.0356220343387823	-0.195740982975983	-0.0937332089916435	-0.0153444496407313	-0.29456216948871	0.0178629862998908	0.0583529582689233	-0.198077808143412	-0.295825356035184	-0.303927396623269	-0.00498896338919774	-0.0893512860248384	0.193688573734306	-0.31376885510695	0.0016296566570736	-0.231516990954971	-0.118910144044066	-0.4859413376187	0.00731116929364262	0.0111264136733157	-0.129743354357365	-0.173101924351227	-0.139806842834996	-0.046143343482408	0.0680992631639987	-0.184314819573436	-0.158015241043538	-0.0789308132209919	0.423665808571635	-0.148482025231393	-0.281283292707435	-0.0767748306210365	0.164122529383887	0.029479086628177	-0.336905895906988	-0.0815636196295353	0.00101840756361271	-0.0498522684163287	0.0632195934307215	0.152713318548946	0.354959882406282	0.059177161979477	-0.00745033621117441	-0.461397947076875	0.00504123020858843	0.0282996335689941	-0.214305397099112	-0.307414186283608	-0.244680645162693	-0.456797578066751	-0.117333666745237	-0.26938537476691	0.181874278787992	0.166051872420157	0.248673478083654	0.365194079834663	0.384419009784204	-0.222625338770952	-0.0170917822940225	-0.256553725065776	-0.0780353545856806	0.0531638706912866	0.168108763383305	-0.170851312814396	0.209278121319508	0.0553305095857426	0.258814920824068	-0.171730749131926	0.0951285793828998	-0.0309367388916378	-0.321811531656167	-0.164873102807055	-0.262762387256525	0.364098176899926	0.0247869848969468	-0.159598465733368
"KEGG_PARKINSONS_DISEASE"	-0.0494339437464352	0.154234146174062	0.0317078492593743	0.212911861234547	-0.300907935896716	-0.202328053278951	0.179362979333727	-0.37261383050852	-0.0950924365503764	-0.318648490686646	0.126913436823613	0.100410338875768	-0.404996912752593	-0.516814932017063	-0.594352204104986	-0.564689738516396	-0.401692507373349	-0.521348663836498	-0.5932996841457	-0.158806665659662	-0.393962818742446	0.0418258959298674	0.0415344260290607	-0.108112645738464	-0.370430051792263	-0.356629317745825	0.0522330121142794	-0.442482446712864	-0.52295841481563	-0.47841681555229	-0.0131791650499685	-0.240962715392314	-0.522312592144785	-0.265533178960547	0.210762340436688	0.00511946060564089	-0.444568512339828	-0.0671249308633612	-0.112601222288272	-0.411875048157518	-0.170795996192569	0.156548801172407	-0.171941792510341	-0.50361286917161	-0.177736336755685	-0.489179648480637	-0.374877269241373	-0.168051015532485	0.236686347638936	-0.0430075364801036	-0.0780436072116035	-0.158282586044202	0.0702440456824911	0.153334670687404	-0.333774179063778	-0.429032930819062	-0.306847929361553	0.0728306512263378	-0.211273868766865	-0.540022374727697	-0.497141091431426	-0.254151991059245	-0.16358868055752	-0.289340756847824	-0.347837587349398	-0.298522617721188	0.241913594575906	-0.179430088933855	-0.18868640884519	0.190518457159659	0.0162013278210794	-0.0931304798640115	0.17817820562752	0.137204986482415	-0.0038349324878732	0.0272647294781042	-0.296656352991532	-0.232389017859117	-0.184248503948027	0.297369662369519	0.10571547116846	-0.138935820154302	-0.306846717923576	-0.298460574669535	-0.138517716630167	0.305324770898949	-0.575897624784647	-0.549100320190336	-0.453471910687633	-0.0627473188962179	0.0106507800607814	-0.00883828069834547	0.233486633247569	-0.249960479164333	-0.396174718874669	-0.377780102787257	-0.251280260474017	0.00795861600102807	0.333825811740899	-0.36829448991934	-0.193118131371648	-0.313229739838287	-0.161100157733712	0.0342080206518973	-0.347698450780391	-0.462116333902512	-0.370428951654214	0.141356728318007	-0.207330346261179	0.328978082565613	0.244816320574909	-0.41207125357238	-0.103048903728712	0.139428547655461	0.0096807713225982	0.198057181534232	-0.398307667182365	0.13532253528262	0.0328715349611823	0.160490059330669	-0.337879576981945	0.155661762475861	0.20996221181541	0.193636859368938	-0.063814228940075	0.232027163936861	-0.649558921133158	-0.436177035437784	-0.526479044492658	-0.290753102382688	0.130153292774463	-0.416272276475155	-0.505199460134128
"KEGG_PATHOGENIC_ESCHERICHIA_COLI_INFECTION"	-0.124749890002875	-0.212828503984293	0.107838154581731	-0.0384472542910654	-0.0528744209089209	-0.0297539329494584	-0.237677840630948	-0.463480362296675	-0.307095194706311	-0.021566381636772	0.0817374694273595	-0.317527695086093	-0.495550634654831	-0.564546718509563	-0.493302921425963	-0.400814653003647	-0.133467716833589	-0.325375971343884	-0.539128038920263	0.106571128149087	0.0380633912664304	-0.184998563155498	-0.429901995713674	0.0427536262144373	-0.0036861505104572	-0.461072374243143	-0.168206376017759	-0.114980814987417	-0.182451570454403	0.159309179331481	-0.109897204174502	-0.347229914999399	-0.396474525017542	-0.216092280661831	-0.0909159729445189	-0.00852637921939514	-0.095892681938208	-0.208279131154816	-0.336628745224246	-0.501611705153639	-0.139754281518745	0.0221689507494252	-0.44434534499079	-0.172771615003777	-0.342199146608974	-0.0998643103281595	-0.349707516167946	-0.25832477014511	-0.163343018767156	0.194452283055364	-0.0420008423900071	-0.226499317502443	-0.0899442602289656	-0.0394640152411102	-0.235923150311992	-0.0308523949856887	-0.441433470361878	0.0989079814913228	0.0620518869061627	-0.343979942068479	-0.481583599381613	-0.153164966603169	-0.275696648750611	-0.102490623735389	-0.203491986832547	-0.316537265464208	-0.105961535082998	-0.19800916800206	0.117564711572146	-0.183589161282978	-0.114335246624225	-0.438498469745389	-0.0254061560735717	-0.0474337632570363	0.194462840193312	-0.0149554141928338	-0.432517440324262	-0.129443750889246	-0.11444916512328	-0.127470433832922	-0.174876144765627	-0.333395535104899	0.0110712631420372	-0.352029131341499	0.00854387577212234	-0.0816786337074342	-0.431117941864834	-0.493568360802411	-0.215587914171297	-0.358547655957252	0.181432564451728	-0.480701677811961	0.0847402381051105	-0.558300289627382	-0.323347133412159	-0.305720512726647	-0.118067680435401	-0.32954657720113	-0.169017416259567	-0.397056516518112	-0.216209099154381	-0.343375371879933	0.0925680579239278	0.103460000349944	-0.356639400389309	-0.25784944710633	-0.33249905285798	-0.0270172448484405	-0.349473234400534	-0.00123835227612248	0.162194859830112	-0.502841112437453	0.100939339204684	0.181824603178277	-0.174619591492946	0.126207883876631	-0.309052856480765	0.135407168461921	-0.0887663201944197	-0.045262017795417	-0.255245806219435	0.0213525821568258	-0.109612554832428	0.165992282311005	-0.0219670249807974	-0.0334510082242686	-0.467835273447158	-0.436620592007527	-0.541419846504199	-0.0969697255014077	0.0894614333832026	0.0903119996489489	-0.374551442943999
"KEGG_PATHWAYS_IN_CANCER"	-0.00982125082303431	-0.164283482547979	-0.0929415279213007	-0.0172034590789755	0.0597063509607556	-0.118300893831899	-0.277236558641051	-0.293762147630577	-0.194492661008453	-0.170999996239448	-0.122418198259816	-0.200913188106989	-0.27209171398001	-0.206088948855529	-0.123334467391788	0.0632651940272635	-0.0253582731946158	-0.0458855461384219	-0.271562003800643	-0.00668012564119716	0.0911760955049858	-0.186857960912274	-0.227878195636455	0.00803479324802939	-0.067333614539644	-0.0521614310471177	-0.225761798909486	0.0433888783366558	-0.04564140539371	0.0214913915190044	-0.111556312279484	0.00478265400407266	-0.148232050623521	-0.131671454061752	-0.0568927779238785	-0.0406219481225251	-0.00922464466471187	-0.108444712730227	-0.115878260224569	-0.283769133789062	-0.12782002675132	-0.026195822652601	-0.229359563885463	-0.0241941056888098	-0.268128434981131	-0.0762853869801531	-0.108564714632691	0.0389661318354314	-0.048177210236178	-0.0624702377918613	-0.0582934196605434	-0.145362373575625	-0.0715171169364664	0.00990910086006966	-0.119579194635517	0.0727781540604369	-0.148243891604313	-0.083339088500202	0.0613201295446121	-0.0813035125099358	0.0381547429309547	0.0551703448421918	-0.118771138644481	0.000609205029636739	-0.0580876366867966	-0.0843238814806161	-0.093036039310952	-0.183917629826792	0.157379321653481	-0.0692223492892378	0.0949703672682421	-0.150471097170121	-0.0516032975265585	0.0490506610542929	0.0236250291604052	0.00700505082926217	-0.167347677549519	0.198064410485424	-0.118585645082181	-0.0126840977366561	0.035019550617772	-0.121758639922529	-0.0449139576234007	-0.00192983114783518	-0.0970024082212936	-0.23884737457055	-0.240615678806581	-0.0123520340232539	0.076764490054433	-0.194816671535557	-0.0613188662253513	-0.165613551140874	-0.126868799562663	-0.100155146969356	-0.0649604326801352	0.140114355504934	-0.138026312635309	-0.135336373514844	-0.0695806754946159	-0.250593109233649	-0.0104508867448244	0.0598448148136771	0.0771770273669073	0.194455707461206	-0.149708979994611	0.0350032860311766	0.00524838184416493	0.0103083841601585	0.0507147295146584	0.116991282155577	-0.0154868039532817	-0.182859242490617	0.093181438282684	0.0235849589475941	-0.196494264248167	0.189393404513501	-0.157880076540783	0.104302412491674	-0.0299852638537406	-0.0632353546565715	-0.0514889076567627	-0.185624440925079	0.182962206507899	-0.0813348332631382	0.096546806963509	-0.0987393566309162	-0.0616883835193243	-0.148627968548489	-0.302465477442949	-0.082539221305702	0.0834626185158768	0.040128704754765	-0.0255504638009625
"KEGG_PENTOSE_AND_GLUCURONATE_INTERCONVERSIONS"	0.235804032140997	-0.180929190778432	0.593803642799633	-0.296095349665066	-0.319059075408497	0.420645800615652	0.187435795752106	0.0787848130805367	0.0181575427710524	-0.0222550799716043	-0.0843885489328039	0.0195439244171724	0.464523568430773	-0.0282171185870769	-0.497039979744706	-0.434588530576799	0.196948586308671	-0.276307662655662	-0.512117757427519	-0.262063352022878	-0.582920206352459	0.0696114479124671	0.030589072668371	0.0914427730549738	-0.456593349665869	0.377725114633901	-0.306535034221912	-0.332932338756552	-0.506810361926879	-0.511605438580366	-0.280762094349092	-0.24676057214007	-0.138000109705309	-0.183897067366985	0.170864323031235	0.269354510285941	-0.433124305503171	-0.0445071529993429	0.267031797526959	-0.457209310832471	-0.149288096018284	-0.112502672291449	0.39679479315681	-0.218349832818082	0.040751693584387	-0.177760902194579	-0.196551543956525	-0.625135005434297	0.03583240517539	-0.127418119191039	-0.441995148291169	0.0604581891121349	-0.486582450705035	0.00853791358394825	-0.45568014188763	-0.337709737439322	0.106489955374753	0.0735628051918674	-0.473607966961006	-0.352831541252042	-0.213938373788221	0.128029353436872	-0.163364768188434	-0.510163699261729	-0.456825537919858	-0.347152402245099	-0.401844075265286	0.0794410383435991	-0.158261235518305	0.0236519625959974	-0.582982420567256	0.137005915066311	0.343041027983031	-0.295246170116908	-0.314825082921842	0.107870436371867	-0.267288912848865	-0.314972046582165	0.0123638043796273	0.236437167161932	0.310138700759646	0.236738711012504	-0.0940586097567161	0.287150982944956	-0.419142181282417	0.0902792133524666	-0.011510575889558	-0.445925639868631	-0.206900872577396	0.0996978718031283	0.253750498127593	0.34662180817153	0.246211896139727	0.0767980057892666	0.0787673879073844	-0.179838660050811	-0.17074390932476	0.306979793118645	0.120363265347376	-0.209482080786257	-0.0865789755022238	-0.250848887087221	-0.149160190071854	-0.170363349257448	0.00194860972094008	-0.264628442890133	-0.0516276249708027	0.177833154811376	0.249741500242943	0.0800157027245315	-0.0582318630932671	0.0914880403741882	0.0814002395689968	-0.353801544666682	-0.330734842038353	-0.416576051091959	0.0497634911412283	-0.0753273116160977	0.022172932157117	-0.496292345581994	-0.504337223159789	0.0720720627265047	-0.408658456165352	0.46682600319286	-0.549413652235832	-0.0510740879799106	-0.312687739921269	-0.0617709382239688	0.204926273027901	0.171118744295124	-0.105089747911698	-0.358270751318798	-0.397904863715051
"KEGG_PENTOSE_PHOSPHATE_PATHWAY"	0.14780246174372	-0.184790588088931	0.37380790712347	-0.188585382174102	-0.313242456294894	-0.220098700380868	0.131899710724731	-0.0644635564378337	-0.318294174770624	0.472559253238921	0.0688529823788133	-0.124412317932741	-0.3144323486963	-0.346568815581199	-0.300719178648378	-0.3923611420396	0.0868147473688505	0.107609718599216	-0.3933006906867	-0.308623488133037	0.0545602015461794	-0.0409788229374357	0.248616988648475	-0.163287001283983	-0.469772541581672	0.255069632973485	0.200522157431482	-0.45553799308603	-0.505776366349792	-0.463165102362759	-0.32882423816324	-0.0911067692896801	0.25207811856957	-0.359651423763999	0.200854457782245	-0.129570872785425	-0.246661287331465	0.0418377825219522	-0.195581299238433	-0.345582602795339	0.164083766074913	-0.074304859639747	0.0520432856070089	-0.240375439148426	-0.280984657860836	0.301891094470719	0.117457243499564	-0.481081595010999	0.237963406704792	0.300542434264179	0.351140063010304	-0.352011307402904	-0.371238726307569	-0.189039374469336	0.0307182653319963	-0.10178843480502	-0.307157559883956	0.0528098559909127	0.0684702700602954	-0.516360115089956	-0.417388341342119	-0.239555762499875	0.0651966348846897	0.0931488632974873	-0.136352542673353	0.119042327859496	0.264574214374382	-0.037997263239089	0.0212911845713167	0.51268378659908	0.146199564969999	-0.172167622741075	0.0911139126888192	0.105206582564396	0.266552261239637	0.152957682459822	-0.105527377857916	0.0149518481905818	0.0894768144988257	0.388936750725382	0.25429063810341	0.238413831582379	-0.0727308605618479	0.124250659444991	-0.374076454276348	0.483479520967123	0.0731978724242332	-0.0822736860917156	-0.0989702981694439	-0.196598484131196	0.494129346673242	0.015826601473364	0.0493866894657355	-0.228365336706783	0.157238918268743	-0.0554874784978249	0.20371547460006	0.306138694536845	0.334750047270015	-0.468981059873391	0.112062181729678	-0.257449165202946	0.277133193332875	0.223710481751901	-0.405868670772098	-0.440396779499869	0.135345277060973	0.0765388200124334	-0.2229449830736	0.415768607729403	0.129832915375067	-0.497294965416659	0.100408781226062	0.200059553671354	-0.332918639985278	0.209613551409931	-0.426441644203376	-0.0376642007993769	0.0616730603556176	0.0567571484727217	-0.207839249996722	0.235910625916595	0.252091213831508	0.448487238350336	-0.382494119451515	0.183348008938338	-0.626020121822537	-0.00359414434127633	-0.268071208180352	0.147164268929864	0.0567131227201706	-0.333245905054829	-0.637032678834693
"KEGG_PEROXISOME"	0.0756920092890393	-0.312416240889162	-0.0233511692029612	-0.237201278400463	-0.333699557122776	-0.270002068133775	0.191495089711786	-0.353401445868915	0.0592172429878814	-0.038166025349304	-0.0476494959894503	-0.00494363540604956	-0.0414668435446873	-0.314033512079315	-0.446210810573542	-0.417011101897662	-0.351464189951762	-0.300661310193509	-0.46899039765576	-0.49256129467954	-0.512276396908223	-0.152980614869312	0.128513977580979	-0.405217437858069	-0.198956155769723	0.0778289505149972	-0.030523702200232	-0.416295617378818	-0.332378926587833	-0.521585278460012	0.0372624354956888	-0.263712815786766	-0.0829746002648762	-0.159106749257761	0.0974018020736389	-0.417677354729187	-0.451351215445906	-0.150217535501515	-0.206196344084829	-0.184054584304558	-0.00650094019467959	-0.091799811780143	-0.00511184139905901	-0.210990604348662	-0.233375346955363	-0.243497269322604	0.0162604187079214	-0.315844517936671	0.344525768197989	-0.21796199304908	-0.151359214566837	-0.0463212997364192	-0.28171823902932	-0.168048678584802	-0.28527829091119	-0.0239191035894176	-0.0744909857887479	0.104533689231997	-0.343527787275124	-0.393735238101426	-0.25097407016595	0.0285510747106206	-0.00168940711867496	-0.150835641511487	-0.19258909655626	-0.0689194374867199	0.0294002077407247	-0.128699151141417	-0.368903323315609	0.216047862923253	-0.130114659955929	0.0799951522291117	0.030621533629298	0.0051486445632894	-0.310954917302606	0.273035374907417	0.197203542147551	-0.156760608258456	0.107699574818176	0.259597700325575	0.358917934169213	0.157545233120509	-0.342648497286102	-0.160837993247426	-0.383122101514271	0.379066486328144	-0.0151915220688923	-0.255889086046134	-0.41588993596687	-0.0195329303772318	0.204488523095763	0.0567411260458176	0.169800423181039	0.0894687763849664	-0.0280251665514429	-0.218581840220644	-0.163868857103027	0.194935470918801	0.216792323945763	-0.288978414530727	-0.301463991865811	-0.0616330239531897	0.16291867009299	0.00274849638025765	-0.386887998755887	-0.377595083727761	0.14977738967136	-0.283883881664955	-0.147674900808519	0.360979950802671	-0.026830225598791	-0.10907595523631	-0.0948697349454146	0.121589151324154	-0.426647454487087	-0.193209909261032	-0.287789492334999	-0.0336020044096281	0.271103440864003	0.144830668680008	-0.479149134279371	0.203679449945197	-0.195698318183708	0.139941124309309	-0.266993943236062	0.0208411904199774	-0.490628108024244	0.0140275473585131	-0.223992007987496	0.0345172972986052	0.194801913028232	-0.30333070057452	-0.605353730057602
"KEGG_PHENYLALANINE_METABOLISM"	0.23023604644761	-0.174312111305706	0.204995832085893	0.368781163252963	-0.57313548623298	0.107284200838403	0.417515598038228	-0.363339458819467	0.0149342238009731	0.355363620132424	0.0512839704850825	-0.182666595303826	0.0966107318618132	-0.415545481336117	-0.315267690542811	-0.0617177085735153	-0.348384261432267	-0.141072156251068	-0.402439882657181	-0.49272347002759	-0.348588721564181	-0.0427752168178103	0.318543975922608	0.00778073834559567	-0.564947370130431	0.246475868182347	-0.121391062282104	0.132662659164014	-0.444372206162344	-0.196742107507631	-0.26112983667445	0.419810355232512	-0.00994550729464752	0.00539533477253748	0.147525538086094	0.00409180514352833	-0.629685734775026	-0.248057948731775	-0.243374071933841	-0.503547078358462	-0.157287728534517	-0.0319766426975739	0.254544911582221	-0.0189434339785117	-0.344928143817222	-0.314815265467815	-0.420920692201754	-0.296355887928014	0.141388811927613	-0.239484604576904	0.0209570015353436	-0.188116987540868	-0.133833443992204	-0.222752686321763	-0.49766805020811	0.122301107647676	-0.219906394837097	0.303421865610995	-0.215750197776551	0.109862642377717	-0.291132406345509	-0.263922239474755	-0.255326574279545	0.289309168121064	-0.0237346624896411	0.174295284889004	-0.299372882006718	0.136924646901156	-0.458804931762064	0.389599878921047	-0.354125524543938	-0.017433618989679	-0.0590016403400773	0.217716701884477	0.153799932260453	0.38430598072399	0.330453389372002	0.393188609493115	0.150031970760963	0.213321678304598	0.023629149244452	0.17977220949853	-0.373874619501217	0.344347380375561	-0.390259857449209	0.304781540405503	-0.0920311145825464	-0.159522407409592	-0.00504977190395506	-0.207518436281111	0.409701045596279	-0.0121068424867055	0.146202198426693	0.203536314519542	0.317930375982494	0.151537361530202	0.0252186382025724	0.423994212374763	0.255363769972222	-0.395339644856388	-0.241079778729454	0.155278695622884	-0.089142261520026	-0.143014103289194	-0.262769870235025	-0.539931287308912	-0.308005132022152	-0.394136820870381	0.14805081002195	0.272473963256494	0.0363966461573467	-0.395445838610842	-0.493115810557395	0.302391300241663	-0.441036954651318	-0.127694981181644	-0.170706316083575	-0.346236033679017	0.0273591132454557	0.243241392384269	-0.643791793947719	0.429115591833027	-0.179343431119017	0.402208187958087	-0.436840072772196	0.0380593146688847	-0.564388193569869	0.202505796396298	0.20923294016513	0.245772043043027	-0.126214867144514	0.0236238328893163	-0.741429579107357
"KEGG_PHOSPHATIDYLINOSITOL_SIGNALING_SYSTEM"	-0.187889898756175	-0.297414651344916	-0.320230198837783	-0.0116786484611417	0.0549828639451825	0.0694328180355992	-0.350852738464747	-0.073803729030867	-0.025133483437502	-0.243245546861826	-0.103231535367514	0.0520834401763011	-0.217771812097224	0.208445873900148	0.06303861444468	0.158467061314061	-0.371661439735092	-0.0437692389582915	-0.119859745445794	-0.0435787409769522	-0.239067676720316	-0.0407918543380067	-0.447270063903733	-0.37207256839055	0.0896642058051112	0.0174824915558269	-0.182362172658581	-0.0255451979977674	0.133230977361001	0.123036018560863	-0.200806148068065	-0.0915578270437028	-0.172532268662227	-0.28668865699583	-0.284566002046424	-0.14261439484968	-0.240446318681816	-0.00859426791634968	-0.414620918961963	-0.199774211665778	-0.149497984769781	-0.141646865868324	-0.226604687563394	-0.0233078881942403	-0.177870446040811	-0.132543828178096	0.0723252189503133	0.164694277387804	-0.197234461784604	0.0167765715047151	-0.0749941076425487	0.015879558478099	-0.264003900421491	0.0394550893355504	-0.116595622105242	0.124288623024758	-0.248424319272537	0.00635882022041112	0.00624268729660848	0.055026318687821	0.248785757612197	0.226545642252367	0.242235352680364	-0.050874451298082	0.0561408955339768	-0.0938635772297348	0.204753980300089	-0.203179767256387	0.227121543665416	-0.129385260764235	-0.0327020059766719	0.193366598891686	-0.0011453696055132	-0.242159772117278	-0.246091220765202	0.0701985829047541	0.0716157293618823	0.043287699383273	-0.320610239903202	-0.358619143148525	-0.0243025903696852	0.129969629165114	0.0382640488109719	-0.165218232520566	-0.293850514548203	-0.214070225310642	-0.150805739925666	0.179572272691479	0.0573174264288371	-0.0830931796137281	-0.180269531433501	-0.40842787366743	-0.209369568335023	-0.227196495801004	0.0129811828452339	0.215159450085188	-0.094757316085761	-0.0732945296219668	-0.149684304004215	0.0788662415168258	-0.129327969174449	-0.102213418796251	0.259068678923657	-0.0554132465183605	-0.246988344528927	0.179300377525623	0.0535454848239198	-0.287591914844723	0.15003887763662	0.0184514253622987	-0.367500861276474	0.295431148769419	0.223908844954737	0.0290446727156116	-0.411413845387353	-0.136592418688341	-0.158043979335638	0.238422097990817	-0.134962534816748	0.0153340728190413	-0.0828863177666115	-0.287810036151675	-0.0683847763738411	-0.129017128771048	0.21258867720694	-0.415629493586	0.191339920052757	-0.0738439485189424	-0.0583897688763203	-0.393596478482461	-0.188116509115546	-0.0483712367293472	0.318482085342732
"KEGG_PORPHYRIN_AND_CHLOROPHYLL_METABOLISM"	0.202413319922121	-0.349632511076529	0.436277922776625	-0.100426117249497	-0.0688975033112112	0.00471196660641027	0.143297322955148	0.121189610859548	-0.0654326112026037	-0.0212480593457486	-0.110376176900447	-0.168867269732727	0.240398458234209	-0.326951544911718	-0.468788780602783	-0.432186261992994	0.0615055557014865	-0.324289641294822	-0.371008985324227	-0.239258288126995	-0.512757014537228	-0.0149375524184246	-0.0852030549183236	0.227839465041705	-0.347017760180714	0.212701378699303	-0.165480618399521	-0.193291240467918	-0.455026277866452	-0.600272981590432	-0.318914899396859	-0.133985319384742	-0.0868859481374193	-0.265052951561168	0.076510467180276	-0.0712306973808902	-0.419230223922593	-0.0422346674082655	0.188896851505705	-0.128264604413556	-0.218185371868586	-0.0375777916664678	0.247551334612889	-0.00522044804397792	-0.0322888766695557	-0.0898897800066186	-0.1248403425437	-0.534587549716953	0.0349744874570772	0.184111834256981	-0.340413881481197	-0.20184599472043	-0.244967351860679	-0.221329065318328	-0.350155131800354	-0.150985605235244	-0.25243737399188	0.109929916302788	-0.417219974407738	-0.344108944327808	-0.232692055751578	0.0654848459890693	-0.116642215280028	-0.351548936983713	-0.395710398148678	-0.167511763060207	-0.279639951882396	0.203247179574342	0.0791792574363399	0.190621380582074	-0.375199490645518	-0.15812686319874	0.270530262444264	-0.187425297451729	-0.189186180363974	0.181238487990952	-0.203709881638158	-0.122909732788332	0.195150389118561	0.280069167561631	0.306703769656592	0.231233875196558	0.114108962234744	0.147146025381792	-0.338747497383425	0.160236633920899	0.0330640203870342	-0.302565652972825	-0.201056497253012	0.0934463574301903	0.264454998145978	0.124420160137917	0.235280669481283	-0.0105691565835596	0.120000534311014	-0.22227728908812	-0.224898710016591	0.252337491426528	0.232867227768136	-0.290849461523333	-0.136609703967584	-0.295880215089671	-0.125700587146163	-0.0256326053921621	-0.221998889653796	-0.428117326478655	-0.124914616252593	0.0483154954402371	0.12713449332209	0.0953994526118799	-0.0180434657196658	-0.286874113988025	-0.184174422442452	-0.262419402702091	-0.196761032043734	-0.236981613820931	-0.196752675088367	-0.144161302125417	-0.108764705562966	-0.22831716402256	-0.448066328957077	0.0664641012437013	-0.283397705078494	0.415804208569759	-0.282863555624347	-0.00222736375516941	-0.476418650737288	-0.00453323786196436	0.152305448006935	0.274038053846337	-0.256152838682056	-0.425096914792359	-0.435069552654986
"KEGG_PPAR_SIGNALING_PATHWAY"	0.180800417318939	-0.123045142340427	-0.116612901127362	-0.0501701212915591	-0.277167610891765	-0.0301953056579188	0.158798881862555	-0.419314069707376	-0.0385641628682739	-0.166584048595469	-0.0343638793731952	0.173007048074695	0.0872607460323697	-0.230716104180238	-0.31887034080109	-0.249379715905661	-0.0517079411501141	-0.3420552498594	-0.371010508817164	-0.238549580911333	-0.461562119913744	-0.0118124277063227	0.149506857150669	-0.235465764673519	-0.343376224266419	0.00305293132501899	-0.280206738083374	-0.000859642110840247	-0.216786117090684	-0.30721476661013	-0.139242415153295	-0.191691450839306	-0.312890582450617	-0.252217019354905	0.0560327459388093	-0.174734498499553	-0.461048082810734	-0.134581301491196	0.0285786668904897	-0.355817437747927	-0.147875430694866	0.000926841148281093	-0.0897082025509943	0.0679117115741485	-0.00718852618709365	-0.306571683079445	-0.0271867377505758	-0.0530343786609037	0.304153989370911	-0.192053204096657	-0.126229468483243	0.116683139999176	-0.304507463037883	0.0699374431583323	-0.130992237014686	-0.135519778320453	0.051920208197128	0.139525498394489	-0.141568909803714	-0.275107895890434	-0.0840937475780938	0.0370736950144211	-0.31192852174888	-0.164249813033905	-0.196513290850638	-0.197480863788796	-0.0559382847154048	-0.203424715361893	-0.0766697527393146	0.091776668699722	-0.23788377439236	0.0249357925729859	-0.199235721756439	-0.0192453256613697	-0.319490729006262	0.0717378281637358	0.0328243779601781	0.295934209775087	-0.0500015799668319	0.369778401315838	0.167582158962514	0.191438549512576	-0.0554203916241288	0.137643538466393	-0.496244369953867	0.0755544115141748	-0.143969503291018	-0.217570936364057	-0.218358999324629	0.13140093627114	0.18590256651731	0.0996571311862247	-0.0151151538376275	0.0121413423363487	0.0354620039178347	0.111049199769874	0.0184212173357962	0.187801821645993	-0.0844609337225216	-0.261384076183841	-0.328682100316794	0.13866605816403	0.02861188053821	-0.0538023929312402	-0.332741981954656	-0.149106978238044	0.0627410231808215	-0.310170656290726	-0.0893826736542635	0.211015402028599	-0.116701624819327	0.0271939367766573	-0.146568004257972	-0.119403450906361	-0.371902278433223	-0.400882991564594	-0.277869727589989	-0.0884122001721321	0.00522864205701776	-0.132775035375784	-0.495272197922817	-0.202574045100442	-0.176594994768486	-0.147542025826695	0.0726138231809252	-0.264006971609001	-0.348711069295424	0.041677259492678	-0.130141752428462	0.0729312633418983	0.0832331910351966	-0.00758865776073214	-0.508523195815385
"KEGG_PRIMARY_BILE_ACID_BIOSYNTHESIS"	-0.137004316932266	-0.236838914221344	-0.108020386156313	-0.359098547458755	-0.344153863600203	0.170802306920826	0.0727106797821559	-0.38160722939752	-0.000456851379018741	0.100248227602982	-0.0892814061185088	-0.024192578466605	0.0168387302960654	-0.144053096998506	-0.394635348206933	-0.482791645900235	-0.537069377693416	-0.297719775016229	0.090678829193649	-0.429841020328328	-0.597870145454096	-0.0437020192007836	0.0787102466979887	0.0655278195443526	-0.369065783697329	-0.0266734842802523	0.171809124751117	-0.131911395225922	0.110665337771105	-0.398837581947632	-0.25386408778789	-0.202386426559965	0.358864420797309	0.268325147480287	0.274297097553196	0.0819729615857558	-0.55494686805984	0.00348149757926844	-0.0010408260674469	-0.0656080008364201	-0.179602082911284	0.176715459864578	-0.369033878395068	0.208599205777394	0.416221618423123	-0.243493838996712	0.0507295043916132	-0.29507234519782	0.226066439345713	0.273985066004227	-0.438687548635721	0.306013630984283	0.0634381435142278	-0.315548617117199	-0.430021388640885	0.195191758012551	0.141611369923654	-0.394131360975449	-0.497956079283838	0.0379423123945161	0.0747324123094608	0.339988039254637	-0.171555455532164	-0.207367864166606	-0.486684033626691	-0.0505487102380877	-0.341977928590262	-0.162026478576254	-0.420703752293675	0.197339891202502	-0.18069019579961	0.373549334711394	0.178714241225169	0.143827085122036	-0.438536333000538	0.115190288845876	0.0557376377130441	0.310658031580858	0.229449804197163	0.367295309146195	0.451710494650812	-0.125623002346628	-0.389521018597032	0.0798999662175761	-0.0749350428619819	0.194981060420707	0.134416411154831	-0.206441693705628	-0.0644199006264297	0.251745146039786	0.164283468359304	-0.310517582982662	0.16346266812956	-0.0396038677719689	0.0526279042896405	-0.0727973085526453	0.0214339103737988	0.299567552231429	-0.227884816173274	-0.161104104854146	-0.247438620698849	0.0736237849595932	0.0147142607006675	0.205545113431407	0.0411066550945237	-0.361697948463309	-0.0302950880563405	-0.0980338263447446	-0.0184617390318848	0.435230195003062	0.32203324461585	-0.223677776135124	-0.499769143923046	-0.240494359418729	-0.299648131927309	-0.426041367709483	0.15483975387303	-0.0836373687321892	0.0837394099129213	0.378663142176231	-0.537159882136623	0.230303660367022	-0.364930808385954	0.266622492180183	0.041570517193851	0.131567848598241	-0.369797865124642	0.157225791277003	-0.0386546117050925	0.110918663433275	0.212854757487927	-0.267330539896851	-0.665095851257054
"KEGG_PRIMARY_IMMUNODEFICIENCY"	-0.46730412494823	-0.515893409655765	-0.398541467238451	-0.632717190119095	-0.208787117076416	0.0589842881966265	-0.505135796451181	-0.105445552199138	-0.525860111321857	-0.383521939443005	-0.392896444732181	-0.334923267666954	-0.53840108211547	-0.485233850465832	-0.157715876780376	-0.275141752565964	-0.197953418609272	-0.108630061012066	-0.322786079092748	-0.07887336859826	-0.39328063309586	-0.0897303086912676	-0.449527573669188	-0.364071870237945	-0.0109937286114317	-0.15682902183761	-0.447578476509314	-0.480341462305309	-0.153484501326046	0.0155530101523409	-0.148577571327271	-0.561585495540761	0.104884768855576	-0.550634037584384	-0.242556902406916	-0.302124148900199	-0.523472948697365	-0.563453122929122	-0.0187433733032503	-0.541394088793142	-0.541372143380326	-0.295603243461203	-0.229012953531919	0.122696607549964	-0.551879952115218	-0.283144855722875	-0.125559596288966	-0.66594305404534	-0.421724971763282	-0.316919440588944	-0.189993227170522	-0.522420856878386	-0.37581912098915	-0.51593078953495	-0.220069309286213	0.00561803490767249	-0.413239684191534	-0.399175365381337	0.202727894527878	-0.448562235401097	-0.417448793692769	-0.507354000418609	-0.155149308560888	-0.0668337627338791	-0.47259550523979	-0.319288636246315	-0.573656845227264	-0.0595924833801642	-0.380323191077206	-0.286722899936642	-0.398820961281135	-0.423105109544057	-0.418058935986467	-0.214686326895567	-0.136851811377471	-0.433584287028604	-0.323143302483302	0.325478840424367	-0.392172383635286	-0.707738840368285	-0.643323147368365	-0.560768363077448	-0.00858306366597567	-0.46294754568776	-0.204752049776328	-0.45432445243791	-0.220968564543681	-0.261533930672833	0.216615818964524	-0.591837464036101	-0.0541943039126875	-0.658635316850881	-0.317341082452672	-0.28305256418873	-0.480536373175845	-0.343721135435792	0.153232978109403	-0.521755019478089	-0.453559327368929	-0.409849355019442	-0.0909071549221288	0.0856950283116134	0.0318820722865325	-0.369749885063339	-0.284104572323314	-0.517696970502677	-0.553343169217979	-0.45821265093753	-0.276376507825829	-0.452076422924883	-0.349599678806901	-0.317373689062467	-0.196864193011908	-0.162028176437912	-0.429636863974842	-0.39142146251604	-0.286509555193552	-0.122897494367397	-0.598425406153436	-0.130960870918179	-0.297346675635644	-0.155777237259137	-0.532769026557827	-0.33661993339107	-0.367218489722286	-0.578307606502752	-0.313497239870746	-0.112409111484294	-0.335087043217358	-0.346906194551382	-0.462630209664712	-0.240258298440579	0.15288004654818
"KEGG_PRION_DISEASES"	-0.178990944169875	-0.267369064352501	0.153904632262345	-0.279479513920944	-0.0147027820299414	0.173479134398357	-0.339116477585872	-0.42071484368962	-0.311113787078877	-0.352862884862791	0.145139909227214	-0.269742151440575	-0.448328455124758	-0.493248490537984	-0.290422796359344	-0.0498982171786142	-0.164512255939169	-0.0995264206236305	-0.535651516352157	-0.0472812794065586	-0.12196530719634	-0.402637889349254	-0.481720411258629	0.110705066422797	-0.0562592309008475	0.0753138075073362	-0.358860360730914	-0.109642092583688	-0.339385269714297	-0.221064760958939	-0.148075975037356	0.0812973531736049	-0.307631711089436	-0.0901731148901128	-0.220137321032838	-0.0347433750839231	-0.111041118051315	-0.228968885280197	-0.0753869024481677	-0.478815352851413	-0.303748270298771	0.319054971108971	-0.0677877141862978	0.00930746526183723	-0.49016622385591	-0.128050081852848	-0.15658167264371	0.0180358497227125	-0.421587787908289	0.165961643344172	-0.0787726769823779	-0.223084386075495	-0.361522230158542	-0.138475937683667	-0.221013314438381	-0.0379217622225294	-0.152770335181917	-0.223550939436588	0.122226843346108	-0.397959172800008	-0.167895612015978	-0.227213369556266	-0.270862511634521	-0.0481176800732768	-0.331940433482175	-0.276619903415038	-0.297296605800074	0.109146844656523	0.172579839543693	-0.00800423058428607	0.041529767369295	-0.286622253264656	-0.0673436201173208	0.181630857756457	0.0348194916721614	-0.0226816479634506	-0.144894111641254	0.181045774081356	0.0724493481224999	-0.15662210005879	-0.218988144479909	-0.354024304236653	0.198582851390233	0.0119145127305626	-0.241854146178732	-0.312735610669819	-0.413414737189252	-0.379661160649788	0.154389118577245	-0.207612708254762	-0.167959423407068	-0.274035330102223	-0.182586661323975	-0.288648451716142	-0.106549157737944	-0.109692382296936	-0.0541198219147451	-0.197549671736864	-0.272865351452797	-0.538447798070442	-0.074143990705216	-0.249965405956497	0.184250647612422	0.00952890922013194	-0.382691056189685	-0.323816342721493	-0.0865432019739595	0.12539653257018	-0.0501845988233268	0.0756420875767722	0.0438188084818034	-0.512658115067798	-0.0533309513759396	-0.06344856841141	-0.440821061668469	0.382615924120211	-0.406074069771474	0.0682958639688664	-0.120043773158865	-0.359744038904428	-0.555777611341881	-0.234873894153719	0.0310219670519322	0.344273330630632	-0.000944847129708243	0.134774804338572	-0.583305351112689	-0.27239001884188	-0.358937057050014	-0.0574858784425892	-0.0283847298895366	0.0259328927937783	-0.217695460522656
"KEGG_PROGESTERONE_MEDIATED_OOCYTE_MATURATION"	-0.115948643553425	-0.0609972182295811	-0.214631348331352	-0.057876648137353	-0.0325153295468006	0.149493931209285	-0.268027494007036	-0.361754909864763	-0.204599360642478	-0.374614736200391	-0.139395539669972	0.148567308386515	-0.091239794854901	-0.2438460042995	-0.170115696009197	-0.180642374129479	0.0045252180170437	0.0372648579022798	-0.388544675644677	0.0523595744322687	-0.0511515061250838	-0.126304227254324	-0.260502368823695	0.0803644241525088	-0.0623370245144564	-0.0704024353642637	-0.169163937949194	-0.124695982337617	0.030749167387384	0.0604979668550049	0.0151037892540425	0.00517263137791543	-0.0936326477734731	-0.0719491912742484	0.00574197774121243	0.0698793634073837	0.112379730543323	-0.0708404676949914	-0.131213210236241	-0.251613976361769	-0.100678008706324	-0.115345151411372	-0.385760849586117	-0.302388861995714	-0.254436945480601	0.0605959955290181	-0.220482688883243	-0.143001429245034	-0.1203586108943	-0.034570894881095	0.0771579112155465	-0.162796625363139	-0.135897987382602	0.0435565062274124	-0.127159839890016	0.204515814386983	-0.241844808551375	-0.0061653233654769	-0.0512022176330396	-0.181559706901255	-0.190971756962475	-0.001879081323128	-0.0829831764772747	-0.136084809090772	0.0532462315121954	-0.295419787230778	0.0463893578642476	-0.311773809526287	0.114675903586615	0.0376609336474139	0.117691194256089	-0.107701620201327	0.0990901514314662	0.0769326817553637	0.0638844858569211	-0.130719566243989	-0.147175021267604	0.023298641366843	-0.322692216332014	-0.0680973386286886	0.0406053125962949	-0.0698832211768113	0.101143360536911	-0.313115516839623	-0.189065232435419	-0.160035054706047	-0.245407905198606	-0.137148604024286	0.0744070517655438	0.0111513266972033	-0.176448864837225	-0.231968570254609	0.131132371035443	-0.19347036714668	0.0539293827460566	-0.0381582683135519	-0.0660618968419759	-0.103715892953044	-0.0927903258020738	-0.218833098504754	-0.1868468293031	-0.19048466208562	-0.180953864984179	-0.0156290919738797	-0.311234714617836	-0.0610744843103932	0.0366083945555065	0.157874369251539	-0.0575275847216982	-0.0233191207052665	0.0233200606430302	-0.149369195146496	-0.0191332604896416	0.103712360393413	-0.142211662030674	0.0565357383377034	-0.23640778219837	0.237347997540508	0.0872606706240849	0.0617684731972048	0.0739528911746849	-0.237249437289665	0.304263890798071	0.151022281897244	0.226366064369488	0.0216440770655943	-0.115361112515668	-0.283663092929043	-0.268901298202729	-0.372965525442585	-0.156221030051047	-0.0140159048983871	0.173907016468288
"KEGG_PROPANOATE_METABOLISM"	-0.00172547443005469	0.211608090036166	0.326412913659404	0.422015922115701	0.0923384976907256	-0.124329487073773	0.441425323424213	-0.110649829459455	0.472675142333874	-0.398947488203225	-0.174953992846106	0.479929661609131	0.224461596250017	-0.392406465659107	-0.73599078852198	-0.601929634189219	-0.588447093867162	-0.536658418129932	-0.60160643611106	-0.545353222895331	-0.50980483034403	-0.0070461076814983	0.185765380495812	-0.503338723787092	-0.0242842301336341	0.000902788341911182	-0.0450521449359483	-0.376238282711802	0.0817118106402867	-0.60375924874505	0.0274681268659585	-0.106657554857206	-0.368629766251787	0.0708896936833005	0.137357939316549	-0.133824893808398	-0.538697119345419	-0.0107484568420199	-0.149630596911365	-0.506078320906813	0.0907731543775888	-0.099039647004796	-0.0596039681053714	-0.420269576140323	0.128178200023133	-0.654052976915995	-0.338319781194252	-0.143593148397798	0.538031021714001	-0.186839508371516	-0.504648681199471	0.264531613657083	-0.139573240644546	0.128757206338309	-0.419763435200331	-0.411169373313549	0.226963573555719	0.46391343858085	-0.276939492671656	-0.478924145978583	-0.285280827039967	0.567912724223025	-0.183891716447995	-0.347815751464931	0.0587757605628115	-0.377258324381329	0.410705770501008	-0.21489671324918	-0.313569645795077	0.578367038952941	-0.517791330962939	0.408331291858899	0.334243229147771	0.0426842546442975	-0.347153806859845	0.432173241118701	0.258676163814728	0.30176852396817	-0.365216829218729	0.613628444648705	0.625362109498809	0.369150759260213	-0.596652148585308	0.242227805600177	-0.197922577067911	0.531871788684154	-0.130194601134186	-0.577495110629667	-0.441661716220641	0.193499545597771	-0.260323260672922	0.329530428299014	0.0610027617386276	0.202698029586962	0.105549215637597	0.0662659598352714	-0.0494678049852551	0.63645836446753	0.169401258847595	-0.397926699462287	-0.336115879092614	0.383022720542408	-0.0959827648153786	-0.533854930356736	-0.298550581587006	-0.351349678666666	0.242084540554848	0.0552175590312937	0.252069393523582	0.542515518003671	-0.332894743638193	0.21823529950675	0.326389349646899	-0.0417760339073126	-0.318507816843202	-0.0659674957822285	-0.19564907568842	0.145512405148056	0.479077188722893	-0.148447173116283	-0.449847565276639	0.474208902014976	-0.240596920879627	0.241981271776448	0.236824783629059	0.0886813920716772	-0.386815883521213	0.198439205243576	-0.0596145321701248	-0.393259162536516	0.392438532586701	-0.203018898114904	-0.618298819301667
"KEGG_PROSTATE_CANCER"	-0.0448467598484749	-0.20479128928128	-0.0341217841517867	0.102021726739187	0.0908849246976736	-0.13752526262518	-0.309624200905664	-0.399240082555732	-0.236370250193785	-0.304879173951325	-0.202601973666584	-0.0811066966165894	-0.051670560591856	-0.369945962562642	-0.211106393060742	-0.15890855112393	-0.153953192356036	-0.123584577078211	-0.425686212744678	-0.120067460482697	-0.0763047547228087	-0.0878494015709428	-0.0729531470052724	-0.202051001070794	-0.0776146286595401	-0.0799440509294432	-0.18906025503306	0.208678287940759	-0.115547285674089	0.0559690309535967	-0.22577456636297	0.0672284957608481	-0.211278842299607	-0.148156109706733	-0.0228161004722846	-0.0153667874902986	-0.192705945460903	-0.134815228100031	-0.181436539881617	-0.373047778462938	-0.0414063722422378	0.0414170329906678	-0.357584487744871	-0.196595344413345	-0.325206895875048	-0.285585915758817	-0.226086759142054	-0.0402773466203294	0.174547662723678	-0.184986544586672	0.000328729256936139	0.0651531768813188	-0.048688419582713	0.0545241895007922	-0.28638402409855	0.182397335210026	-0.126429474691519	0.0635320907766423	0.141570422887558	-0.235444600359977	0.0469266583822583	0.214694098593029	-0.218558455891142	-0.14053384201363	-0.0224603841230348	-0.132972694713733	0.0598411657381747	-0.323307317076972	0.100626508067826	0.0120754752247888	0.0487342517001198	-0.0594583992598186	0.155919097376347	0.0799160812022573	-0.109970462816103	0.255570597629083	-0.0134328863780357	0.134294739895622	-0.383589169010261	0.166054758097016	0.374958887589046	-0.0249276335509071	-0.236033510089915	-0.0271642055699685	-0.103989527661431	-0.230252859683514	-0.204578352026531	-0.175322047152032	0.00369442382964888	0.0570906418295944	-0.0740828849950894	-0.000757745990588948	-0.098550607220583	-0.139556951874619	-0.10601323365889	0.0332888478281322	-0.33841308191224	0.0585932917812789	-0.101897049363706	-0.251068785175414	-0.0324061328593139	-0.0542636946309437	0.0046767028325678	0.131418729955238	-0.232896341303556	0.183423824384723	0.199681205106017	0.0349140268505673	-0.288720493888121	0.287917979048199	-0.0257975457290155	-0.208304152027956	0.161329143439384	0.0656272272928301	-0.156740106797296	0.0597332321303939	-0.0948643151144159	0.0854143735396802	0.14345756020599	0.107404248168096	-0.215307016141695	-0.3267409546198	0.265315831099375	-0.0794924441110524	0.182794236553513	-0.0773297992935317	-0.335833867466389	-0.271682946249062	-0.297910103459501	-0.373729351356109	0.241936523447892	0.207131218012397	0.000261285855790244
"KEGG_PROTEASOME"	-0.41871708258644	-0.327534543489539	0.279069393419961	-0.463265100958682	-0.368462085920832	-0.128924841280891	-0.413560053631917	-0.58488353527936	-0.594400235759988	-0.292733619597973	-0.260424464374699	-0.296383213454538	-0.60660107400455	-0.697779289141029	-0.670855420475111	-0.68531640899478	-0.385409844010255	-0.568212804730616	-0.701508952423083	0.148074333385621	-0.248700651106504	-0.451683358663318	-0.542925458375362	0.130690791929873	-0.121935334957717	-0.477382331420015	-0.200224127019688	-0.523557813244886	-0.349000996119598	-0.362199019617168	-0.214643596077009	-0.375269170637703	-0.539811880087378	-0.359998530088229	-0.0364512980381414	0.0228429940728772	-0.515799432814778	-0.509848513425725	-0.167007947674218	-0.659025722055772	-0.469093767983747	-0.0653095095609295	-0.125977507463662	-0.474201213753333	-0.694529830483694	-0.393573553060476	-0.45598963146969	-0.584003250965364	-0.318493065357404	0.106944983059666	-0.0233856300602543	-0.416725945292806	-0.0948729357002272	-0.158591471850686	-0.392103643710403	-0.363864419596227	-0.450048790786391	-0.309677435828599	-0.263382843426469	-0.584489427311403	-0.53739092557801	-0.415899957777533	-0.313964643204575	-0.428836536569903	-0.449164313604697	-0.5150737593269	-0.144572002227262	-0.31658728998272	-0.041859262686857	-0.169237294342062	0.064908879297938	-0.478109567687062	-0.0733748513356467	-0.0737907894913485	0.109575722463777	-0.195337350080449	-0.50112136115274	-0.369944059713959	-0.343254020350953	-0.416867444029018	-0.359720072322861	-0.417721040681825	-0.26558559494165	-0.370666352602952	-0.0611485710814657	-0.0885664885485485	-0.667306240306053	-0.643849614138975	-0.39369937777645	-0.0730706402442043	-0.177620065588274	-0.5800414402316	0.393860992466996	-0.683237289159763	-0.428010634358676	-0.581419019591729	-0.393168543517211	-0.385517407835725	-0.437718946812832	-0.531535030648782	-0.336329904370361	-0.521505374740558	-0.237093621053343	-0.269038921597515	-0.526011041530869	-0.472958998663186	-0.553097885957166	0.201178990285373	-0.619998034352241	0.139741388628703	0.122745465685378	-0.600147875964017	-0.209517831601185	-0.0554707834548553	-0.0117802492825369	0.254623934568978	-0.598243355816952	-0.0524767401174916	-0.303833931386659	-0.0644926526034557	0.00255073322239588	-0.213906774205047	-0.12716879739362	0.29287726639912	-0.527801571962403	0.190423482263689	-0.696578686194983	-0.669746976059026	-0.698135896910385	-0.489641937210695	-0.113054676130938	-0.215646585349913	-0.391823425929717
"KEGG_PROTEIN_EXPORT"	-0.347781021604359	0.062881837071017	0.428567779174605	0.348636592862777	-0.289159459837462	0.225329216284568	0.0965892448093759	-0.591727809085708	-0.413192711662669	-0.483606722351183	-0.265293781407369	0.134693578675953	-0.474080360269408	-0.602286837492061	-0.698522091658281	-0.658995500437938	-0.176636030859047	-0.663838734426178	-0.690840152637563	0.50268096568665	-0.0398766622014297	-0.234393586115512	-0.433476212558504	-0.00207898877671198	0.638411896941801	-0.2211638501514	0.119604382832811	-0.301882088796212	-0.386874607572	-0.366182613790883	0.327070208691218	0.15312211137659	-0.514602594962304	0.141822831652108	0.51942819291935	-0.110972734745598	-0.0397839489609167	-0.197222686629777	0.346135212809867	-0.332933446835107	-0.128889972101094	0.500402823016727	0.0494238990899629	-0.61292463824877	-0.164122801793797	-0.399111623904048	-0.577332365012118	-0.267623267467428	0.382187747767538	0.0557750434393467	0.171991920934298	0.356738618326222	0.536903560637597	0.432502105603095	-0.271846982776479	-0.4059690191382	0.0403820540097699	0.157234338785313	0.106578679354822	-0.648290911495943	-0.54012005645795	0.0394466949623679	-0.504136997387562	-0.237628672331874	0.309255989851127	-0.749883366333362	0.510093635450083	0.397545359265289	-0.27362804752903	0.356257315307796	0.141866688338906	0.12013806046019	0.534186010496415	0.501051980945434	0.292652420351437	0.46529152298398	-0.476077756541997	0.0908623351585191	-0.272584513692027	0.559434259983804	0.538071387764558	0.0230430835153903	-0.272791102970825	0.297783180343465	0.52726422106855	0.407850757381712	-0.588574062534282	-0.762653347119007	0.124072804734512	0.371737357182491	-0.108452707581305	0.0858659860954457	0.538111059580366	-0.321334614188991	-0.221796516884439	-0.23579014542434	-0.392541683310739	0.0626688617143943	-0.275203074989938	-0.07044820219649	-0.1520262995087	0.246046827397378	-0.352722710867981	-0.348961591213681	-0.0120535480011451	-0.389503956205663	-0.0795835270127677	0.618572413262079	-0.323053435200601	0.750184340566071	0.483718951619963	-0.437141283889354	0.202589581512749	0.316535608700429	0.399127005735551	0.623046058589079	-0.114986180619875	0.355658936843384	0.545340589983531	0.0921032859174185	-0.152880630394144	0.0318907523789756	0.313449427332781	0.548329598017007	0.291254473140757	0.667594165361724	-0.688366464943305	-0.60176702418511	-0.698402483059027	-0.493772247255508	0.494585716111323	0.102185652201378	0.139324924104073
"KEGG_PROXIMAL_TUBULE_BICARBONATE_RECLAMATION"	-0.0431165652714501	-0.220183722979255	-0.193811965975463	-0.0815294117169548	-0.503244050951452	-0.238332078675239	0.314833077928797	-0.305667938111802	0.0479873382873875	0.19659668323794	0.00556896142624497	0.227895391919749	-0.137636380355005	-0.326499725104878	-0.42281300244638	-0.114280051847501	-0.233965741289456	-0.180617804251487	-0.406980154897349	-0.59689246967092	-0.396385200911075	-0.157588926296437	0.109008850758026	-0.186620591347787	-0.343334350368699	0.0418336182005385	-0.146118623175182	-0.01085005384712	-0.119827321522127	-0.286375354733673	0.0630955259213724	-0.049068370379472	-0.432179315867754	-0.112717660368625	-0.114360124631533	-0.251586125659444	-0.553895293531804	0.116900633937869	0.150488883199748	-0.394681028772059	-0.131965657784071	-0.1493711860873	-0.163513591733605	-0.263347642398749	-0.1767211072708	-0.263280558344576	0.0277326649017788	-0.190342266208697	0.318267403813754	-0.407306434332974	-0.418357482448117	-0.154800607785795	-0.416334400495859	-0.159569442735047	-0.384104171492048	-0.327115292632016	0.0898379298349673	0.0927594907229072	-0.44739556909484	-0.50430961353837	0.00337903555826921	0.0834376298783734	0.025118791851117	-0.376201539130713	-0.112104027819358	-0.262892546748614	0.153279583225868	-0.251438979500551	-0.208198768989272	0.34261909980771	-0.517514051416491	0.315573786239781	-0.0795982797215068	-0.411216557795645	-0.197883617029865	0.271721849251879	0.294661037873898	0.0161859357134884	-0.0661799141266786	0.246899947147819	0.262614827240621	0.215240301061689	-0.34047011003079	0.382719983068146	-0.587678007761314	0.440827412014333	-0.377396741797339	-0.127372411876168	-0.309864697963844	0.0508862349788064	0.0254258993136056	-0.0234207754976886	-0.0389032435904689	0.0111178146551786	-0.125692600543132	0.00955777308743294	-0.12774780241251	0.248689394910087	0.23841737736981	-0.502373054691074	-0.0756082571773932	0.096483985416904	-0.0848362512988427	-0.115031904541605	-0.408733146422876	0.024044804818164	0.266775478376479	-0.249081471883034	-0.198184654978238	0.190592929468005	-0.265946386930443	-0.102221918496186	-0.0229387279457283	0.221988693151426	-0.2706986724906	-0.480594023147386	-0.289898381994188	-0.335195524706917	0.191721697594217	-0.243130878444537	-0.280161237726514	0.125142018050654	-0.0540194567053191	-0.0914370742695229	-0.403395610713086	-0.313957907057986	-0.417962735980876	0.0798983421470387	-0.0449198435043395	-0.0982445780730174	0.126460466241645	0.041965620090908	-0.644348095646437
"KEGG_PURINE_METABOLISM"	-0.0881172324118045	-0.184066950952558	0.0388240037274812	-0.11155450946985	-0.0326622664486026	0.0299541609228963	-0.195416924322793	-0.188806427738924	-0.271582230026926	-0.082671295617804	-0.0990448953153053	-0.12907522298244	-0.12685097432755	-0.160041087614292	-0.266993287659845	-0.172779453826667	-0.182987117882727	-0.165539252002406	-0.175285004214394	-0.123205040291371	-0.086580989408883	0.0176350728500773	-0.177774659800873	-0.0655748091052766	-0.158338165684241	-0.135588153376236	-0.125745611884245	-0.222408491802993	0.00669862777288505	-0.110808158777251	-0.163840210244376	-0.105710153642779	-0.322321358377224	-0.179914750626805	-0.0803309240458676	-0.124915980099277	-0.108880749520367	-0.112929447352913	-0.0422611074746672	-0.177602332506706	-0.0232960453187104	-0.133669147385884	-0.00232565010340904	-0.358148023512784	-0.211181028103486	0.0888918491309611	-0.250171988614332	-0.181777727552526	-0.0675642767700409	-0.124130144176172	0.0994521289317949	-0.0385161200143242	0.0819336916882524	0.0220396463277067	-0.0731156097472199	-0.000741636253974859	-0.242445466793345	-0.00876617440775126	-0.00212577451531734	-0.178713618914421	-0.187169961789746	0.0587872388629078	-0.100156577798045	-0.0465457754067466	-0.0482320812220514	-0.116320941725774	-0.0543183219898911	-0.0342493912241489	0.0971384512430167	0.121438211238664	0.135396726291786	-0.0979865703830694	0.0326463807853188	-0.103639295887299	-0.0239131335573117	-0.00908996305834867	-0.0540245227290752	-0.0963413737593374	0.000143424998230279	-0.0253360496592602	0.053367972877112	-0.0877695695354576	-0.10181547563213	-0.211811115189606	-0.18106277949815	0.0714944152347602	-0.0758565664918881	-0.116625181077787	0.0269924600652554	0.0123846044035577	0.098326027210458	-0.150574933029692	0.110610160094583	-0.189241416504663	0.0756710772196334	-0.0758075834655544	0.00249928718064207	0.0508485928588538	-0.0852505146452717	-0.114863268750605	-0.0951442238899572	-0.174830790893871	-0.0452770625442726	0.0272426926740085	-0.143631387365149	-0.185642238040662	-0.0416276493629649	0.101214385073661	-0.181363270574945	0.192035608405443	0.106391953247798	-0.238174930354147	0.0357336236685251	0.0731829343058373	-0.046373482901424	0.112638158395691	-0.0706439513161227	0.00555427776029013	-0.0135222347894954	-0.0393823386925699	0.0386087132580983	0.0100153745689693	-0.0330880542102303	0.221100301063894	-0.0777552531700927	0.166067286262624	-0.267666817098639	-0.259893136823873	-0.300674686706174	-0.0874013841398269	-0.0315168537993833	-0.108969230540287	-0.210499538169852
"KEGG_PYRIMIDINE_METABOLISM"	-0.107235884497172	-0.35493831913724	0.213436447628352	-0.285084952555984	-0.121063636761287	-0.0365032257591922	-0.165271855081551	-0.136024200471797	-0.378548084395881	-0.200744219723975	0.0177508264403404	-0.152516307137929	-0.0949535642499667	-0.137249435343331	-0.300205478847974	-0.323844435221554	-0.154017987491383	-0.144840826404256	-0.343665145799538	-0.0681641404541879	0.0429774313777914	-0.085607578755683	-0.0677636718362867	-0.0782325880964674	-0.144826219956064	-0.21725879691581	-0.151576617651927	-0.164057644227559	0.120427631944308	-0.234978802418391	-0.191765590140602	-0.160875765928341	-0.323923634448492	-0.257596542579429	-0.0659372238681702	-0.271046659232011	-0.0716099657806067	-0.321705523390863	-0.117634309659244	-0.0461111864103846	0.0945549193847489	-0.206989545347859	0.0351020922205602	-0.350607176446749	-0.341320119016255	0.259429051406664	-0.300747709834804	-0.309168666038321	0.125407324209344	0.214811381664585	0.393868553272975	0.00618630368116035	-0.00410210947492348	0.0173973604859842	0.0314887898750882	0.0503016402982947	-0.279402455876303	-0.0583393897135913	-0.0393009587850748	-0.185802209133402	-0.185981601224587	0.13378167942005	0.142027673968197	0.0931517315456744	0.0858172317528074	-0.130737090470784	-0.0653956722387433	0.0686335406705675	0.109503049988242	0.0357096041802201	0.327962078705558	-0.154436077083794	0.17297970337008	0.0334661367573978	0.0987142632420549	0.220295012520032	-0.0772670833703173	-0.336885554830905	0.0463300153415105	0.0773030238662032	0.228478624943901	-0.0189262844859331	-0.0389370089551299	-0.355932643686433	-0.263793186516859	0.269357339560492	-0.0458791128402743	-0.369831320284317	-0.19557005753453	0.0192573465563186	0.176379344540251	-0.0683133448080651	0.295795465338815	-0.107011169392078	-0.000285435701556647	-0.261714732214952	-0.0695163510781909	-0.029796541810249	0.0950926468848411	-0.291709219697852	-0.154072698704177	-0.33144636107072	0.0935353697317397	-0.036514363454236	-0.126004475091931	-0.283293401136632	-0.0794649246185963	0.0856109656131011	-0.361704792259455	0.310636700416543	0.26026683678372	-0.288141951494409	0.0787118019777447	0.0574312738545959	-0.000622909351835538	0.296119978184506	-0.037626336074158	-0.0615106308308171	-0.0661605235987953	0.139235564813126	0.239674119735872	0.123346347626553	0.178373934505211	0.287161671926186	-0.1342240376997	0.151114720348522	-0.382161283574661	-0.354116724866334	-0.143669360721361	-0.0460739269361996	-0.0215865921075651	-0.119143774189667	-0.20038735068845
"KEGG_PYRUVATE_METABOLISM"	0.173462843930507	-0.17871944122483	0.175787116336547	0.0718769211898478	-0.321017975654864	-0.0106705843563754	0.280530733888325	-0.170729414709196	0.0814597533906995	-0.209184655521421	-0.265796600973176	0.267879668316847	0.16107057140773	-0.309335549374018	-0.572936180453424	-0.550050376525482	-0.327983302840241	-0.436799782395542	-0.555811808452976	-0.467987407341729	-0.521458544435375	-0.144495760419641	-0.0185001376817162	-0.327042867557163	-0.111823630552361	0.110173746530378	0.0336102879616609	-0.261959501291057	-0.23499264368462	-0.531720044926495	0.0331451940208434	0.0951998941664719	-0.302423351290254	-0.32960536685196	-0.145396766684968	-0.0192673583146332	-0.420614741083155	0.0636601443422356	-0.0191784357475119	-0.459372443927454	0.0506392240569336	-0.0637055845505388	0.0838384623339267	-0.435492002410899	-0.0327753616282531	-0.568726509745755	-0.274197926931769	-0.304272908022063	0.30974963345879	-0.261844944150849	-0.153197965239548	0.129308784156144	-0.291620586444167	-0.120808150316816	-0.495208545835217	-0.315015316745537	0.168479200805877	0.329745547850931	-0.152039141004391	-0.348978530735632	-0.196843175005081	0.217794249492479	-0.0746589125174474	-0.290259797417408	-0.146892210361959	-0.204944850657654	0.34018950213478	-0.0374516279377524	-0.108857603147387	0.461411369897254	-0.298821857165464	0.0678861068605747	0.229718503273614	0.0536607413702186	-0.136991796387902	0.131506011035248	0.0883900219821009	0.247907402822508	-0.134445156753129	0.439939182051934	0.401079733795843	0.202175124526276	-0.366901633326343	0.336377654011545	-0.361665105043759	0.348611512984528	-0.320600442188356	-0.534669311554119	-0.298140021211737	0.0230547165298946	0.0873414516388749	0.075732677330041	0.0389485309538474	0.0815054020720979	0.00854140139527804	0.114490930201094	-0.157781770887253	0.377680155070513	0.185303959859005	-0.311817909063227	-0.355273522070709	-0.0375827699392429	-0.0792279177226148	-0.278004155890254	-0.352456583885234	-0.373872794328806	0.0320330781893848	-0.0125488992270681	0.0691451730312501	0.310751325241575	-0.383589426743525	-0.148333589332714	0.0862981866674575	-0.0629917709746227	-0.393984461343006	0.0182108521829731	-0.186930184867521	0.0164081064418893	0.148042158781045	-0.12790916576021	-0.464148430718032	0.427213868119689	0.16401329994016	0.310227258238503	0.0599554477186244	0.00936903025857944	-0.481665709939621	0.102528228753338	-0.0880183512113809	-0.221443817016044	0.11812117383827	-0.116177530136143	-0.58719599771643
"KEGG_REGULATION_OF_ACTIN_CYTOSKELETON"	-0.028262360708023	-0.027718230811157	0.0613284208027138	0.0825592023189836	0.235833936647728	-0.0246400537692044	-0.220544395409991	-0.394117693034183	-0.138007128481291	-0.199453374308474	0.0553873758176231	-0.135872025528395	-0.228257374653285	-0.202823993645055	-0.284690452907165	-0.0970538908862436	0.134467467501223	-0.0464334967594682	-0.292763451497549	-0.00829110650659312	0.0598729165847141	-0.0485449150024628	-0.229934254935246	-0.0209890525208148	-0.00686366387847895	0.0218707545983836	-0.10807901540962	0.0132704812743756	0.12617025581363	0.0884392648819328	0.0377605157077635	0.0870832351622321	-0.161434974101362	-0.0297123223805527	0.0468329156597098	0.105400152660785	-0.0614827196498525	-0.173290087639714	-0.143621284379839	-0.283287539545754	-0.103832918905264	0.0601771457313096	-0.293213745371637	-0.158589014914296	-0.18321267802736	-0.1240128815395	-0.107024429886319	0.152418141529198	-0.0648192090340533	0.00294153760850799	0.0176725015700476	-0.0994493660608376	0.0303883028713985	0.0212142764963412	0.0118288029773437	0.147280746585829	-0.180560005781167	0.0215514559799583	-0.000317923698929218	-0.0871174405220327	-0.0560199978230281	0.14746145943943	-0.0508101420435104	0.00439276709328501	-0.153170538232433	-0.125490160500781	-0.0703003756406461	-0.315287032687018	0.0906638970050231	0.0748563019770308	0.103158679108101	-0.0897496623589119	0.0437365593255969	0.11797612474832	0.244653700525016	-0.00783708510992645	0.0767324337677561	0.143643006027994	-0.113987980011294	0.0355047111996102	-0.0854651051163746	-0.164000410179219	0.0558840132935093	-0.183436810635509	0.115158950723484	-0.220429613306569	-0.230359144554135	-0.140837407291638	0.0341217578183186	-0.102776399055094	-0.00614958173990496	-0.328215996780333	0.0111445166565618	-0.0866849717652451	-0.135834380178914	0.14711215936446	-0.12296440342834	-0.263995538304729	-0.14595203981037	-0.139708960329054	0.0652956425305235	0.129534336755924	0.225189004342005	0.180131896417634	-0.229359277507124	-0.0766380439603912	-0.0173411529440396	0.0876179476125565	0.168663629586675	0.124951333812114	0.0626778510025079	-0.17101936917692	0.104771122561578	0.23888619382346	-0.105891918907206	0.271094959984741	-0.199562669356185	0.252489305773515	0.126222553736625	0.175501377410211	-0.145965268127956	-0.0318927805480515	0.164377169237486	0.0104540182497286	0.206833673977866	0.161939553302192	-0.159496852180632	-0.243452929906425	-0.406733862473916	-0.17903341656385	0.0208786380466049	0.064907134950472	-0.0174526533243995
"KEGG_REGULATION_OF_AUTOPHAGY"	-0.0590550379516978	0.261654519875615	0.0396309743396374	0.236058917956359	0.00461702756167812	-0.0507510744209209	0.286775409217389	-0.0583926074672893	0.292522587658494	-0.149114042999939	-0.0411995621191658	0.165952458874107	0.182967323641156	0.0129808332881575	-0.246769510012456	-0.290348484774447	-0.141966255061129	-0.0268211986998312	-0.0257662212009453	-0.171063415892078	0.0616826740280759	0.0324580108063714	0.0840033298445093	-0.203413350280365	0.108138684123637	0.124319079022645	0.0220684389729936	-0.249216400651641	0.118631616720844	-0.266666976123041	0.292892415707721	0.302853440669609	-0.061374425976093	0.0554544434067163	0.162724118784062	0.307999116041362	-0.167458494780317	-0.0554924382719958	0.214875686017367	-0.0244017815510612	0.281185564636573	0.260836415046963	-0.19684240609599	0.0809634731774118	0.205782830069513	-0.384666108318695	-0.0871204565256854	-0.195574548048384	0.265584623583283	-0.276073948159646	-0.191364603401926	0.299361065249607	0.17894414514133	0.278174054022105	-0.229093420925078	-0.304857222521796	0.115250765940983	-0.239803908746862	-0.219756977739146	-0.24378846263966	-0.262034605414122	0.203498826252392	-0.247443479654628	-0.285493924780277	0.0427457700520559	-0.292042888285812	0.335424337291736	-0.0452218606096327	-0.128232979185028	0.211183181513026	-0.0655490300609946	0.223756470118953	0.185562408093548	0.0292303021252647	-0.340431916893195	0.141866959281459	0.125853715880721	-0.198252266676847	-0.305135012479681	0.422804477738589	0.435566152963255	0.183040750958269	-0.183036862359067	0.199717517449907	0.167959917687155	-0.0172580298241516	-0.261072867733223	-0.0115251851091518	-0.10742228144768	0.334244954628596	-0.0944065649657931	0.214404222885091	-0.204966098798463	-0.430024866221899	0.232235799506839	-0.128011593452528	0.11465539620401	0.453023705009977	0.23092312421115	-0.14810951119239	-0.313422170096288	0.0483108913450631	-0.0251842268145164	-0.281767975211443	-0.12570864465621	-0.259158430495114	0.183742725199303	0.195242779851535	-0.162280235699931	0.23007861321886	0.029397545759	0.243244588368201	0.277613749129431	0.168126788253491	-0.234650711441026	0.227667979788716	-0.0552672574593892	0.121001712798428	0.446291007556445	-0.263542627489311	0.00783650301653444	0.117227326835123	-0.203259842347011	-0.0989286678285249	-0.0629127316519134	0.192446109323121	-0.0326294857957345	0.267501735560118	-0.215381880435897	-0.0332887563586301	-0.0544492289439559	0.480481807804034	-0.061052197155327
"KEGG_RENAL_CELL_CARCINOMA"	0.111688965824825	-0.176436617236312	0.11968135494338	0.272663991429545	0.341911320347088	-0.237371930157209	-0.318520609922669	-0.461811133548847	-0.0576527868842408	-0.325295718690117	-0.120806217681049	0.0306008206776807	-0.0919887868832384	-0.420962009124347	-0.414772976854104	-0.166880003906351	-0.137089618783548	-0.270505339520073	-0.537404818227465	-0.20074927600778	-0.158510031117774	-0.145136985834451	-0.268127597537746	-0.0024749225358712	-0.0270074327472143	-0.306062634931046	-0.132693686559475	-0.0157578326986191	0.0544025604770548	-0.294686795168345	-0.0193646863516714	-0.0459917347422021	-0.336187629724604	-0.0156423716338312	0.0688059164926166	0.0410456813462407	-0.0876497582995054	-0.18292806390594	-0.177988929746728	-0.442458977909016	-0.24570029731494	0.0618559970782924	-0.389342509886469	-0.231526839211755	-0.2331548308322	-0.15956652965069	-0.226015457099733	-0.0892248998607538	0.20621433623395	-0.04132814004698	0.0291143327594265	0.176963199418412	0.113120069782491	0.226760887941417	-0.104357407619395	-0.00383611251913291	-0.178309745336958	0.105428142386443	0.2015848878857	-0.359954245648384	-0.0010817975941487	0.26915969560249	-0.286820313547607	-0.203632299353651	-0.0377769163992179	-0.261529809703878	-0.0711006530483758	-0.302881485281824	0.28252214788628	0.213253147986421	0.188154066333075	-0.046805478771841	0.275729146451773	0.217143744738712	-0.0247803383883022	0.121400825144334	-0.245472700781999	0.17997472437955	-0.365740395866159	0.291200048789116	0.346914004963869	0.188634613509303	-0.13432397928684	-0.025017048838628	0.00330421509143461	-0.345152135691884	-0.334066596337452	-0.329911305136766	-0.0496235229367395	0.0763897872602064	-0.0773918947752294	-0.00581387800298236	0.0128956575831859	-0.300820604348253	-0.222401692038118	-0.126516372501496	-0.327316198164087	-0.0363873099485471	-0.217089313885523	-0.323334899623921	0.15756658228101	-0.124542739510852	0.11618308855916	0.0177127802612815	-0.213778659407207	0.157045698437351	0.214933327770223	0.221047912412439	0.00309389671190674	0.394732938225129	0.246684060487266	-0.180637610313158	0.336907857081413	0.169988459338982	-0.144791446716944	0.354191526568666	-0.114930885185103	0.15961171855954	0.182969591988378	-0.0638640555029647	-0.160809916715087	-0.25931926268874	0.354536597839861	0.126980268529896	0.26800724076423	0.118921771783718	-0.327752034806327	-0.310640964470309	-0.410857680873475	-0.325613973519734	0.294542740498368	0.225296890387686	0.0467371043511226
"KEGG_RENIN_ANGIOTENSIN_SYSTEM"	-0.0280307301478603	0.104957412658415	-0.244785452323038	-0.151351991848379	0.00648935946342347	0.0995623123367243	0.324133828132469	-0.198841122820185	0.00732288912921045	0.214400657897053	-0.452250391660726	0.24624287775622	0.225327023173734	-0.0389290621566234	-0.304545699245615	-0.0091475736764349	0.0518031668034159	-0.179020683169926	-0.139070477055325	-0.282646759179998	-0.515801751939982	-0.0187009836087601	0.203658713152222	0.0120515436777413	-0.436082186453666	0.050354003480744	0.151918185986522	-0.443426648221198	-0.214360669960675	-0.426578411083163	-0.128653430262866	0.0723839534844771	-0.087479347554183	-0.326459653543949	0.132206501697452	0.0079491226929273	-0.257003682081027	-0.0346210928607183	0.317588632827568	0.406650766299228	-0.411272414301336	0.267728360545567	-0.00103829014299983	-0.211782862056377	0.39241772970079	-0.253846065118177	-0.245861560742471	-0.215620421710442	0.263655230611622	-0.346688719451393	-0.206447340777455	0.071691559610866	-0.0782279756730362	0.16420461930524	-0.213726732991792	-0.30691128581188	-0.225675833201731	-0.0944199892270474	-0.0322221101404785	-0.0303518488517987	0.229896083358126	0.149571432034977	0.115582897578226	-0.239368936246106	-0.354646044677379	-0.170527496448148	-0.333618541670864	-0.094842082401155	-0.0678186081497026	0.286227379193348	-0.213667416924931	0.347982087776308	-0.104358192019116	-0.450336580170388	-0.431925415903834	0.0932697967095833	-0.162814830868111	0.161111878317782	-0.0418700037714596	0.110402793017315	0.213460639974847	0.183326200913345	-0.351023954620982	0.0857419656562565	-0.456294234265131	0.133687165798938	-0.134992647196021	0.0267335100666661	0.300349223876907	0.230240855665862	0.0450011985555721	0.135160026613899	-0.256737642281642	0.289096194814884	-0.0372847984867281	0.218959611596199	0.261250192598022	0.200004049840605	0.0189760469129355	0.0119405312609128	-0.188340641918543	0.201631831756687	-0.338031204931675	-0.0991297740063877	-0.26585230416681	-0.0317844242301129	0.109588284874267	0.193269678257815	0.0382053886001674	0.478895378511555	-0.0580854348503648	-0.00319496083030218	-0.30406072426341	-0.149523682614817	-0.138101261480507	-0.323528999824167	-0.271497540885836	0.091531939517553	0.438395143014462	-0.15560323106951	-0.407454406395704	-0.0572783578642325	-0.0322084225623275	-0.200227354471212	-0.0810588723284527	0.0464100065776196	-0.267192490840715	0.0500693773541092	-0.0103837216580753	-0.249374018440179	0.125652868518496	-0.314115110058658	-0.412886398029131
"KEGG_RETINOL_METABOLISM"	0.201852764978191	-0.08801165480002	0.254733105017672	-0.0233269614168349	-0.296452799973868	-0.0617628459559119	0.264102570493942	-0.0587724084052573	0.103681314760244	-0.0310315664113799	-0.102296683457798	-0.0985091792792967	0.257518767188992	-0.0473956042201979	-0.223118445495881	-0.298186123773817	0.0721882543379889	-0.0798645826631596	-0.0270716544014996	-0.234525430129723	-0.420076220880801	-0.310016691865409	0.0110700146241968	-0.129429686329034	-0.320390156342236	0.157355641476362	-0.0625018310409738	-0.266088393804116	-0.307427625872973	-0.317040910635527	0.00344100359056745	-0.178122568555401	0.0762086630754134	0.0418425444668499	0.0489712061364237	-0.0180005298425868	-0.344357479445504	0.0631975454183498	-0.0837737246116756	-0.0670842985560377	-0.0654771254256557	-0.0524604771664519	-0.089427899291824	-0.0401185102022792	0.037949683498093	-0.284440998151948	-0.184731234092142	-0.25797170301382	0.0706839129197264	-0.133719566666761	-0.471184922085089	0.0301680815427116	-0.216385749351068	-0.175195670901041	-0.29659390296677	-0.221118775474744	0.0381188275894554	0.0102953250751157	-0.379505040505703	-0.22106265242436	-0.281092876848355	-0.102809437202398	0.00430228897078727	-0.34475270629824	-0.31697010243876	-0.225461490893607	-0.332899313101403	-0.0522140713595034	-0.461888178558136	-0.19162074161014	-0.537261637935178	0.168623281415807	0.0528180369047913	-0.257330794370071	-0.160933332919762	-0.127516415211491	-0.00936574397572659	0.0722133597738989	0.0475856766723709	0.196630495765029	-0.0225937368749434	0.198523254201111	-0.191446512966013	0.0358530239512396	-0.365613772069458	-0.000785587216880351	0.0216570827337719	-0.175073494855618	-0.0360348300634833	0.243821542681276	0.0018932485300876	0.215382052789998	0.249652850359571	0.188058003026973	0.0860068292663582	-0.0374292253105424	0.0580925508584844	0.168290304414303	0.124354192537495	-0.322918650013527	-0.102281599632078	-0.0561475250857328	-0.350118384840373	-0.19881044721503	-0.0683940736121686	-0.207303251300009	-0.12492287429511	-0.211240569922456	0.254853264731313	0.02851745612013	-0.0736262405217671	0.175921579063074	-0.183538669064412	-0.0767793947579752	-0.24856272477811	-0.426912739647388	-0.126420661867463	-0.168925833759077	0.0455697245364481	-0.272197670943306	-0.361086551773605	0.101442345594625	-0.378174816271453	0.153765253307786	-0.303797735379299	-0.271412261811996	-0.228738644166681	0.182051453903228	0.146734283593139	0.124524035218451	-0.0752971425149009	-0.141744564169128	-0.432096707305381
"KEGG_RIBOFLAVIN_METABOLISM"	0.0504150114669187	0.17909464346478	0.19568444513728	-0.184501618079283	-0.212915310201224	0.283274232671102	0.39641818487148	0.185413613830119	0.203244184279198	-0.216895347378163	-0.475056765358818	0.182259111351204	-0.0771354103522527	-0.225731456077257	-0.354121346027202	-0.307263918388237	-0.497440267391017	-0.427572897152977	-0.129943673005808	0.232825004486333	-0.354159265310745	-0.206220587656861	0.00734800931841648	-0.25706106969073	0.439617512014735	-0.444273111458282	-0.265257539637612	0.0935115747020329	0.0207951153571583	-0.232977574438188	-0.147873823873635	-0.438864125974796	-0.471931445660879	-0.300184617732242	-0.300188642333021	-0.0169599625730421	-0.162714070649027	-0.12014815003552	0.0281109467043193	0.0785219847509688	0.161881849356431	-0.100057812888634	0.136395623197278	-0.392060788262609	-0.0641053581169971	-0.339046504761359	-0.356389350943446	-0.257826736358127	0.320360313158383	0.197702773458691	-0.123680071842416	0.35520188385927	0.384499867889521	0.320895087121316	0.0781460432121529	-0.327524344165017	-0.274593591155199	-0.0901225520556722	0.196911009720029	-0.226584818515397	-0.211499414645267	-0.0630495783205848	0.0143225510758082	-0.309040658917141	0.354258238607529	-0.164870449176036	-0.266453300193782	0.10638479793767	-0.225091133744812	-0.328926556454238	-0.3144232527695	0.0348976410999616	0.286492790563678	0.366300333528129	-0.328759746236021	0.184131064497598	0.210329324606655	-0.206580828231025	0.0696333817181231	0.0750331264056232	0.0484807647005267	0.164638363247509	0.061044342602763	0.0853272419690894	-0.0423168279810216	0.342816585899732	-0.208739169896533	-0.439231121090891	-0.252786318387925	0.139355345773676	-0.436613770411566	0.143596203382795	0.41352756322074	-0.142790268817812	0.306379078849464	0.0879866461826785	-0.393027326159168	0.211898592930371	-0.270093130595313	0.250293211458349	-0.0122180286844241	-0.0337477581937389	-0.18834718818253	-0.0545337912375076	0.112442607393623	-0.243234202142803	0.577206263622663	0.471553988581306	-0.230431292903643	0.509103095353934	0.29805417475228	-0.0454993014252852	0.465542264259653	0.343993964544712	-0.204386666957686	0.252539565155849	0.133256826901708	0.191825846999299	-0.153162489120625	-0.245026463914821	-0.141219244679545	0.178927765945132	-0.0749241133329242	0.537682160172973	0.245973351409351	0.371255367173225	-0.409084200547698	-0.284094408023701	-0.200241933939322	-0.316985547739831	0.178686920013054	-0.28373063780807	-0.11650258961894
"KEGG_RIBOSOME"	0.276801412415797	0.396344570898884	-0.251723102718494	0.43056154481696	-0.471239441759757	-0.306865022537087	0.223588618010869	-0.0486431329058134	0.141469374114323	-0.367257727955515	0.138526025786234	-0.491171220534719	-0.649286782744191	-0.915596525221746	-0.714809985005592	-0.802043131915073	0.174051859247641	-0.583363856069171	-0.799689701402441	-0.119384121753335	0.303783004032215	0.0675788084452738	0.0694654145898686	-0.631333643727001	-0.281806379843238	-0.496103339564941	-0.0831823332045276	0.191844066290698	-0.451330793306531	-0.538321785481493	0.0715903340909352	-0.335694275886472	-0.49174383072297	-0.323432225669573	0.415019318401929	-0.316180889644003	-0.525746606923832	-0.468355321709038	0.256825567751186	-0.594545393729249	-0.570665709903149	0.285552849219193	-0.730622258966848	-0.512621095501491	-0.3712616029174	-0.448108593332615	-0.57727228374549	-0.412691260996985	0.200697097874337	-0.584238329749617	-0.0456945550592252	-0.418153498598479	0.533958863474	0.358306259522096	-0.553463317106759	-0.436635866358036	0.100458164563792	-0.514041009372733	0.443722017484929	-0.510352402541885	-0.0918633462816837	0.167882584886101	-0.706753986376642	-0.474986971544553	-0.169547883108195	-0.0484997113283078	-0.307918137501783	-0.0951436326989958	-0.657470730152062	0.188367587537884	-0.529387083116634	-0.573357772479205	0.163637978769929	-0.0269636629113367	-0.267915671796856	-0.0571266287810224	-0.637307822055163	0.262732522832854	-0.267271148833197	0.157495479751023	-0.2139599590087	-0.422722416943334	-0.574079883953321	-0.499954817511374	0.390411975865523	-0.258106938445872	-0.425270050679573	-0.557619584110568	-0.258742870203424	0.213662573246126	-0.0548687858006358	0.135691338456816	0.364093738556949	-0.732040240809979	0.0725752728945492	-0.630650329816525	-0.678592334730494	-0.218980122939314	-0.229805640593593	0.128862892493119	0.2981363277576	-0.509693310626165	0.0169437873539046	-0.099407053039562	0.436052257946389	-0.852628493924198	-0.74355548660246	0.379624627439177	-0.71479017456675	0.433434001405725	0.510808012413733	-0.606259962366956	0.264406686248984	0.124017429773014	0.496413845044396	0.388029049665024	0.425335649297543	-0.0662165496561622	0.281996253726127	0.135357651786454	0.343859064612503	-0.264646504445094	0.184646071832509	-0.306293159868253	0.311412287958363	0.607969527944396	-0.831142185490504	-0.615168193411306	-0.728976897565818	-0.356404198212652	0.144494979306369	0.227363320611184	-0.349031933760744
"KEGG_RIG_I_LIKE_RECEPTOR_SIGNALING_PATHWAY"	-0.260506742030578	-0.221554336304051	-0.15069702787742	-0.265657798072778	-0.0605334118987981	0.140387098463912	-0.0668951122752704	-0.0823505276194721	-0.293392615306897	-0.347290747956293	-0.129600453446294	-0.0315525997255224	-0.199872572718386	-0.141096744327148	-0.0630788669563493	-0.230705895457462	-0.131286721765969	-0.124727230217825	-0.237417430841293	-0.0727336914321055	-0.188164587793838	-0.153633113822362	-0.177682330491407	-0.311972151745706	0.10307923954609	-0.203424630776322	-0.345545642783828	-0.234559769621518	-0.121346052746065	-0.148586346441316	0.205588649508892	-0.329183698736977	-0.224175949117728	-0.184451316813636	-0.190465212963672	-0.173540102480503	-0.18113683179527	-0.156432561789825	-0.200922880752269	-0.29127324695776	-0.0356990082210169	-0.209506400427586	-0.169418540575281	-0.0380634749092625	-0.416495923728143	-0.15340107655927	0.0109313444243429	-0.375999818820613	0.0899401357130359	-0.103858776951669	0.0650580817854104	-0.00780913133616656	-0.236263900544555	-0.296927978558215	-0.0542575095099837	-0.0697342061925532	-0.0738869418277057	-0.101971364641691	-0.0759719806619561	-0.208075623510796	-0.270770107795166	-0.00875397241416445	-0.0927396263310297	0.0656983795817336	-0.0269909782283469	-0.190312137593505	0.0396182909146477	0.255916808876133	-0.0564107035713911	-0.335328181617777	-0.146842600712958	-0.285589376188805	-0.0464874273712358	0.0407535893203762	-0.17001446544761	-0.201979890219732	-0.259028242805427	-0.0306607109502311	-0.263791998664926	0.16363522183625	-0.0187904274467645	-0.0499751667099019	0.137799376795253	-0.146356666833456	0.047120110180308	-0.141057955285714	-0.104970199564174	-0.0450327621367357	-0.200030353977469	-0.163070843163168	-0.143090985100319	-0.0249466082749124	-0.0956434076680387	-0.348085923056497	-0.0765020766750109	-0.233182770837197	0.0601200596472311	0.145682239602523	0.19114988557152	-0.390593554545686	-0.351450859645577	-0.0412531012351528	-0.10793136197482	-0.125273413469116	-0.279899834534037	-0.172900157722803	-0.116318309455295	-0.185433904839122	-0.288288391896833	0.0116223423990221	0.00469406208816406	-0.111914014271367	0.00202614516913438	0.110026177212791	-0.3257122210032	0.226386567289764	-0.265878327014779	-0.102072552011525	-0.171924850149489	-0.312304486978251	-0.0145078553812978	0.0362416135383683	-0.169846410932712	-0.0486415399799729	-0.0634283212137623	-0.337702917033196	-0.129400268748054	0.0516882592565512	-0.162814831510423	-0.042720906365777	-0.111890781734142	0.0444072570565154	-0.00895016964577847
"KEGG_RNA_DEGRADATION"	-0.473603402110889	-0.457292445209674	-0.263149645522707	-0.199504839153546	-0.246123748906589	-0.263893261576969	-0.290804330539731	-0.355622214343144	-0.26056147998897	-0.563893075018687	-0.460269741372077	-0.196982508409931	-0.49302145150365	-0.504999123034123	-0.49617663024777	-0.5729833228928	-0.385091919871611	-0.504000930811117	-0.455129103604628	-0.294085076505068	-0.1256359729215	-0.22792284528955	-0.30203820878576	-0.234692238365422	0.0359544674112945	-0.52425582562713	-0.287616973539542	-0.367662613774849	-0.249207212312211	-0.339634612889168	-0.161866790909521	-0.266825377403469	-0.503202982688126	-0.301766203918442	-0.0278027480867968	-0.2307526037767	-0.258371355416089	-0.38512158346846	-0.302642418846855	-0.446723674667299	-0.271234125109764	-0.0838475043550479	-0.0276696440650613	-0.531547863281592	-0.485569202126056	-0.186497080282551	-0.580041521957767	-0.339565444505217	-0.077509627913587	-0.16997328322248	0.00658019967427897	-0.1022037255189	-0.17298678607988	0.178653438740029	-0.280390292067583	-0.407556033539237	-0.308507958036565	-0.0966485566382418	-0.0701668705465525	-0.531249133676066	-0.406729916917096	-0.0680917284119617	-0.240978108848783	-0.519018422042153	-0.0726960969698935	-0.603300675621929	0.0652023783778523	-0.129947412425267	-0.244322393123715	-0.158500711976631	-0.234123622606426	-0.244080042567968	0.273849450115592	0.0641446917447702	-0.0910459837787057	-0.140951565435028	-0.472067137558593	-0.537954006715847	-0.504094933465634	-0.197847023758647	-0.194925580858715	-0.293821808516911	-0.324318216896701	-0.40869335875997	-0.129958134975887	-0.203632114533916	-0.412356823513765	-0.603127404270094	-0.412514173126048	-0.00503866457308988	-0.319454693453593	-0.16937740615355	-0.0288322529999408	-0.493818709525323	-0.219804889613258	-0.326789899130561	-0.502031821834732	-0.416041938912462	-0.289721344967413	-0.169302339568883	-0.370840030804491	-0.505543868173164	-0.319108889118072	-0.543601504654011	-0.0446066346121202	-0.235337513273469	-0.47314391470949	0.129073472089696	-0.404418038083227	0.142610910618264	-0.13224132306972	-0.183243442232276	-0.0830903725783732	-0.160877598859036	0.112516683248739	0.0361704159210174	-0.115214278231814	-0.0140733855338548	-0.180821310014164	-0.360188536716298	0.263543997813101	-0.356462749197207	-0.147838039179135	-0.00532361741073545	-0.215826254547592	-0.039512161605042	-0.352453790501161	-0.629927051567343	-0.369566572951894	-0.54649631622662	0.00431580401923523	-0.356419405933632	-0.0820438297462777
"KEGG_RNA_POLYMERASE"	-0.321900188951176	-0.259624384224339	0.101280138565473	-0.102529214716376	-0.0609643635159311	0.076993620972235	0.0160208080508603	-0.151919024920484	-0.426720838463615	-0.33957760862909	0.0177219160278609	-0.218984075334099	-0.331241172487003	-0.313230503756914	-0.415201134402631	-0.38890771206892	-0.234788758018405	-0.262692517623015	-0.525806003800048	-0.0550107616280059	-0.0418056435961644	-0.209532731885653	-0.0839482599345942	-0.345144080914355	-0.325046471891568	-0.219949277370524	-0.327348916009171	-0.420381593214656	0.018520279944429	-0.385205087614141	-0.290816595214673	-0.144598302956641	-0.455214223740907	-0.0590252743716086	0.15976629581695	-0.211171421282873	-0.273630093204233	-0.255862861264595	0.0178496883719433	-0.114437223383166	0.160674784033758	-0.21154811326291	0.0302822354308157	-0.529218918605953	-0.517110790672125	-0.0663439281368977	-0.518958600546156	-0.190421263890081	0.181014779841258	0.258842116279177	0.400653015807429	-0.143141226444943	-0.0584486703610584	0.145687083685965	-0.0480440980555721	-0.125382625807734	-0.215842223734652	0.116495784709837	-0.037395576550642	-0.395831896016005	-0.39774862186799	0.269787345678615	-0.29896190226215	-0.223825182081332	0.209386035275445	-0.0274353106764164	-0.0384520545574675	-0.0340294115523484	-0.095367361480854	0.159938784944802	0.212236501433427	-0.129679939780887	0.156637918872801	-0.155024965849951	-0.225248604570126	0.369374483062661	-0.326602004478585	-0.367476067819625	-0.214331584990438	0.220567121872705	0.424454379400262	-0.129916739653148	-0.304539614224286	-0.231077966556004	-0.126581281730685	0.388002317992384	-0.19652170074939	-0.460513459146193	-0.374083641413088	0.0119606253580438	-0.0245306503128494	-0.0234920950731804	0.372472543848991	-0.26253871587715	-0.0873887067352878	-0.393566499691575	-0.382342339862018	0.0977627443823936	0.287709119409014	-0.186240248512525	-0.222467668569786	-0.366374919703933	-0.0935066764936673	0.0488000291521292	-0.326016863059804	-0.281569884584553	-0.0185440554772261	0.0692197552382403	-0.515475094204765	0.489745146488241	0.237824609274544	-0.373481921009337	0.0230612359853538	-0.0109650049903171	0.248148411281068	0.416581908523643	-0.332015113608366	-0.227031154583728	-0.0174371215169551	0.0162477498885277	0.251919973859567	0.285564365311471	0.197669388319724	0.455821265415809	0.0947966746608032	0.302283594236467	-0.522376674511391	-0.511059579257299	-0.0578281060762719	-0.202255677308434	0.21400127213112	-0.344687747720802	-0.13267289466202
"KEGG_SELENOAMINO_ACID_METABOLISM"	0.163091838453288	-0.333704628222791	0.145986887667785	-0.176727927945098	-0.285748855428329	0.20690293343303	-0.169191199462239	-0.028433486651099	-0.355688279980346	0.0358047567783396	-0.0316818263603172	-0.111915173873011	-0.00293741144763779	-0.165625843339031	-0.17916161627406	-0.106857420959839	-0.129568423821731	-0.299943956570274	-0.415370768619248	-0.0595285850357527	-0.356099560332423	0.0400520746621914	-0.26914369403729	-0.106248211222666	-0.289953887349764	0.186865271190736	-0.241852839409166	-0.127354393307748	-0.238794869891361	-0.0458439072077432	-0.161018697461245	-0.0818222773314124	-0.106174461671598	-0.366873510127038	-0.224466858285421	-0.376385561472478	-0.320078075189529	0.153222696467573	0.370681860525252	-0.221884571239057	0.420537861868638	0.195690655746871	0.495009845647791	0.000375077545605867	-0.189904326838035	0.168137572026396	0.089141402491462	-0.173189135121225	-0.222471897857913	-0.0502719765791872	0.264981511786788	0.112630279050549	-0.095035006103263	0.0952541829345285	-0.253486273642239	0.277522704507911	-0.319329054591802	-0.0900019094915118	0.0403142632953612	-0.0389917729636752	0.00750160694853841	-0.0246710653471214	0.379177108926276	-0.147845593947394	0.0929918719336098	-0.0474380536986436	-0.111752318220213	0.272128533234793	0.272415537565098	0.220264596920066	0.045892754831283	0.303729934939041	0.188884122156706	-0.224741304911721	-0.377905585895817	0.361070036303304	-0.178899137609741	0.0969528790471159	0.0312549055897485	-0.04867866511787	0.382337530772035	0.229559610464694	-0.18733771079417	0.17043539674257	-0.196713133184178	0.11139559914873	0.0460618945794999	0.0405263228347943	-0.0620349301649893	-0.00747308643351841	0.202860962277608	-0.222626557381817	0.303731325423979	0.185653921052811	0.27926098533531	0.33418639011513	-0.256100186007089	0.120410219130015	-0.37601823135916	-0.0737779276671309	-0.0830540143525421	-0.128291621003545	0.285821824443925	-0.108208367689356	-0.300263807391792	-0.412466942280387	0.297486533576657	-0.047509004710486	-0.149322071476896	0.20283975574477	0.134475647847825	-0.261388997964898	-0.0628855687411228	-0.21867752313832	-0.371906013277554	-0.151662531619115	-0.181170316341757	-0.0447054772277871	0.216984098223622	0.0724990803176939	0.119130397131773	0.378938626692703	-0.231431090320406	0.545282440776915	0.0340281171847503	-0.173907521292494	-0.283026631724002	-0.108612110978376	0.165171556701145	-0.232185078855579	-0.024673180544844	-0.459659888350074	-0.273528412291719
"KEGG_SMALL_CELL_LUNG_CANCER"	-0.201812378742826	-0.219435147271365	-0.278839401161361	-0.194165318202765	-0.0183461989061476	-0.217414278897578	-0.426796217201843	-0.314488384484536	-0.368165151641687	-0.344055255976835	-0.26481656129879	-0.137708320275801	-0.312283510667593	-0.173672609090756	-0.126416033015542	0.052579060700909	-0.240838909237284	-0.0502207562847872	-0.366863190840546	-0.161674846824358	0.0380874158714292	-0.0900197059554763	-0.287487362240006	-0.159831751330049	-0.0394069375928838	-0.0994699133780867	-0.174148816685079	0.0643776882972078	-0.151063285908191	0.107372265471335	-0.277731881025283	-0.00518183426948865	-0.339683905506984	-0.151794639965052	-0.182128933830278	-0.340468585326631	0.00169712428012656	0.0843222311930078	-0.208402333521103	-0.266036977627733	-0.129965461278196	-0.15797757905035	-0.238582390710962	-0.174369559963612	-0.434631625227536	-0.0292227893794839	-0.25232691000496	-0.177388471727736	-0.125923386795599	-0.150598560693208	0.0460278181741568	-0.092311061961756	-0.0763675508239642	-0.0822530285545582	-0.191090198004954	0.0178651977667525	-0.0876312841939028	-0.123883006139201	0.070508333352895	-0.284230905329813	0.0446122455594898	0.185975002213984	-0.12003854863542	-0.170543654829493	-0.0755647308660678	-0.191861660793071	-0.0452280569684868	-0.259307277131404	0.22682931046063	-0.262474159745111	-0.0358663331971746	-0.13834390860862	-0.0446855994741857	0.0700975234534686	-0.0829648928732958	0.0493842539751123	-0.217850647579808	-0.0461153295161515	-0.115432141978864	-0.156284163964363	0.00313089585831214	-0.143957596435524	-0.104185597820671	-0.0736887706954853	-0.218382587597347	-0.323526694749388	-0.15276743639612	-0.166434409874968	0.0981880081037383	-0.188802956119953	-0.252605281461809	-0.232022280902647	-0.167155321598268	-0.19256935838106	-0.223571363980555	0.105076208783561	-0.250963860492517	-0.195164001200109	-0.136494968850442	-0.252901551417045	-0.0905905690889058	-0.0494406929225129	-0.0691256512682884	0.182017121762911	-0.189353064847587	0.0899685249907771	0.107661205420879	-0.0116084779042225	-0.258585532126615	0.0476256679691963	-0.204359346965697	-0.18051383747436	0.0719966778874841	-0.047194361258784	-0.248533320090656	0.204093967577627	-0.0782845065322579	0.145464228376173	-0.112391372228028	-0.132468350225214	0.0406862025389788	-0.230021647178613	0.242214519444511	-0.025089411412531	0.0295962907111962	-0.142566720107371	-0.0679187108615871	-0.340621241562574	-0.384310696902583	-0.155975756830357	0.049116568304819	0.194628907018508	-0.0162146014299264
"KEGG_SNARE_INTERACTIONS_IN_VESICULAR_TRANSPORT"	-0.143208290448425	-0.0185046150048486	0.0327558404935175	-0.266593350640623	-0.0563312169368176	-0.196681730992865	-0.217110633222187	-0.407845100599293	-0.260733129961804	-0.0283266993973495	-0.00395690309531309	0.0892706332771737	-0.209795672739542	-0.259395683174792	0.070701447708729	-0.47570454513864	-0.295481569006069	0.0302064897000287	-0.135355549277465	0.310860875324823	0.196596000798075	0.063624066473909	0.112928494697813	-0.0576515975397898	0.202628044389971	-0.302653244358569	-0.337642911112273	-0.204028786229044	-0.113913418408823	-0.390287115059417	0.226939622643473	-0.100700129505661	-0.469155022192698	-0.146902089353846	-0.0574121463606345	0.243184182883371	0.117851836491627	-0.366962865410724	-0.271301300938786	-0.0273750791753392	6.96811716663914e-05	-0.166656806091154	-0.0104468686803249	-0.119240095106091	-0.361241938726163	0.0509416210377819	-0.0717331936195125	-0.0961108223104754	0.111818092525506	0.378667051620595	0.434934320094911	-0.119332062841957	0.378750760189975	-0.298803173455315	0.2279240637569	-0.00893668622538854	0.00816782807035757	-0.140961168450282	-0.0912794898333178	-0.361466168006294	0.0571188766660909	0.303797893171301	0.285083228181601	-0.362932242143136	0.0760098099812645	-0.254723284958823	0.203513828467845	0.243142406974018	0.240509365704961	-0.0063562567130801	0.149145957165714	-0.0275197586020966	0.336369664540296	0.349068679805022	0.0162953362494894	0.418737399332819	-0.414404565258724	-0.269019938620874	-0.0795198694912398	0.27760325181142	0.266745189950459	-0.254734095152686	0.326345383274393	0.136569343675779	0.268850197080581	0.209543411190796	-0.28545495941733	-0.0671230837892786	-0.23519927160336	0.0514854149049253	0.159435499578162	-0.145981362590947	-0.0133890767592732	-0.271303196666514	-0.326575400710677	-0.271909503474293	0.0302730513429304	0.0843028560209283	0.202674621879938	-0.0575148227259034	-0.172951939630365	-0.293593626208406	0.186967235057899	-0.302093737827362	-0.221569309613765	-0.313125300119095	0.109624745918142	0.0768319966433187	-0.142693001741184	0.427387207073585	0.315514814366278	-0.185855087378268	0.302944008908621	0.346539889465128	0.190803044111697	0.405151756267548	-0.179645889414198	-0.283939500127748	0.18045225557097	0.101209251371418	-0.226057777960598	0.0540263312923348	-0.0576544206015538	0.422559136359136	0.0412358733963288	0.467769657185375	-0.427438082306194	-0.458961274609434	-0.179377459052026	-0.416497978218248	0.223125773558068	0.0771821131480787	0.178905168818821
"KEGG_SPHINGOLIPID_METABOLISM"	-0.177589602910946	-0.39757389424086	-0.198152528420054	-0.330596148567487	-0.249896649634603	-0.0652623235756006	-0.153233332078538	-0.382190511935966	-0.260322986827648	-0.327856095298441	-0.14792034295547	0.0615246123380292	-0.108574505774323	-0.450701048063068	-0.42382987056527	-0.425173012948927	-0.214257643611008	-0.378158554806336	-0.530142789509308	-0.287570213191906	-0.392529443679637	-0.117856248007948	-0.471343191177665	-0.301636074578652	-0.198297458594987	-0.216199780759063	-0.39270348797916	-0.398938480480112	-0.43976790304526	-0.235149642861035	-0.168642542191264	-0.286577963301799	-0.300304530476411	-0.229661145706661	-0.199720083787926	-0.164506993301543	-0.454965830230159	-0.261389921029904	-0.19840869942144	-0.488085602777787	-0.171738972273901	-0.28091779188058	-0.246179528473117	-0.013021130561486	-0.139940672137473	-0.211286467244951	-0.0253117193570483	-0.503607831442266	0.0948391342385442	-0.194993606637037	-0.458841223733358	-0.29992101807707	-0.265770231448926	-0.0927602519886838	-0.0889338213223139	-0.21743073265663	-0.533773615787482	-0.34943085052013	-0.223873885795686	-0.39030104178611	-0.362498712981334	-0.337138474254498	-0.180311435840431	0.075170988025013	-0.404034219612952	-0.0522161874886676	0.00548478392840868	-0.416898339519132	-0.1093999280488	-0.34531386358544	-0.321807352464065	-0.109952199986085	-0.198276774729764	0.0627064537498777	-0.130359937829423	-0.0333523253445259	-0.021325358489739	-0.0743798989241926	-0.180217705366841	0.113003700214064	0.104933666847999	-0.164811745375608	-0.0616142290616896	-0.212550601883574	-0.131904977645502	-0.173133642334496	-0.47396053653612	-0.276635870404744	-0.261630206132059	-0.359419633416235	-0.173507404172071	-0.399100606507294	-0.132888261460703	-0.184983803213385	-0.153958356070062	-0.130679126447427	-0.443886239435199	-0.225411742501518	-0.263150187719655	-0.407386887233684	-0.320214310413971	-0.305258070719256	-0.293721316883496	-0.0781610947703464	-0.457727767075972	-0.391318131635831	-0.269860593527345	0.145892876127758	-0.0832909229650902	-0.0440998695702387	-0.352877677064635	-0.201560139958709	-0.0560916690374405	0.148813196380398	-0.48985964032881	-0.0422427006393187	-0.459004877775784	-0.127810880790256	0.0748931812143123	-0.195301141097014	-0.194570209117061	-0.0694098658855976	-0.0364513101822333	-0.062319406603153	-0.220022351263117	-0.110144030923386	-0.467702518855858	-0.299060661664859	-0.306151123158371	0.0256679868374978	-0.0793442962331616	-0.224791857691792	-0.462890031262574
"KEGG_SPLICEOSOME"	-0.470061821526952	-0.395965389893322	-0.122494543475675	-0.261887815556842	-0.29340083641533	-0.37332270070083	-0.261202727267793	-0.34071942755686	-0.530189558545982	-0.539341986800624	-0.175664642888388	-0.288916668795635	-0.552627999117274	-0.392093624535893	-0.351741019448081	-0.436967499404922	-0.462316328124665	-0.466046863078141	-0.495805703992078	-0.317314840353471	-0.108363109820155	-0.341192223905647	-0.546439974723369	-0.348146875031353	-0.0300222891388323	-0.495448187242359	-0.40594573862113	-0.241507650140663	-0.321866471101939	-0.346578953482286	-0.175395449274917	-0.305167308616648	-0.595447852118035	-0.398277565827479	0.00380103817816302	-0.442143801326295	-0.318075009592781	-0.385006880311879	-0.45770580488351	-0.459899040090855	-0.341132766343794	-0.144212966444969	-0.279946937685138	-0.393301756732233	-0.409620403279495	-0.296448424168198	-0.443994639971006	-0.141486016651488	-0.0403796260928232	-0.0505492942549039	0.0106651059484394	-0.442622611188768	-0.445262966824497	-0.0854474872204063	-0.224772933564227	-0.203064646464426	-0.24810421487597	0.228026474532456	-0.054949339151462	-0.464764648899133	-0.339579473236199	0.137949614783276	-0.334228173730156	-0.239640070874753	-0.0862297088232729	-0.384238124799855	-0.0576883160805604	-0.269751666098861	-0.211747076979009	-0.0989811229174666	-0.164073766203098	-0.373333961738197	-0.0609718045379417	-0.0781783053805521	0.14109519718505	0.113937683889544	-0.385625311164659	-0.401354606618724	-0.126253407780682	-0.128943918984394	-0.176629641894493	-0.270425307597976	-0.260764672332429	-0.425254340648307	-0.368309231790523	-0.189966310610646	-0.482281222984269	-0.466597473195218	-0.377775165411462	-0.231841346874458	-0.367349582724685	-0.368858011166381	-0.0847072140223443	-0.541244870020376	-0.469397210712993	-0.448899321971722	-0.422544768846945	-0.302209952787756	-0.0907196756806989	-0.517386208780503	-0.259006716363973	-0.501601154027201	-0.17639819674944	-0.429361264463855	-0.417197791604923	-0.250895608787474	-0.416188702668439	-0.294192516049021	-0.50861522409609	0.038022191938278	-0.208674053296321	-0.427947029632184	0.10488243037737	-0.148869898641836	-0.0758218971779384	-0.000835808514768721	-0.408231754891755	-0.0497751600193941	-0.191413370977657	-0.307732282463558	-0.16531258353398	-0.288528162322918	-0.0503349902148714	-0.00804638781468242	-0.137267979794647	-0.0962873733291203	-0.505465289518769	-0.602800947889206	-0.457509112977315	-0.463789454046687	0.0886539552754028	0.0212215730995285	-0.20144411388514
"KEGG_STARCH_AND_SUCROSE_METABOLISM"	-0.211233567822541	-0.202054259251242	0.32769126325242	-0.0961643793749362	0.0387039077266188	0.189250146990834	-0.0308434772353939	0.0267051892461587	0.080953135072235	-0.00231037633688858	-0.331909533871418	-0.0764571036680574	0.0602673652138513	-0.227479302843929	-0.352659966503856	-0.187307096143947	0.0711912907635944	-0.33032733716071	-0.212383183717818	-0.302471830553451	-0.410230714593235	0.00699135190461581	-0.0979631223478119	-0.0645787011118777	-0.318038678160181	0.251447221256719	-0.242412316715808	-0.171622898443519	-0.331914054094445	-0.370038284171489	-0.324828979279745	-0.180235536694907	-0.17579960677957	-0.215555377125559	0.00710010228289606	0.263195158572678	-0.208865137085015	0.0756395790987997	0.0996386753312911	-0.344180683977884	-0.261327290706208	0.0469136789052396	0.316130511502838	0.0205221322138614	-0.0193626900197977	-0.279941768321505	-0.279284719059792	-0.384002353705928	-0.239900369555592	0.0509426138587535	-0.373920930604228	-0.131130883276438	-0.361097285034728	-0.0240730956982114	-0.331102338837365	-0.232778529401076	-0.177957461174687	0.11137273534908	-0.393250416252094	-0.29335704724954	-0.220502553914241	0.0819260068518207	-0.397722621303904	-0.386469389400333	-0.431822761453172	-0.30521666904887	-0.419583915164667	-0.036142201972539	-0.160386959852609	0.127226721558388	-0.428260086444583	-0.0688739544285168	-0.0797574635532292	-0.349974802915985	-0.090632042236301	-0.0698586996571379	-0.259912558646737	-0.365000349166165	0.120579167275167	0.131322535057668	0.0975781463928242	0.109939609875053	-0.182180622524618	0.163001257384916	-0.486449068410834	-0.0578029603365921	0.102643936185651	-0.324396343853551	-0.367719805144949	0.151336464518285	0.130086605775159	0.161439187034247	-0.198940774602101	-0.0978059590944415	0.0254143982533736	-0.198454697592441	0.0124751734625556	0.0477793165640656	-0.0355560275551224	-0.215259307818363	0.112809468468104	-0.24149685514065	-0.328840305217558	-0.252585885064144	-0.0843679934774308	-0.0113690418018341	-0.0150452981959759	-0.0116346935102949	-0.00619559350092957	-0.192544789960862	-0.145077162065155	-0.13196244770498	0.0203473454821338	0.0426384300159308	-0.385948428290571	-0.250228523730945	0.0136325879069685	-0.077815078233914	-0.0572579626261451	-0.407913788620353	-0.376082522282081	-0.221061244274975	-0.110214921182164	0.278531647689137	-0.465155665319732	0.00108154905893676	-0.220199724129968	-0.057070752198589	0.011953241485058	0.0536263344849457	-0.291895038815278	-0.186404262330483	-0.408241054562916
"KEGG_STEROID_BIOSYNTHESIS"	-0.111684548943473	-0.228940461854301	0.0586261353678208	-0.151018453913832	-0.488209801839113	0.0186864525607217	0.324233337062009	-0.144356277492765	0.0633028717060958	0.21757172587158	-0.3943843394759	-0.0377687725163885	-0.118276005520991	-0.529037516537072	-0.384146975339159	-0.372702550276793	-0.486023500355698	-0.443107484700457	-0.222934754271107	-0.166131663872057	0.0599339597022922	-0.0153067736629257	-0.295153362052307	-0.00985239727658288	-0.226097141451562	-0.460975763139066	0.109136915986107	-0.308544439682731	-0.455625027925871	-0.13813367013448	0.0107279005052043	-0.118632938704986	0.0144110048944939	-0.0103638878740246	-0.101760192932972	-0.173706248937936	0.150671560064068	-0.234038185785128	-0.254549543911839	-0.0173614062107482	0.0184363844618848	-0.20388247693363	0.0310770593807065	-0.313219282243615	-0.384645701200032	-0.458083136758205	-0.576640770268008	-0.326652620465445	-0.219803109916908	0.130610170985074	0.16264599964431	-0.283282940792653	-0.153405546400816	-0.059376602267616	-0.491458652604312	0.120996989841808	-0.286086864161602	-0.500618568260473	-0.0496756929557866	-0.43946387398853	-0.165661967747866	-0.574473062144612	0.29402987392254	-0.160023791250084	0.255677894025202	-0.293800967106064	0.224794639975034	-0.136007059150767	-0.313085952623892	0.0275633595215627	0.141049829720006	-0.353165821620465	0.0482559566921388	-0.217333520031146	-0.154199149289046	-0.259798229439101	-0.0252432301491698	0.136749251533658	0.103264381066996	0.0665375512713321	0.179257317663859	-0.0571980642055306	-0.206928083248251	-0.37904674653043	-0.596758988982626	0.149914911378898	-0.304500058999305	-0.189362129233773	-0.395994265862411	0.0827464833319816	0.165327284873366	-0.234518122591435	0.524444024839785	-0.00669565695145022	-0.24487325513171	-0.126286685414363	-0.0698141010818146	-0.114293581064072	-0.506361350244858	-0.391465401020702	-0.549442672115293	-0.171432580751512	-0.580280996926959	-0.332540628303061	-0.366352188856931	-0.53397698487682	-0.29767156412775	0.277791078755939	-0.342035909701312	0.295262976156646	-0.274391813350016	-0.478948956045271	0.0538941885336808	0.0397031596268716	-0.251552188299457	0.517637236163545	-0.203298165016441	0.231948058783362	0.0870074995870081	-0.115669724949038	-0.0767964225065347	0.368270367677895	0.165995003080706	0.122875409069331	0.234794795113169	0.231412008387079	-0.498629136770622	-0.262249463542673	-0.381465974969049	-0.17859870157692	-0.292752901937296	-0.235192073590095	-0.422053721645127
"KEGG_STEROID_HORMONE_BIOSYNTHESIS"	0.067620440812748	-0.175222131833972	0.0821073142594506	-0.150401993750849	-0.489480100572543	-0.0493889159618524	-0.043743946922935	-0.207852276116218	0.146076155563335	-0.039012726002438	-0.0852385838626813	-0.270937713387775	0.00881737129118304	-0.364368698988398	-0.391429681586452	-0.432941041345117	-0.156270415447477	-0.406476555192699	-0.273550853381399	-0.372945637126154	-0.341063855571218	-0.240963442396173	-0.0767354509131838	0.0564152232321601	-0.415929918289934	0.168468646785806	-0.228907609709509	-0.329657037671902	-0.377886366784826	-0.320097282732229	-0.0814499335261475	-0.18754383635814	0.0232132209578185	0.0181399677541529	0.0655923803682998	-0.203465976629736	-0.441250166677992	-0.0724179924475631	-0.120181271669578	-0.0274486201903887	-0.160545904538129	-0.0866542819405936	-0.189327860651774	-0.139924360740128	-0.024745144668507	-0.17809218080547	-0.291997822137534	-0.511080074017697	-0.108043237785724	-0.222105634157548	-0.490149781285719	-0.081241171826361	-0.367113365883662	-0.1721498314996	-0.48821382500404	-0.381955060743978	0.168907581298498	-0.25551001232887	-0.48530131380409	-0.21214653105844	-0.342501125576483	-0.214938055455845	-0.216436071536469	-0.35051893955313	-0.444404725335074	-0.248647065681691	-0.350880685316051	0.0144562836693613	-0.427746765354934	-0.301639202244397	-0.558917156782861	-0.0565798687459081	-0.159391646434271	-0.322171118280122	-0.303976913919313	-0.289656428982061	-0.360229567871858	-0.165949022655783	-0.0559415147073699	0.0695449260093335	-0.0821939739590701	-0.0139029815703038	-0.263227134384922	0.0954414722018939	-0.277953843901127	-0.197370081382371	-0.121614701641029	-0.240609220306935	-0.176864610147718	-0.00904999233278911	-0.0112194616089008	-0.08700504635759	0.0193648234868775	-0.0829152540016659	-0.00285999149397687	-0.163734277001689	-0.181449706125681	-0.0148594566611162	-0.101147562570189	-0.26804450635959	-0.183013547977705	-0.185354322222121	-0.427595830812032	-0.200384272296741	-0.100193363597813	-0.361859615171252	-0.136320494656895	-0.19469034238949	-0.0493252665481505	-0.234124047694896	-0.150437922644138	-0.12155584071277	-0.314464009417308	-0.348404830825613	-0.257658846113022	-0.242883300030991	-0.112317908693828	-0.375635791414607	-0.224252923783377	-0.182929001996907	-0.458044496541567	-0.190263762064136	-0.366446375875164	0.0175704924299657	-0.340505992258718	-0.1936936238781	-0.306270211268293	-0.149191768420551	-0.105007113335238	-0.131586669856448	-0.297018278789421	-0.324511876420204	-0.559891310825112
"KEGG_SULFUR_METABOLISM"	0.255567435795636	-0.503670515794656	0.530257120098822	-0.47056160389959	-0.205501822564263	0.0613552429909441	-0.203694871832369	-0.0957134423414466	0.0455655952831133	0.37735499489951	-0.251172608628908	-0.234899328455715	-0.114955500555666	0.157593008432136	0.21501497181336	0.0215588386120407	-0.312810330272943	0.285653787425271	0.108172608611025	0.0487706945082023	-0.298835741472024	-0.0379943124372772	-0.125317455374111	0.100847247099195	-0.050232321618377	0.143286474966206	0.0897508449871567	-0.479427725601413	0.142274166716929	-0.348082111367868	-0.344933102804171	-0.310997579432869	0.427360291973448	-0.527102435349218	-0.24012923229889	-0.388474319337057	-0.190456353336954	-0.237827940152786	-0.308185620079949	0.252210330551405	0.353367350422605	-0.151072954897893	0.571295578350927	-0.04194116237649	0.0401293823969205	0.317555900412354	0.364973359058912	-0.375354363699818	-0.207164006705164	0.488902705350384	0.389883630978577	-0.209433370766994	-0.198052788375209	-0.370621710739302	0.374125388532159	0.0654023982031712	-0.212673316970854	-0.456869636608267	-0.432759978554844	0.197588881034421	0.114513450114519	-0.287563047007312	0.50833521505466	0.286907696181197	0.113243313771531	0.199398210101899	-0.141234122146312	0.249044748114532	0.279390068733136	0.0406866452307247	-0.404134698616462	-0.31867178992914	-0.286768616415573	-0.288995486977338	-0.245235091333384	-0.119830327862148	0.249637300640567	-0.317952294422147	0.558412301257873	-0.173298578856079	-0.111428026685583	0.0488183740745351	0.401807375839181	-0.141615344920194	0.0352734414205134	-0.236341631417845	0.384910727085976	0.311286337658604	0.311828631078903	-0.136095701841991	0.715883493963365	-0.0796306074610298	0.536965004237381	0.522696923559123	0.1477142375194	0.119374634716606	0.257828923301874	0.126783738472957	0.0538600939019662	-0.307049826052797	-0.120229542970024	0.209170514349267	0.196593515944977	0.331169140977732	-0.335935652571302	0.240725344306772	-0.0432737401251564	-0.686188444628848	0.2584901564058	-0.434114725200636	0.0912607772532283	-0.292105827631823	-0.38541555918206	-0.0521586549029573	-0.457964222571485	-0.400536203234273	-0.4389442653991	-0.299144645364132	-0.108029346446029	0.181681849423147	-0.268413471727739	-0.238258300210458	-0.266708271044335	0.270811083079318	-0.12527387378383	-0.164705961086626	0.205920550530662	0.223407421586589	0.0798935650984988	0.127193006090973	-0.333787842567839	-0.510268265434491	-0.424511561630851
"KEGG_SYSTEMIC_LUPUS_ERYTHEMATOSUS"	-0.259085462881574	-0.474069440600109	-0.357364412386568	-0.463257003344993	-0.419643769008944	-0.0028000102767175	-0.482592858411397	-0.48506573201218	-0.448937275831324	-0.295381845638892	-0.15368261512529	-0.507672183524508	-0.581858822483613	-0.497287063803386	-0.3892495854477	-0.478643584033349	-0.281297142960371	-0.289260347792499	-0.463285628255593	-0.289496159708346	-0.474132828862041	-0.307583393272368	-0.512924185833963	-0.280573495082685	-0.243493700613272	-0.355164353960141	-0.427019675348272	-0.514136842734451	-0.219871936716356	-0.373659350096606	-0.172923959072078	-0.372192126613928	-0.202984422089511	-0.334538971580305	-0.279188530882058	-0.0941597376486734	-0.321883224660185	-0.529882484197401	-0.333407206042932	-0.524406129551338	-0.592986788834415	-0.11376011501338	-0.316204009936284	-0.298201185907825	-0.276288541994123	-0.371340190434098	-0.290228349622009	-0.404442086272061	-0.615203009538326	-0.20080325880947	-0.355795317945817	-0.387142392779516	-0.420029060684548	-0.36026123539882	-0.216412933340228	-0.100405148044193	-0.453808833795961	-0.298667044361336	-0.115057970153323	-0.375506560146784	-0.569481047637701	-0.406734273348144	-0.541116580803669	-0.24663689110227	-0.513803361733922	-0.370259252063617	-0.551690721265532	-0.188427080369933	-0.346100279771655	-0.357630300274235	-0.421590710592992	-0.652003647173298	-0.437244823251119	-0.116862333050652	-0.163305439947404	-0.399730087713613	-0.404256743881238	-0.158961023813486	-0.257573707981724	-0.479750116814269	-0.635050058564434	-0.644151298822086	-0.199015508017718	-0.426796009734315	-0.38151584309984	-0.510483327938175	-0.403869985456881	-0.406028564716232	0.00546453097712796	-0.50911122592602	-0.357364476462196	-0.506938899784482	-0.407601464666125	-0.60427792666318	-0.151261700073417	-0.264156832953945	0.0823896052893432	-0.465394985128868	-0.390698029262711	-0.43625595254911	-0.259650954556857	-0.270021252366083	-0.378402094508922	-0.250253706265053	-0.483041748990321	-0.675583986154811	-0.637384201492781	-0.258422369571967	-0.344902147192306	-0.407268789493296	-0.265317402865797	-0.525109397885746	-0.199923045767921	-0.228469909953123	-0.412910443892466	-0.0606617462874577	-0.406713893711356	-0.416707579101972	-0.615534767828219	-0.469299526082692	-0.517693512591233	-0.305329487528604	-0.555334382780764	-0.161081204592892	-0.316431895490068	-0.211927014125696	-0.569829736047867	-0.438602829026191	-0.546563556331022	-0.379719830635121	-0.57025404521697	-0.419900935337317	-0.3406819955133
"KEGG_T_CELL_RECEPTOR_SIGNALING_PATHWAY"	-0.155840474358825	-0.321904669218208	-0.261261905623447	-0.252151301324587	-0.068226530281414	0.130640207916638	-0.35779357471573	-0.262969569384293	-0.40371129693026	-0.410774897175552	-0.202606762946393	0.0543381012287344	-0.403322030429899	-0.327011763911804	-0.0734143027757984	-0.175285386506253	-0.23384622324673	-0.0224168040557136	-0.304533625472116	0.0144913837427539	-0.11734351887045	-0.128024139496982	-0.42546363450677	-0.234301415556382	0.225562747837774	-0.108756238367777	-0.304890158604185	-0.140620322722314	-0.0764122589812944	-0.0189160093534936	0.0786526756147071	-0.372902040104511	-0.0482114098561961	-0.0939046571406654	-0.0984202462835611	-0.183933187249608	-0.201328209010643	-0.272877331838911	-0.220748068730626	-0.373526816189169	-0.348364350230366	-0.215214835312843	-0.404786223722738	0.0122547518520967	-0.308059087865519	0.0140859634330744	0.0335349724493378	-0.170325308880259	-0.14974396675908	-0.00250807266099065	0.152155614239064	-0.213507564865233	-0.0576794658164821	-0.172027068563111	0.0581047481846552	0.283153696280592	-0.29385175878596	0.0951763930095253	0.0424532537007303	-0.35911875821829	-0.252139476907113	-0.0585702516776788	-0.0493088770483597	-0.0335854628099757	-0.0821601297352231	-0.31983620044649	-0.168811283422415	0.0277378578794771	-0.22041603905826	-0.223923558818786	-0.0820881221395347	-0.114344296401336	-0.00668344679170335	-0.00830870647902224	0.057769204063402	-0.0926610478725103	-0.240176438113208	0.256121076919155	-0.378787308169794	-0.225371044755323	-0.248592016795141	-0.327178758698921	0.188580009748747	-0.324903776479172	-0.040239139191513	-0.370018491542887	-0.265164265169469	-0.0656940735653533	0.0446443790074945	-0.234703866472046	-0.121498237718906	-0.312490057643459	-0.220505854114786	-0.204808559352293	-0.242118773808436	-0.102003694800321	-0.0416992363871308	-0.427817127930012	-0.0183027499316983	-0.354781848632502	-0.213668089867559	0.0540350283586261	0.201414434794905	-0.0183412240019814	-0.307288841002617	-0.168872398365823	-0.259272424700806	-0.106692676210718	0.0694271751689838	-0.0808317589582052	0.0933052617436497	-0.242820023204113	0.161252231448426	0.257750308524639	-0.352356511308243	0.0444006949664421	-0.173171163298598	0.0431643355422946	-0.226238872316543	-0.0867575184740481	-0.107074799795088	-0.3907086539377	-0.10804191715636	-0.131894713747653	0.160215934115904	-0.165967933736207	-0.22329289752402	-0.262150499032532	-0.392897385995956	-0.342026398750642	-0.0514816776058709	-0.192252470197053	0.226193953999185
"KEGG_TASTE_TRANSDUCTION"	-0.423171695690603	-0.364469770329349	-0.450249093871539	-0.386707910445888	-0.460763275572719	-0.403146408603479	-0.519138565058106	-0.408139623231563	-0.350759794881235	-0.465028254018678	-0.450310603444516	-0.312720144671635	-0.432969281451368	-0.373039438303477	-0.173601287606071	-0.324262750799564	-0.351556094447978	-0.362123651940625	-0.38082481966876	-0.413315405860319	-0.380133378642567	-0.362639832010134	-0.317837900990072	-0.312402242852577	-0.359966280521793	-0.464698122294038	-0.339575814555736	-0.492062482926804	-0.411255711219982	-0.467242783028211	-0.425950120312348	-0.387922499436585	-0.368680093238001	-0.282775329473023	-0.463231984086132	-0.542570421654946	-0.291652604517142	-0.455733155702825	-0.401830160443433	-0.311622193780754	-0.419413977073552	-0.489130951295498	-0.494745693517549	-0.423904516068663	-0.373041766429508	-0.214619763568879	-0.448550639926581	-0.347762152987533	-0.516155646501262	-0.286998149744033	-0.526357693142462	-0.439165299430995	-0.351753560714081	-0.452049400826052	-0.351580993695003	-0.469048372290086	-0.228874136173184	-0.522741360197819	-0.507803138890255	-0.339017495667892	-0.476341358572386	-0.452426353251012	-0.401383595127612	-0.470196107969666	-0.557467957462763	-0.437093314165403	-0.422257126156636	-0.425431589890662	-0.369161486771904	-0.436276476260977	-0.5380308924653	-0.339269644051252	-0.489912491074513	-0.499960691719843	-0.405907739278894	-0.556582915469352	-0.440939139998471	-0.294419899002901	-0.388478015949063	-0.436880153136887	-0.530210310750881	-0.492821446949534	-0.429830911134035	-0.36753130779959	-0.376615683757682	-0.423252255200805	-0.441797038044785	-0.470007570881125	-0.253966035551011	-0.346807231703849	-0.474726581078873	-0.348568328719543	-0.545709531732591	-0.433695604539245	-0.423462805519753	-0.515056449918055	-0.299976777326612	-0.391772091531479	-0.46771175009955	-0.372032797590494	-0.330060091390924	-0.38423949006245	-0.423828990854377	-0.291336373059946	-0.364953387083788	-0.222606510398673	-0.312139007101708	-0.417212025434617	-0.338999621028844	-0.57241776813185	-0.307317380134186	-0.368757510111891	-0.538196524887033	-0.37513040915385	-0.408594766762536	-0.361698339741899	-0.361085650842394	-0.525820456991515	-0.410475373229933	-0.331291775940697	-0.381547271039078	-0.358078812390307	-0.584630033724403	-0.426060488390147	-0.439013337527422	-0.43001422661341	-0.314332973339915	-0.426249937793546	-0.454279892322555	-0.487780855340972	-0.543407004391628	-0.408281579784074	-0.416525644649098
"KEGG_TAURINE_AND_HYPOTAURINE_METABOLISM"	-0.226900477758468	-0.383457856050376	-0.0144885008078295	-0.503207198282298	-0.623507959866134	-0.00147416644910631	-0.149668439467009	-0.451096313371289	-0.510690405314774	0.172225863326066	0.406691324223358	-0.303963578879856	0.32310505384913	0.334573809803107	0.441419520216656	-0.0452787189421703	0.0684291957344449	0.00717068366595067	-0.0444100747138725	-0.529146271020657	-0.560068246772896	-0.588129462155695	-0.0206010608670386	-0.340656486112113	-0.592528932270733	0.334055949479797	-0.195709331288653	-0.0496420255107405	0.340007806234856	0.254751317140134	-0.671138507794894	0.273556909095852	0.296541062580293	-0.112539228861504	-0.251518444641067	-0.299829891439241	-0.467186574871155	-0.0388007254779625	-0.0279451643385197	-0.286634382213819	0.0547806618275072	-0.234831149071099	0.158942210644238	0.243472378963568	0.0808723556567754	0.08322387182382	0.620434262997562	-0.145719245588033	-0.366634558162309	-0.563996343174473	-0.687546059057446	-0.638766233538192	-0.557943573297623	0.0802402361612091	0.00251398906633843	0.403328060228425	0.273270008192443	0.0288860516041808	-0.124436571837472	0.176811063945417	-0.282449860733155	-0.488916956919219	-0.0503157358773185	0.401159068088545	-0.395239336708711	0.350174366233625	-0.225442719226408	-0.0581923110464432	-0.096779445713054	-0.386163585912393	-0.221940598166129	0.304681228815937	-0.415723467747623	-0.488953411176114	-0.00802151553855104	-0.232945072572475	0.502666699992557	0.0636570539083532	0.468703257102444	0.0519876157720121	0.239570606497422	-0.334347710030383	0.021206507780562	0.216747218302834	-0.49240559157295	0.0873642547458752	0.118050425861755	0.4608254489266	-0.15653503062594	-0.311469455934521	0.338265527034155	-0.223050784944554	-0.596755323355609	0.514103568388685	0.382706083720438	-0.00380575929909177	0.133399873617483	0.255363679028414	-0.114790383539119	-0.23253193970509	-0.0755006339956162	0.425764693348176	0.155788472689732	0.341190288668737	-0.290419145803591	-0.334095519258467	-0.106763883536526	-0.61752486694495	-0.0820754406175719	-0.317640445794361	-0.276975395990755	-0.00434166000296241	-0.679009448385303	-0.451271912428291	-0.37017750010821	-0.0946868378134642	-0.204961509289407	-0.0997914259645361	-0.0123519937191972	0.322992143347382	-0.487551039181014	-0.0462073804664258	-0.328650408409759	0.313477155376355	-0.239594870465261	-0.50394776941295	-0.459264274068925	0.388432376425745	0.300386111782595	0.287213494139065	-0.429663860462199	-0.302451052983903	-0.639596637326481
"KEGG_TERPENOID_BACKBONE_BIOSYNTHESIS"	-0.118781802278161	-0.079261411992322	-0.247073346620999	0.280373532341101	0.0272567938993089	-0.195013958290716	0.448866884433937	-0.098636073799444	-0.488428475112642	0.462295370462759	-0.0974720732356295	0.125153331210104	0.26292343632634	-0.0413628524429636	-0.280500379890315	-0.614072860964842	-0.313603248812823	-0.341064351263263	-0.335811330405319	-0.169761306413878	-0.246540558778027	-0.00387890124864465	-0.0324547024249667	-0.2123852518653	-0.0438943376968466	-0.193501677642597	-0.535668575058072	-0.196421178586314	0.0984026206637049	0.0669616737971074	0.196721280069132	-0.0151715937067665	-0.00643478882538573	0.155005250423892	-0.20580243298815	-0.397159158927654	-0.409786915196248	-0.375237803453827	-0.47689832274329	0.308263164972775	-0.312417219487569	0.0395195173617817	-0.0623240312172431	-0.130103659657342	-0.0117963896428839	-0.32539899613207	-0.376516211018513	-0.178169008976083	0.392089207660896	-0.218706231348854	0.0846086466948879	0.353142912376446	0.069800730981297	0.093275192578588	-0.0963375912039032	-0.134222373055473	0.043876134599147	-0.159172473160623	0.258431136580826	-0.374489309673423	0.364430348330399	-0.189060134522873	0.425093087953817	-0.341941559259684	0.506935492297226	-0.154906770029468	0.181445152091255	-0.117462754191356	0.0954045079483608	0.269789906705451	0.513908036788163	-0.113872344202261	0.101628918539843	0.366675320388359	-0.523023964373458	0.291515027340705	0.190761126891378	-0.32398037892603	-0.0565760906135055	0.478343418469784	0.491335948383362	-0.109048323019642	-0.454297293754866	-0.141938626400421	-0.450654029753083	0.707812373264996	-0.213058332674223	-0.299060473267006	-0.333696186699777	0.00746662447959545	-0.00346664794134954	0.1521133583432	0.448481095433646	0.387288010681151	0.5183943459869	-0.196098773712037	-0.488819420064689	0.335798420537291	0.0502602001539421	-0.285495107964486	-0.21635774134739	-0.218801753531452	0.184284121288626	-0.330248842767698	-0.312321955414547	-0.34593159528075	0.179462990795311	-0.0991101665640641	-0.465944875222147	0.631414266071418	-0.22456183073704	0.338822975430522	-0.103295654232633	-0.09092863845735	-0.0711169470488672	0.364752118503949	-0.100998890978842	0.153362716952531	0.467020787916215	0.416926497248835	-0.272700449056117	0.216918347204382	-0.195952316596633	0.246695364433162	-0.124271416629756	0.0222498635130567	-0.407805423128341	-0.316452089691343	-0.212069334908277	-0.333023477093056	0.260113335001102	-0.388008601788662	-0.426307056952494
"KEGG_TGF_BETA_SIGNALING_PATHWAY"	-0.166992070784506	-0.320048038727208	-0.342474487136705	0.0551773720105683	-0.0050487173996078	-0.170120808236534	-0.0959094377879548	-0.338118977255231	-0.228921053876044	-0.272895668094933	-0.180313134697949	-0.232992097836291	-0.26061100434503	-0.113531151769338	-0.114937995450813	0.00811921618096778	0.0616293033914172	-0.300984559390223	-0.354071545574886	-0.120616677357666	0.169653719925324	-0.285339402362715	-0.346224018920292	-0.0285013942905601	-0.357453884613811	-0.196207588553197	-0.406015987210256	-0.0108431708759245	-0.0673639255960526	-0.026852917116044	-0.0863027772925551	-0.0848194845503135	-0.266538981483577	-0.120747489631345	-0.0676925006843795	0.0134671870700899	-0.185862978408048	-0.205219667104037	-0.222858903459466	-0.298429163851634	-0.0606308362865102	-0.0383937192316457	-0.378058884903311	-0.175509455293025	-0.0815689252522942	-0.354515514030065	-0.309720833595297	0.275201633562636	-0.28783962084154	-0.337795033279623	-0.222804427629991	0.022454161343082	0.0637392416712822	0.095461160825212	-0.342813977272572	-0.100257402426508	0.0324073992003733	-0.142808311040414	-0.00393379838912122	-0.0230130947435692	-0.229958156914925	-0.0521280121318679	-0.168011027839924	-0.147518378954582	0.0627657577004575	-0.119447812000248	-0.148739636290143	-0.342319647613081	0.0263709366774951	-0.221589691591205	-0.00589555451598694	-0.105109291211703	-0.232462828102492	-0.0955425993082841	-0.0955508685242164	-0.184360891892201	-0.34244869122499	0.27096412215708	-0.200012951898998	0.0858229149303727	0.145508374204331	-0.336498953781092	-0.270022372565544	0.0533293191594743	-0.148788189033249	-0.412212068167017	-0.270951398908326	-0.074124277057306	0.0283658669359174	0.020369475504959	-0.0554190352581103	-0.174036641934921	-0.179333539196844	-0.143731000141774	-0.0711055791819423	0.118306324145577	-0.258739723560052	-0.166751187957558	-0.0785771893603373	-0.145017599878956	-0.0564061038896808	0.0729155509865614	0.0886502772508918	0.12289123694415	-0.065619690401536	0.0272436878556165	-0.0526386328920113	0.124306040807546	0.0424993625484623	0.342681231926497	0.116245220258483	-0.0836239501907577	-0.132894145842505	-0.089848102916523	-0.35191653591657	0.0466711466566035	0.0186026046623549	-0.120110404053594	0.0936882747594699	-0.189040746967398	-0.236335535018967	-0.351099178255304	-0.0151019829783949	0.0385502880277708	0.225297570191763	0.00328666257409627	0.125959659967774	-0.385325873746917	-0.348818944459316	-0.300481946047907	0.0758526021731969	-0.0181515037216962	-0.183077369383474
"KEGG_THYROID_CANCER"	-0.159583591793333	-0.23744148901648	-0.127701933619514	0.0412963094101589	-0.0993846375004407	-0.29239306377978	-0.0830240600122275	-0.59759590355682	-0.408961221070502	-0.45234119921981	0.00472599332139823	-0.314372205520252	-0.277297047848396	-0.563562469730005	-0.516948000509392	-0.100309536093573	0.0010437395903326	-0.201911617654992	-0.541493272806029	-0.343239503763078	-0.216452437628747	-0.344928750975509	-0.323063005253918	-0.209522395308529	-0.351706781866971	-0.0326694231229628	-0.458864503174416	-0.0939831911609912	-0.32478567945468	-0.155374078348734	-0.346508117378643	-0.124427158159921	-0.445225574633443	-0.136900121719183	0.079811658561461	-0.243484372089703	-0.232978855828494	-0.272147600280944	-0.238358010230134	-0.604801905987524	-0.215830915283546	-0.338701551019072	-0.278476543694057	-0.346439474079913	-0.349389915613006	-0.341060269679725	-0.473082714860412	-0.0850812098738881	-0.0826791515577341	-0.237740696068367	-0.132008775860178	-0.00215212885787375	-0.292234935352477	-0.0134502389281382	-0.251068526125982	-0.121726015696564	0.0091148252022703	-0.374563008874301	0.0293531037812002	-0.332917962801988	-0.107479187456904	-0.101755353967622	-0.292279720962268	-0.271509153033134	-0.0210438043600158	-0.32506210601534	-0.0615081874035081	-0.125236219310808	-0.0398985283594402	-0.0458618079858867	-0.0496458698926107	-0.340340929081842	-0.0195743377333673	-0.119267866676731	-0.343783872960745	0.0167612603007975	-0.341115577867356	0.18685920328072	-0.0205509694732412	0.0435457688275738	-0.0283092543364671	-0.284745957397624	-0.234111096750228	-0.210116350753137	-0.32342079801672	-0.192761234033874	-0.388518387447459	-0.20936572779519	-0.0824164276078979	-0.121398996117455	-0.173403478879835	-0.0768085583751804	-0.0476888220492	-0.24094565887738	-0.386511526448974	0.139569820797296	-0.534703723832803	-0.218951300778725	0.0505000288532999	-0.217516617634674	-0.200341957904759	-0.11584605087425	-0.335421970575998	0.124564282010743	-0.398900085990879	0.0330454941326096	0.108478598774803	-0.0718241411819626	-0.348345984373039	0.147483667300598	-0.25781913874982	-0.363430062625818	0.230121739551285	-0.0616873168240422	-0.203205043988904	0.113329642165566	-0.431342985623601	0.155891267736525	0.0375723851111092	-0.150940977999432	-0.151207159919128	-0.386743084303332	-0.158279960986881	-0.391693558078307	-0.156831149410373	-0.130960684458134	-0.471251373345703	-0.41510828397073	-0.454686984459127	-0.17752540520167	0.0629820123684594	0.0236034244673542	-0.206661257568533
"KEGG_TIGHT_JUNCTION"	-0.107754405846761	-0.141979280152563	-0.214233439027028	-0.00670000986960295	-0.0626390111915219	-0.272703343047248	-0.182472676023732	-0.179394181173716	-0.0600791411837756	-0.250084130020154	-0.164421999681763	-0.251272093097336	-0.256538886117284	-0.129339064927377	-0.210440819396396	-0.182850214560784	-0.261466408794085	-0.0777088995174322	-0.303918024328533	-0.316961857427961	0.0576486476404084	-0.196216245701868	-0.251009349461854	-0.326258455137051	-0.241832297565614	-0.217544208977872	-0.256892378795415	-0.0225121959350862	-0.273734175238281	0.00958204488548306	-0.338463071220484	-0.121044736118656	-0.1324145638152	-0.17288771308927	0.0313059574636023	-0.307798993926845	-0.310990481545161	-0.142931088566061	-0.183890625141576	-0.159093165692668	0.0799905779082971	-0.102868092812498	-0.368861482208373	-0.347057136253552	-0.315224159425245	-0.294802304127347	-0.295514029891789	0.0176115898287353	-0.166292653113581	-0.119673355705959	-0.235215634208544	-0.222447333541789	-0.206100852025816	-0.130942216909206	-0.224508631670723	-0.0961676509115918	-0.0839462537874106	-0.127022612109416	-0.130130426204154	-0.264711291895427	-0.11643353997844	0.0478594838009042	-0.0267483964247686	-0.233015811929587	0.00286966156400192	-0.177995148994103	0.0399409815121622	-0.412406912477868	-0.215775683219537	-0.0981186730251351	-0.218193302733384	-0.0413748592921645	-0.0902970236820426	-0.261304093373106	-0.032003551183853	-0.053339217012415	0.0173154861689192	0.0624598154305115	-0.200435877598494	-0.0547156222519694	-0.0532887131018806	-0.149011163993373	-0.344619673866825	-0.0473010590430895	-0.187119021407123	-0.196813116377915	-0.106100281789207	-0.128521450437267	-0.200683024589642	-0.245153763242849	-0.050647210006572	-0.281265863204371	-0.0508400702421541	-0.20273966097909	-0.136448452763408	0.153136945863076	-0.102616517697687	-0.223884896274807	-0.19499648085636	-0.237242224900181	-0.246321567473033	-0.0653697555892582	-0.0689668547188524	-0.084033759769464	-0.149014351981456	0.0661372884494028	0.0135765670953401	-0.281543886444861	0.080283383542634	-0.0909750525722813	-0.235098905796908	-0.221094425834555	-0.049080779793186	-0.170152910959776	-0.274648962095646	-0.176187332251397	-0.113913125902474	-0.0631556399879348	-0.122869930783728	-0.31387417637503	-0.183415763702296	-0.158447442991384	-0.0246816081765197	-0.358263848649701	-0.0905274856783511	-0.120817942873931	-0.261784102023098	-0.25108500145012	-0.212414495325091	-0.26252273410185	-2.59987021955232e-05	-0.130466084089471	-0.352019107928834
"KEGG_TOLL_LIKE_RECEPTOR_SIGNALING_PATHWAY"	-0.035151553732793	-0.261464047951716	0.0382746950458037	-0.286163689798825	-0.0794005362657093	0.229717930271387	-0.21204693048225	-0.312864624530637	-0.280371213683788	-0.218467529865658	-0.222902203098437	0.135766893956716	-0.164859531803776	-0.29302159817878	-0.160714338697677	-0.276340333900061	0.0263078682889149	-0.180080264255503	-0.257494992846318	0.145834884497908	-0.330884920152599	-0.0513596197542895	-0.240735434528371	0.0380254913065967	0.207166728952545	-0.101626357406982	-0.172090014971866	-0.262591660262199	-0.03651743157759	-0.121572649586728	0.174957831249757	-0.176356853569512	-0.223624526011099	-0.114186317871824	-0.0160890521512378	0.165591932109929	-0.0495683384300197	-0.296098706275445	-0.106500438808451	-0.351585215220632	-0.264304582077799	-0.140985650348349	-0.184000170202981	-0.039966854193817	-0.21940598554716	-0.0769768516343974	0.0693994625406864	-0.345250772496283	0.104380143733311	0.0604219774744178	-0.00391834537517655	-0.00637425506204817	-0.0278483049032193	-0.121375316229722	0.110522060662797	0.00418090493969919	-0.293945648160509	-0.0748270108865853	0.0830990907675978	-0.327703912872111	-0.267580086448028	0.111959479114181	-0.102311574401192	-0.0776138001137553	-0.203016874466128	-0.282381693469373	-0.252343305297161	0.185712789112059	0.0392032268110449	-0.0659927322811933	-0.1349125808744	-0.24545790702262	-0.0100617302837634	0.196816368232616	-0.207814984994543	-0.15754664707879	-0.278288743936722	0.108413757674724	-0.366367618852045	0.116026839631243	-0.130732220978655	-0.120367834261048	0.196862573376496	-0.054115188744547	0.140080136915659	-0.341138979818198	-0.18551888082776	-0.171465111661255	-0.179947437368875	-0.182176468715762	-0.0215689045300815	-0.137787989868989	-0.154799977279196	-0.342071944414284	0.0177469847315942	-0.23046900199515	0.121816416423141	-0.0266627443748541	-0.00613943621027072	-0.143655233675256	-0.14964349364047	-0.122053066476116	-0.0932311477231334	-0.0380267907691087	-0.229905074804655	-0.164286713124924	-0.210215258641532	0.129867923071133	-0.121665461699494	0.0527110725727008	0.124806191013179	-0.0522575696078268	0.168359341006604	0.275430567421872	-0.249801185657944	0.286448398694447	-0.208019949571898	0.0571625841906663	-0.272371823022054	-0.296884954947946	-0.0679315735840075	-0.118341936504277	-0.126445665000784	0.143392861669975	0.134792511584959	-0.101457554638853	-0.258732415850345	0.0109252442024731	-0.182551908933685	-0.165138487525604	-0.176338420114527	-0.036435392664408	0.187853477047117
"KEGG_TRYPTOPHAN_METABOLISM"	0.270321778421761	0.077774057634287	0.189542929974032	-0.095440765386645	-0.198878375959668	-0.0690180066858851	0.29613276833557	-0.238074977949365	0.0892478817729556	0.00477500422381907	0.0654543152103969	0.264381780639135	0.0462047376209387	-0.305065759217879	-0.416720034943896	-0.370792238276465	-0.359247759395813	-0.330729436044127	-0.406228400736431	-0.467802658061742	-0.561736897890811	-0.0263136558184472	0.278256977183959	-0.185999874894735	-0.180672335600782	-0.0610784650750357	-0.0122095904734568	-0.267419472091122	-0.0833770760534568	-0.187275769579565	0.177582507683161	-0.176658332105803	-0.0207113771528987	0.283713974681695	0.0698355438997222	0.123784249946117	-0.525436840088753	-0.157837511019948	-0.00399667830411823	-0.0524344785359586	0.00136826039169777	-0.123549073218365	0.0263212062422621	-0.040603348521665	0.125842756660938	-0.237351901792551	-0.0461135023151935	-0.161098569778731	0.449368361049819	-0.175518525098968	-0.308394295567875	0.0967516127987681	-0.24739986360679	-0.0534337886536808	-0.262296350005052	-0.323515637111582	-0.055870320182588	0.305412295271908	-0.108407671928298	-0.171888063997998	0.13542782762527	0.289661673873919	0.0231919685735928	-0.223381031480696	-0.0587260540606031	-0.186304135226127	-0.21294428940397	0.0691700670887556	-0.272459894087926	0.323068374947026	-0.463759226010091	0.13208097510865	0.0752798684252996	0.0134054239851666	-0.264755337131027	0.377294283456522	0.382946012435974	0.404952779911693	0.0465611063114588	0.470083653505908	0.362260081317782	0.319161128762673	-0.33330792029658	0.165573030530519	-0.189340785948711	0.550619704463138	0.0673041989608566	-0.289338651663281	-0.0409484395759882	0.0977669801522758	0.105464679748797	0.149026662985766	-0.0124072216596917	0.047211048171996	0.252305752518964	0.0842597037346276	0.327987343300181	0.459090329938543	0.170318350177043	-0.119573598019913	-0.318920668924986	0.311169532476238	0.225808027741753	-0.142883026738167	-0.232020308609069	-0.274478447637898	0.128834755628782	-0.182919971957062	0.182526192147206	0.404182144558425	-0.381864174972001	0.0782157180920982	-0.301963570847714	0.33857116566772	-0.367758436803275	-0.242435909222005	-0.118873481020968	-0.122286788348656	0.226486890063385	0.0810477043549205	-0.451414344879327	0.289877748973848	-0.331796194788682	0.176708731632162	-0.0870120698938933	0.11375947707432	-0.41059497618385	0.330681684203349	-0.189855981216879	-0.137591776012013	0.0801774584424409	-0.121507832855664	-0.546778682673943
"KEGG_TYPE_I_DIABETES_MELLITUS"	-0.371680443234776	-0.647625348770703	-0.543433370657953	-0.510244934636751	-0.41414283495026	-0.181903152222281	-0.501598492287517	-0.459551002259898	-0.70537274815517	-0.302586929961633	-0.142467472540367	-0.291360218778379	-0.61135297299229	-0.472925174567091	-0.362850737770657	-0.480962997196875	-0.441566778004615	-0.361115516106189	-0.10390120065456	-0.356371196373184	-0.3494230622831	-0.497834976810958	-0.509744429579888	-0.101188587874177	-0.183507428015289	-0.500405554830971	-0.332038367717859	-0.364055538932589	-0.259838629280953	-0.391489769431414	-0.199514307514546	-0.540086381925626	-0.266192942157483	-0.353657861853455	-0.3435899512723	-0.179150777173305	-0.41357377403575	-0.469512481473832	-0.144341939338833	-0.600260094575179	-0.440816991469162	-0.302392495237987	-0.468376796271807	-0.0781426148222773	-0.250788491741856	-0.268478306531963	-0.307545555907579	-0.357075321247478	-0.662598379265864	-0.390624820530157	-0.31672965448402	-0.508662142135697	-0.400190034528699	-0.601960904085526	-0.2397609151397	0.049446392975141	-0.194105915708428	-0.504035224735507	-0.423458356894478	-0.292601870451918	-0.533108095983465	-0.450217882409818	-0.343229900341924	-0.330539297367428	-0.300233670320962	-0.490885540520288	-0.40783719202028	0.00429836501435027	-0.286870738363764	-0.582355674163851	-0.500048225338785	-0.473691245033633	-0.240509222794581	-0.379522198593166	-0.0389442352555918	-0.564184661210138	-0.508186162590442	-0.157143038623234	-0.393383908902985	-0.325974594865667	-0.671866136045869	-0.694450069248921	-0.212267608132894	-0.252640960028643	-0.304545302847083	-0.563695572456558	-0.459655371469822	-0.413194129509653	-0.384224153847143	-0.372585551331385	-0.256437786720579	-0.406814931021619	-0.389657580761099	-0.539125801633596	-0.32205597408149	-0.682220153503549	-0.0316527737639104	-0.613684407487344	-0.228050719810076	-0.483245630447861	-0.30715120469936	-0.233266179563342	-0.22692403862932	-0.082196236005429	-0.458725119117503	-0.515959312735762	-0.622870340606073	-0.410045435616487	-0.233361833036047	-0.211220347429807	-0.180971578760509	-0.403483439044998	-0.291790011461745	-0.270715031104221	-0.461986263626254	-0.0702157432463337	-0.377635301620876	-0.531249663881231	-0.664500449524537	-0.449923051718687	-0.404429294905711	-0.568811086196081	-0.594155527436147	-0.118626618804041	-0.312922113165916	-0.458642215031423	-0.460264232172561	-0.32046976420225	-0.489679470784455	-0.387614576829942	-0.448014720537277	-0.377919756727514	-0.28149294841887
"KEGG_TYPE_II_DIABETES_MELLITUS"	-0.0302177249098543	-0.118963602956114	-0.188026663717846	-0.279484163524013	-0.272939172661169	-0.0933322887146476	-0.229827957826199	-0.233905035305741	-0.333965693060925	-0.116267779439743	-0.188032569534588	-0.152572998171387	-0.165310365119727	-0.0390096855789059	-0.165700568648605	-0.0519355657840535	-0.0817179294080479	-0.0632697927654704	-0.346637478774546	-0.345316695006329	-0.364167232374153	-0.176375192751225	-0.24933327991874	-0.223695831585707	-0.21303810715072	-0.100896365004007	-0.142539017189447	-0.274026245422404	-0.215121043817924	-0.0933973198744956	-0.35689920512009	-0.267752945691558	-0.210062409658055	-0.167820905647952	-0.250404702318211	0.0778490376746021	-0.235671874273817	-0.237639940010145	-0.309235961514258	-0.439677167980143	-0.363714848140773	-0.0997744003933245	-0.206852338293801	0.0100170577548386	-0.186244434423793	-0.204501121023956	-0.229009073559366	0.0427233086796954	-0.30315876937512	-0.284218325474209	-0.29705167962904	-0.217024318454392	-0.382129943667199	-0.113564705707444	-0.219492554371444	0.0591325189493632	-0.0798629907283143	-0.132199928532695	-0.184272270735061	-0.29904963548561	-0.192066104442665	-0.0157040631025451	-0.188646598443954	-0.156260977107241	-0.115616594096829	-0.18232639465817	-0.1100010324007	-0.315153166026921	-0.0988812302685977	-0.15211022664862	-0.188214596800795	-0.23138291367772	-0.175679205944572	-0.226555152608823	-0.287932233164425	-0.304861769797832	-0.278322384909433	0.278828896702355	-0.394128853253836	-0.14350672847216	-0.168541587475401	-0.114035896299268	-0.168086091154352	-0.106389578719875	-0.256611702506401	-0.409812933849577	-0.166189292786038	-0.114701656894109	0.148303695621051	-0.125904929579718	-0.0407510392886544	-0.227485174698523	-0.386432261571605	-0.249277961272479	-0.175591870202675	-0.0765895911252705	-0.0332065433971979	-0.143020764938773	-0.096911284569843	-0.228687682119992	-0.0974463140392542	-0.0467056841992621	-0.0394694430813604	-0.136294074376949	-0.372215072139275	0.0273554461721383	-0.158747794265352	-0.134778140606726	-0.169502248660303	-0.219584781002232	-0.178475451355048	-0.156631753143032	-0.215531814194721	-0.102010959417888	-0.419305138456978	-0.0494473251246548	-0.102212377561347	-0.288776439777664	-0.108763701067152	-0.163685426645153	-0.383469577931372	-0.300499723386506	-0.14590077168841	-0.00931098156389881	-0.0544718476876426	-0.399877570294135	-0.143146706126034	-0.247522006946648	-0.251353278427895	-0.195710034843584	-0.036720447582542	-0.206284834366271	-0.317264348708803
"KEGG_TYROSINE_METABOLISM"	0.236733439779134	-0.188291284429714	0.00140857682370304	0.0253284628297688	-0.24661854164325	0.22992103365933	0.328427859384124	-0.263285941286317	-0.0503837985966128	0.112338659952761	-0.132853905676767	-0.227063027877727	0.0162102355414881	-0.226864283050748	-0.301323339365178	-0.0817710692952513	-0.159374767506894	-0.184342977350531	-0.149900527482151	-0.371684066531397	-0.292358560466722	-0.178145768501927	0.11725956528529	-0.0220683575257621	-0.352544753160697	0.188889615310194	0.0163049640651928	-0.149385831319097	-0.339322985885234	-0.0855736896898854	-0.0304007707540052	0.161855781417198	0.130223662187827	-0.023006033818684	0.0613990464194556	-0.186463580699841	-0.376118897564332	0.0449937354256487	-0.0457936225836014	-0.396486787642652	0.106730947752296	0.0182103540419128	0.0898686694950557	0.0140535582912607	-0.209406909451662	-0.239770227868243	-0.0404544856957982	0.0612450488069109	0.0126598863542266	-0.159942021682453	-0.251896131602629	-0.0226138939146947	0.0665707638116894	0.0253856668308055	-0.343567443073529	0.0885359333331024	-0.142699363411272	-0.00566708686662021	-0.084382935858123	-0.187616698543566	-0.193651841626914	-0.177226655095495	-0.0311097121874521	-0.00800313881234502	0.1399324615236	-0.0376085124209569	-0.142912081770129	-0.0570719606504162	-0.376194430151036	0.211156571164382	-0.045772662125117	0.0286832504746976	0.0226118533643145	-0.0156980417624634	-0.00349293535510437	0.0676012049100566	0.190940982743723	0.297459373226528	-0.259635745091825	0.151109509152121	0.121696670054571	0.139648327230435	-0.357542829427209	0.0155729235064724	-0.223653093597792	0.266580854441996	0.118017584260495	-0.22409595876641	0.0561598546725634	-0.111576085141986	0.00553559500994799	-0.0116634009896099	0.138247966509471	0.0863134345944908	0.135626819746161	0.0102099658160549	-0.197374082277625	0.379920297338738	-0.0899350481444341	-0.255297380664203	-0.0708005023348703	0.150563847783165	0.124596223590591	-0.0592851503359041	-0.209174288948766	-0.468818435697255	-0.209858493947513	-0.233697624691898	0.252975245012111	0.136409366013043	0.160447195981899	-0.202206307215081	-0.320945819249003	-0.18892135006815	-0.386897426793901	-0.147881973451481	-0.135245154987765	-0.152826635641598	0.216237492158592	0.188712725307546	-0.391621673027094	0.0746234884447093	-0.242814738354117	0.276758187002372	-0.182201622151129	-0.105120870207379	-0.259070399732478	0.0554881137803263	0.0183021161384875	0.0631295999458359	-0.0586854006195925	-0.0130255771175696	-0.541029305973485
"KEGG_UBIQUITIN_MEDIATED_PROTEOLYSIS"	-0.23483717818519	-0.365213702045403	-0.0876428635848044	-0.127255022667177	0.180953576127292	-0.0705437177389049	-0.31547334984311	-0.377516731464702	-0.0311534233211793	-0.335723582649737	-0.354586713551875	0.0218688749072601	-0.232288108963479	-0.254987686684087	-0.335504801228623	-0.179976748327459	-0.246247539891562	-0.252627547811769	-0.389184608605602	0.0870701923533636	0.00308848628238062	-0.0545028497148511	-0.265230851023929	-0.219460654167846	0.211832557035656	-0.277854969734783	0.061450249399592	-0.232857405343315	0.119198538477392	-0.20098185282861	0.0542889752384348	-0.175212344332028	-0.380686694225792	-0.113146136749888	0.145048008707343	-0.283663041396081	-0.0650896298813749	-0.159913608392072	-0.116322495863197	-0.205896882057608	0.0544881545564367	-0.12280225224431	-0.330657661568199	-0.313088452802137	-0.126300079100608	0.064230377532903	-0.366795406280815	-0.0508796320493546	0.127525083369847	0.0722704501309207	0.300574187260749	0.212035569050069	0.182814264885672	0.128623281704701	0.139770474572233	-0.159166235400749	-0.267442142446692	-0.0310033656869169	-0.136891003671151	-0.249371943634994	-0.19327541890555	0.181890438804899	0.0406260735666163	-0.282056172175452	0.161288820399621	-0.348806150345541	0.365584608141564	-0.0409104743590431	0.0717993609659369	0.0640942867409807	0.0831616809606969	0.0305330542922685	0.320570104528675	0.178349001224779	-0.0933207188557727	-0.00939245418186851	-0.412407420442628	-0.294705001674152	-0.2519411833353	0.199396220677543	0.338151982870452	-0.0163323649454208	-0.0949860553571239	-0.137852136797475	0.0962891325595002	0.0263386586968924	-0.251601192115048	-0.348201638957437	-0.235759788850419	0.0725252754810158	-0.240874385527131	0.0215497119219497	0.318210376996098	-0.293990386082009	-0.068327499465854	-0.111236955495375	-0.297808105504818	-0.254480974177319	-0.145795039401931	0.0729030623934545	-0.302976589593478	-0.30518858651234	-0.173477130511039	-0.191086327700159	0.0273081739351331	0.0238234914727471	-0.0769288528900476	0.321980020466853	-0.270606504529949	0.30709814976126	0.289786589388829	-0.0771141806006811	0.267680943559417	0.156900892112767	0.0643092116712924	0.301111187298464	0.0839300434712152	0.239988934040717	0.102045167813339	-0.0284039361065511	0.257789398703511	-0.194393430935796	0.238714861850169	0.298839383645288	0.311072107823435	0.273787160083266	-0.219050397977514	-0.436423127020368	-0.300802293271339	-0.459439040125377	-0.0207497594097369	-0.257014348931072	0.243495507989006
"KEGG_VALINE_LEUCINE_AND_ISOLEUCINE_BIOSYNTHESIS"	-0.638653505874458	-0.497224829417736	-0.502477374609965	-0.107236613334709	-0.442109773206249	-0.401156240016636	-0.0492817884091495	-0.422891961867154	-0.560491095219687	-0.558278404278338	-0.535683136172865	-0.467521649826966	-0.540833983713648	-0.723531368719844	-0.709457256083542	-0.579960102519125	-0.332324664590431	-0.605523851766253	-0.615214080157054	-0.492692537869815	-0.139428414808196	-0.52608245042865	-0.687532611045175	-0.664155066553684	-0.600194059427823	-0.125678831993104	-0.573406666351899	-0.574850898883402	0.0415677002720517	-0.785613912949908	-0.428858451703072	-0.5139412687215	-0.576217819841969	-0.734364732627945	-0.738063931952764	-0.711857140894665	-0.294710289168774	-0.289870977595749	0.154836922950262	-0.464880330260559	-0.460257155115246	-0.206828575648674	0.169728630152863	-0.536659778153592	-0.696911148707784	-0.578594835891916	-0.51632372627284	-0.620731317946782	-0.402292963241294	0.288811484855297	-0.43884007880968	-0.522095457368228	-0.705710029608887	-0.777860498361002	-0.628508573415889	-0.493805030804324	-0.378793738273998	-0.378070228346397	-0.672028730763232	-0.46057501301158	-0.414066018175142	-0.143481066817108	0.529274997616647	-0.512772675791864	-0.429757218083328	-0.501525689518629	-0.0937775229104383	0.38756860769692	-0.127205126697548	-0.241315303718319	-0.354856996392191	-0.582992516120945	-0.215299066477801	-0.205295916354047	-0.154196381102414	-0.275591934334022	-0.11539081103706	-0.477484571187324	-0.623968960662898	-0.155871683097193	-0.283580736535064	-0.246863229122322	-0.231093424578291	-0.525116477982594	-0.575689785321645	-0.391077374588827	-0.653055927501071	-0.627460677995279	-0.221836772956023	-0.203209537513415	-0.597228306988703	-0.518281970855129	-0.353531153195978	-0.731729657252339	-0.406816415727734	-0.247265234903724	-0.588702775545198	-0.368580963259718	-0.331474216631998	-0.676971486914963	-0.283415392224163	-0.404231251619889	-0.434374692056834	-0.26827187178571	-0.204232466390448	-0.517240014432725	-0.614640879615593	-0.551194336411603	-0.522553784287881	-0.0213877595685714	-0.599881049121483	-0.611745120659111	-0.424389512890593	-0.56310067182801	-0.225130758563157	-0.500456197092208	-0.278455376683416	-0.20837574928968	-0.327328465936725	-0.339540696932284	-0.299064099335625	-0.104098829058266	-0.0163134040542568	-0.207032594308274	-0.249572195319984	-0.6848630655128	-0.485751315979839	-0.418188381253161	-0.655010351335496	-0.429905547796745	-0.190801776106943	-0.202152041097692	-0.65317818640616
"KEGG_VALINE_LEUCINE_AND_ISOLEUCINE_DEGRADATION"	0.17821984912692	0.109853812958056	0.0476102229920991	0.437326613162192	-0.13231467507218	-0.195239806793105	0.47839375058479	-0.200047317614976	0.350957825962363	-0.28879908894689	-0.302938183302267	0.279625776461794	0.118271238226615	-0.502282621638024	-0.617594066682184	-0.547930912788114	-0.526257773276384	-0.564045672371884	-0.606664517572675	-0.513634260485472	-0.587765887625512	0.180550116557604	0.207157381619135	-0.464844436849851	-0.160921592265267	-0.239403983793028	-0.253776111774781	-0.310981249965006	-0.088535966739033	-0.454115419436241	0.213124459630102	0.0364806169322804	-0.322542307495212	0.078073663169155	0.237418074258673	-0.332200374174805	-0.619668961083468	-0.186442309865372	-0.137670116550471	-0.458134103415209	0.155112065399937	-0.163579834618689	-0.302834372174907	-0.389113514070703	-0.120811133826826	-0.462076019928854	-0.354653839910712	-0.123844319445314	0.598325233716565	0.0678759478313382	-0.318160737064502	0.153773118489619	-0.334671152960281	-0.0155623736995121	-0.382991654384692	-0.398494341736356	-0.174562142773321	0.392018649624046	-0.314168845386351	-0.409812607632965	-0.186942295147338	0.450300015453895	0.00888765942900344	-0.436505200464436	0.166546022902093	-0.240871911746518	0.361574214149572	-0.290579625311302	-0.355756623751805	0.541797198385967	-0.2588887846622	0.282329769518885	0.2668029958354	0.131498062139733	-0.300517422259302	0.502360444751744	0.319914490153074	0.159234937689643	-0.314709136643283	0.542291595911167	0.576719484416686	0.455481900256604	-0.433953748362106	0.158685465835266	-0.439233847690195	0.517772928718175	-0.270059445272044	-0.383670780217759	-0.390759161033763	0.168509714186968	-0.106165485919106	0.379939769675819	0.153977556100394	-0.0599564958538673	0.084307069149594	-0.106288160090737	0.103179995803422	0.587970790997279	0.165485257397134	-0.442059611654907	-0.423645521968608	0.181900175683256	0.128166083110207	-0.290274059995623	-0.392696676212185	-0.492151679856873	0.1309137523677	-0.121546098870907	0.295625721218317	0.623620062341967	-0.375556394597821	0.162530185114843	0.0829832575470564	0.0481816728893055	-0.347929011192086	-0.184155744149842	-0.338994739104172	-0.0410109232294188	0.480856785786839	-0.0353855024620451	-0.444092968091446	0.503214756920664	0.0492477607090688	0.229788072615958	0.171924342333109	-0.031867833017965	-0.465571637104301	0.130694852642674	-0.307351741228706	-0.270014563021562	0.430575684538616	-0.234364905565679	-0.588101182786154
"KEGG_VASCULAR_SMOOTH_MUSCLE_CONTRACTION"	-0.249015645376473	0.183676945138404	-0.0553276054530227	0.182514016364159	0.103406940288102	-0.134548430902377	-0.30272790348202	-0.306368372796968	0.163242035844463	-0.188732917778038	0.187022222458003	-0.0682093096516121	-0.0443823702996156	0.134028871925374	-0.0916820011287459	0.0503737393074284	0.0835807500328963	0.0489741238914318	-0.0397164372813631	-0.212178370672662	-0.19169584654693	-0.110631023304667	-0.180633421605685	0.000692305464263271	-0.102081366380984	-0.0609198669073208	-0.164134099086816	0.0940475992277964	0.0664873821436602	0.188098283154393	-0.245231726904275	0.131561596886058	-0.207474977694568	0.108782064494328	0.0175574662785717	-0.0238731203653125	0.0299261332771142	0.0234042188412617	-0.130008546709595	-0.112115797468934	-0.387255783323462	0.0860717539650514	-0.362113580860401	-0.263645867011257	-0.0762558887351535	-0.116499637332035	-0.0305830648249874	0.345223101479922	-0.222977490745283	-0.176761364883447	-0.300327718646881	-0.230065682726993	-0.0821287538655045	0.234837889415544	-0.26958994948611	0.161489390621213	0.0381422334241521	0.0852681073711819	0.037659856486179	0.0348842510666769	0.149304236217735	0.0385090280070185	-0.30409369193733	0.0668781697707727	-0.0240178627266901	-0.0516178898423541	-0.0372093054965621	-0.389101892634181	0.196991159919493	-0.0292957208287645	-0.0709834448130889	-0.152135882331337	-0.281556352683307	-0.151594652618538	-0.0153391135477152	-0.0260742330255218	0.0401075522844677	0.250260088266448	-0.145024503337719	-0.109902942726074	-0.0732832932189079	0.0444602967122219	-0.0144223965235325	-0.118985064556186	-0.0759140038728756	-0.294860178055641	-0.0631772373174752	0.08793548635693	0.249148468897816	-0.103247993065348	-0.114986409896805	-0.243028401139551	-0.209480174256916	-0.0116684276082067	-0.105749128134568	-0.0104295488574609	-0.13692663457724	-0.0999219688455144	-0.155032529513964	-0.00396155568071632	0.0557905497027973	0.0629415013579719	0.140687737314557	0.20213144853465	-0.155838838891381	0.130373789601896	0.0568485478444299	-0.0630612066154639	0.158283707141036	-0.0145057365342974	-0.140257736642479	0.105219954353001	0.00518319236154122	0.134915599167297	-0.347889272034262	-0.11407289349271	-0.113538776805487	-0.0302354269401041	0.193386607103595	0.0380222961898922	-0.437812328160182	-0.307691943702248	-0.0937400381635336	-0.205628411413592	0.291433777888552	0.0296911742529608	-0.0449327725948736	0.037248230731904	-0.283846687790458	-0.175345318977194	-0.054387285987305	0.180504457651693	-0.126882194950032
"KEGG_VASOPRESSIN_REGULATED_WATER_REABSORPTION"	-0.260442093851167	0.109193612202281	-0.00463723993255827	0.221799658372398	0.117775378590508	-0.118642969949077	-0.256048881141772	-0.517443769414885	-0.235616301789705	-0.209149629323469	0.14548659950073	-0.0829175514344597	-0.19706719192242	-0.258005396134676	-0.315919473065984	-0.105637360254718	-0.308591555315478	-0.373313356995481	-0.374513121484313	-0.218688362466003	0.0604965435865182	-0.128114133183375	-0.185611009291289	-0.281029376249018	-0.30697178740194	-0.0815335769110969	-0.255747841397456	0.10026391210053	-0.325186569322874	-0.125140034882334	-0.292736207144855	0.206229443738001	-0.53632595889893	0.221305857299675	0.0418155043047526	0.0123441445552874	-0.385886280662956	0.0192615312860848	-0.0856755858794084	-0.294322777673526	-0.109503143557342	0.0808295723354304	-0.40460776683679	-0.415660115074527	-0.25296744477867	-0.0690470566168879	-0.223601558891638	0.020395987959169	0.187888204030761	0.0537802001452564	0.0802271840158769	-0.062239655072911	0.0048702062313323	-0.0187214300561679	-0.278502827234274	-0.189435442900336	0.0889182666946139	-0.160437866892404	-0.109130984828932	-0.386316147673671	-0.199779409222578	0.244660371919769	-0.0725419269188897	-0.136049343580163	-0.0980324968597052	-0.0249147171285634	0.133859277420397	-0.266793511951991	0.134302655739943	0.119951254309312	-0.0938709333677707	-0.105462374049118	0.1160086026383	0.0991802291671344	-0.0820736743457735	0.275858618404285	-0.274218975524289	-0.180218749623846	-0.334540419875225	0.318386912289378	0.386994160768217	-0.132138458958709	-0.21607017332767	-0.0197921781590915	-0.185355826430143	0.142997687998894	-0.458495596306829	-0.13629294988786	0.0160623562471387	0.228621168594224	0.104212505310164	-0.159031666889138	0.0398608692275137	-0.277030350279946	-0.0372930172454465	0.0224462722856241	-0.336092860459961	0.209621920539227	-0.0901843923452191	-0.256922693501177	-0.262879371439632	-0.325154455144554	-0.202333361708003	0.0779115109008157	-0.325527834607159	0.0399337160633013	0.0591229844065171	0.0414569567366977	-0.177077386384599	0.386162107315512	-0.121803020010379	-0.285185710318257	0.11566833449898	0.1042820688263	0.104225130455149	0.175186868502842	-0.319527068963094	0.0356104629421332	0.397223479633391	0.0134199626996354	-0.31708262846525	-0.0248920035116971	0.217814041440579	0.257886394620851	0.0452634631171622	0.247810120754902	-0.444816093344363	-0.107562729537835	-0.27089442870348	-0.420860879705702	0.377481919063234	0.329393033107642	-0.211482816794882
"KEGG_VEGF_SIGNALING_PATHWAY"	-0.032514300089079	-0.247008511525593	0.0588697393439271	-0.0381629495512169	0.166279337186292	0.0229917629387328	-0.244209536754309	-0.225673307315316	-0.0748876094364349	-0.176701639383552	-0.0264343452788617	0.0538129998338971	-0.106563280088866	-0.168736348986217	-0.0108318543134513	-0.0748169996030756	-0.0903877811572278	0.0837955546164774	-0.206187581200357	0.155435919517828	-0.220687465314867	-0.156239721133238	-0.233533709962417	-0.0926160364413474	0.0089292887301215	-0.117399854424453	-0.236144266458224	8.38075281094086e-05	-0.101003216663329	0.0642444531183324	-0.0821131225690556	-0.0317296040208319	-0.050262739342698	-0.181794002965072	-0.159150868165728	0.0792191471981939	0.0447760701219418	-0.214932549922731	-0.112995115551032	-0.194535121789209	-0.041210431753253	-0.00989312979719628	-0.305983102803901	0.0486948813523941	-0.18669831091572	0.0550624190489464	-0.0590659385484363	0.0632772433581255	-0.118217769186284	0.0539041429378979	0.0404656033427453	-0.173928634063537	-0.0300278217691111	-0.00159422699675818	-0.030604792716408	0.279326052756505	-0.198931406426414	-0.0199881652482085	0.106036197676288	-0.0335058695273886	0.00470520545823247	-0.03310797047851	-0.200108535910504	0.0394633531250788	0.062085086732573	-0.112293451103491	-0.084308713150525	-0.177190806585019	0.220564214753837	-0.0469490002755291	0.142265821004371	-0.101967567893793	-0.00918034527237419	-0.0562953864813827	-0.0895670898409743	-0.0206618483000817	-0.128252186365995	0.107670536339996	-0.370536897765701	-0.0797115926025202	-0.0700888745610203	-0.00826843488293769	0.165410770446043	-0.250847820638276	-0.133573884971864	-0.21710320727979	-0.127905619924394	-0.0593333799376361	0.0481495369120395	-0.119049426394998	0.0722758199778065	-0.28206602570464	-0.10050722972244	-0.134465741300862	-0.197205218673802	-0.0720367583905879	-0.131172051107475	-0.140451952691644	-0.145667541462126	-0.194922252269461	-0.18662022105979	0.0710297837514988	0.156496873682885	-0.0362461523563859	-0.212219945281059	-0.0310636616789723	-0.0812064900266104	-0.0883630461623586	0.0437624798849436	-0.0384154379736848	-0.0657300288853181	-0.0452197949487674	0.115933942061569	0.207596632268924	-0.372072856720327	0.102541708661664	-0.241582198844856	0.117409908773873	-0.142999661879351	-0.222042229668539	-0.129673399286065	-0.263416723355499	-0.0535379935580714	-0.0178931769325912	0.228650693525582	-0.130412157224	-0.110502939834475	-0.0628554656997964	-0.180630790813106	-0.16817335281663	0.0244822705738239	-0.161289682039691	0.158184599606565
"KEGG_VIBRIO_CHOLERAE_INFECTION"	-0.334637915120077	-0.27639494312637	0.0340957895467411	-0.239377193879747	-0.174913115425734	-0.0688111990455174	-0.239653497948377	-0.515223344032118	-0.383510272545146	-0.232406342205561	-0.159600544051772	-0.221835190367013	-0.419942340484665	-0.48275631452879	-0.422986949987303	-0.42546995027235	-0.247074039856209	-0.30480213932776	-0.465038207636571	-0.0358613592806516	-0.143622363045371	-0.304533450625588	-0.427457580384179	-0.218937258899331	-0.132735107508702	-0.0297870178102195	-0.288056540696	-0.348561340644867	-0.373755700865506	-0.372987304081383	-0.312906063899567	-0.0653098472776315	-0.329937153549835	-0.394480925376056	-0.261793334632163	-0.0607211487926085	-0.273975387103868	-0.466190023820123	-0.230910992888894	-0.530412523875925	-0.154243463774812	-0.215022990464491	-0.326102701077238	-0.373205169084177	-0.405813264196016	-0.106406205946519	-0.266744471570831	-0.296742380509031	-0.167627988625588	0.33851796801215	-0.0870375745775667	-0.270871816360012	-0.0514363716997963	-0.121719575822129	-0.196342103943767	-0.181206440329408	-0.219141361956247	-0.316983585539424	-0.193823714371414	-0.404540327425902	-0.572216124842138	-0.469779528404619	-0.0860288437018655	-0.147560126428411	-0.301974645480069	-0.366608234678335	0.152363959071619	-0.384109153668496	0.0615843613068565	-0.108601863861768	0.233010168106185	-0.126776249359855	-0.106537688812787	0.00423738214983482	0.0375723040018463	-0.141977599247562	-0.189208371186881	0.00578764728864808	-0.181675778847169	-0.261730513401837	-0.199212777511742	-0.241329707482624	0.104033489222541	-0.137986712796383	-0.362600905536343	0.116503740582429	-0.547695375689257	-0.173006547573162	-0.0920049396379261	-0.401149353616224	-0.147801321826266	-0.378134292795235	0.213309905784236	-0.24804449761112	-0.178478221705869	0.0538543296334042	-0.184397059045824	-0.311175763619445	-0.171066242152007	-0.459211331539771	-0.495333764573835	0.025017723013646	-0.173169704576554	-0.102769620135369	-0.526558233951941	-0.47053840054155	-0.246722909879366	0.123867348115283	-0.0859830008852416	0.194446123090033	-0.144776008313944	-0.475428649088225	-0.239114869901228	-0.137966220958831	-0.196436294595971	0.19670338387902	-0.525347330276177	0.0400115265684788	0.0146291648770125	-0.0742986363177883	-0.193323704748529	0.280661098923875	-0.291649175040639	0.293634941166407	-0.194525739715054	-0.0143700312884184	-0.497552816768902	-0.267501477226494	-0.471506890126909	-0.397413721449623	-0.177278795026952	-0.353423863374314	-0.248771684537024
"KEGG_VIRAL_MYOCARDITIS"	0.112435962232188	-0.158733342249166	0.0260890247410422	-0.0303868317620962	0.258052465499886	0.0477970062844488	-0.348627162049431	-0.34381176231565	-0.283793320747473	-0.291896515380419	0.18656768365079	-0.244373187076214	-0.362198850472973	-0.164633310617768	-0.105200129138991	-0.0290014362423427	0.0777762932964887	0.0422241352905766	-0.0468223361348015	-0.0834514231020011	0.316534721794081	0.0245640573940569	-0.282887867461103	-0.00773325381639273	0.181104273621313	0.114865141442567	-0.202486710756737	0.0119689618412732	-0.0599730749672957	0.301932888951505	0.0807468879288837	0.122053530818708	-0.235289874648562	-0.0669820874135043	-0.031058815477042	0.0369073025595849	0.0302558211889948	-0.0450092557937895	0.0776625314419033	-0.366427746237049	0.0271199164504823	0.093285108936976	-0.204002517980933	0.0779950808070735	-0.299927484326453	-0.072090934170773	0.029326757748978	0.0866033046639464	-0.200869103455182	-0.126472232266657	0.105236520264523	-0.323565774241585	0.0497924420279544	0.0368296124375521	0.114922029669176	0.36323047288246	-0.255915127969243	0.00918374724910595	0.133059388801705	-0.062700139180927	-0.0240081955149574	-0.231740066015081	-0.313337663484381	0.206497582226549	0.13397849587449	-0.272467812200463	-0.0341192149454864	-0.176996492655593	0.190952128224855	-0.123522535534903	0.24547830408203	-0.373711767807342	0.014305720012292	-0.0516740277515061	0.218819869659672	0.0949607843679049	0.12500162279758	0.274688641286977	-0.145903026210113	-0.196942589236755	-0.104733722172514	-0.231008863731373	0.221229461560491	0.031341869310106	0.0928330267497413	-0.124744305323142	-0.126050246370732	-0.112612079222097	0.209235664807255	-0.356678207637579	-0.0124844972334258	-0.313421635623046	-0.367100865958623	-0.075336479312208	0.0344963053087791	0.00867562331084787	0.00629405799075339	-0.383909198248607	-0.28984827119144	-0.0793604017580351	-0.143917862048362	-0.0297320147191269	0.141078132640175	0.211343418067844	-0.0533653391997034	0.0249763420084873	-0.0525889260525347	0.0458625063779884	0.189469459676936	-0.045211985952715	0.070607333734122	-0.362155245383891	-0.0471604879128868	0.370358056644432	-0.0983357016456684	0.164092194415186	0.0263626806787355	-0.0351946805070835	-0.157949893400905	0.148224476525962	-0.337276091143469	-0.342458923487872	0.033140120091994	-0.272381905572267	0.205648663166507	0.0512580373738864	-0.219943572067504	-0.257419266333475	-0.346667274847282	0.102589171989792	-0.149095094479537	-0.0827200498775256	0.158323143318768
"KEGG_WNT_SIGNALING_PATHWAY"	-0.211111059504824	-0.089603912636384	-0.127298455308253	0.0675333416114854	-0.0741005866522726	-0.0209793387847669	-0.236033882191261	-0.11742254526123	-0.127065723695581	-0.282463702086793	-0.109438590707965	-0.259786902243622	-0.28090682447278	-0.200128154360458	-0.131830488218091	0.00594101148682868	-0.0868027397346074	-0.0307131721915783	-0.266762771597081	-0.0113382415298599	0.0814272533256051	-0.35155354197966	-0.217329173377173	-0.0552133369952867	-0.124723901516536	-0.163146026472025	-0.160291561694026	0.0214378450705286	-0.135084802277497	0.0428298278437783	-0.0704230924260954	0.0110180112708877	-0.134800564359143	-0.016745180179996	0.0143996828704636	-0.262580398007811	-0.25936479698063	-0.20299773024474	-0.0986346556494574	-0.258688635845268	-0.0557779541145405	-0.0722984535686327	-0.284727470041304	-0.0111594708484622	-0.258269596869237	-0.261753852847289	-0.121603248745176	0.190035007404016	-0.284715475609415	-0.207884519419442	-0.21097206243193	-0.138508133982605	-0.0706611884793808	0.0849149382177885	-0.250379362510016	-0.117213970381535	-0.0148404826678478	-0.151505580085492	-0.0918534166719823	-0.0183443500705226	-0.106748144676027	-0.0450627478545961	-0.242645058058162	-0.152490655578913	0.107237326117908	-0.178696331641141	-0.03575981084805	-0.204733016651472	-0.0304365061078807	-0.165298109512732	0.020387155257516	-0.0412788760150216	-0.133532000805027	-0.170060608185255	-0.0765643207599329	-0.115399279697274	-0.109137443012375	0.206957706698156	-0.227201375054459	-0.0131689265902159	0.0110373064844637	-0.220061244888083	-0.158539272301999	-0.127233603499728	0.0583067144839105	-0.194015686523857	-0.336268154948679	-0.0942725652618335	0.031916900139037	-0.144596423179841	-0.0692036494758127	-0.154129256588037	-0.0497432158257451	-0.0963089760623922	-0.0849586673230085	0.0544745440236986	-0.228068315239501	-0.191651170208725	-0.291674236215491	-0.184433158242503	-0.114418030607555	0.0149837344866053	0.0278363052932937	0.128899716693463	-0.117983271200932	-0.0609579387223815	-0.0228290942685846	-0.00761926264624502	0.123045950032259	-0.0954205515502017	0.0562748045239817	-0.193195054266708	-0.131828007597121	-0.0338987575120664	-0.104840656880315	0.111267172440293	-0.185179658758145	-0.0480808371485579	0.0745418831923492	-0.171248145592861	-0.0349650889018567	-0.176984911723911	0.0103671940136721	-0.185250293121474	0.131001855121576	-0.0622565258201489	-0.0377238180070442	-0.188398519752118	-0.33500181826335	-0.214856557303603	0.135474908432322	-0.0672596420590092	-0.00911236075385263
